0.05,2.3604
0.1,2.3546
0.15,2.3592
0.2,2.36
0.25,2.3592
0.3,2.3625
0.35,2.3483
0.4,2.3467
0.45,2.3517
0.5,2.3396
0.55,2.3404
0.6,2.3462
0.65,2.3413
0.7,2.3396
0.75,2.3363
0.8,2.3254
0.85,2.3292
0.9,2.3254
0.95,2.3262
1,2.3308
1.05,2.3321
1.1,2.3292
1.15,2.3346
1.2,2.3196
1.25,2.3154
1.3,2.3175
1.35,2.3117
1.4,2.3129
1.45,2.3138
1.5,2.31
1.55,2.3067
1.6,2.2933
1.65,2.2858
1.7,2.2842
1.75,2.2846
1.8,2.2829
1.85,2.2904
1.9,2.2883
1.95,2.2871
2,2.2775
2.05,2.2721
2.1,2.2658
2.15,2.2717
2.2,2.2738
2.25,2.2738
2.3,2.2733
2.35,2.2683
2.4,2.27
2.45,2.2496
2.5,2.2417
2.55,2.2388
2.6,2.2467
2.65,2.2404
2.7,2.2388
2.75,2.2408
2.8,2.2408
2.85,2.2229
2.9,2.2217
2.95,2.2154
3,2.2263
3.05,2.2267
3.1,2.2208
3.15,2.2283
3.2,2.2296
3.25,2.2054
3.3,2.2054
3.35,2.2008
3.4,2.1996
3.45,2.2054
3.5,2.1967
3.55,2.195
3.6,2.2021
3.65,2.1779
3.7,2.1729
3.75,2.1746
3.8,2.1692
3.85,2.1771
3.9,2.1775
3.95,2.1721
4,2.1796
4.05,2.1658
4.1,2.1554
4.15,2.1638
4.2,2.1633
4.25,2.1604
4.3,2.1625
4.35,2.1542
4.4,2.1562
4.45,2.1463
4.5,2.1304
4.55,2.1308
4.6,2.1367
4.65,2.1288
4.7,2.1304
4.75,2.1321
4.8,2.1288
4.85,2.1325
4.9,2.1096
4.95,2.1058
5,2.1133
5.05,2.1133
5.1,2.1133
5.15,2.1158
5.2,2.1192
5.25,2.1175
5.3,2.0996
5.35,2.0908
5.4,2.0925
5.45,2.0962
5.5,2.0846
5.55,2.0838
5.6,2.0896
5.65,2.0842
5.7,2.0621
5.75,2.0629
5.8,2.0604
5.85,2.0671
5.9,2.0663
5.95,2.0621
6,2.0688
6.05,2.0713
6.1,2.0575
6.15,2.0508
6.2,2.0537
6.25,2.0513
6.3,2.05
6.35,2.0467
6.4,2.05
6.45,2.0517
6.5,2.0346
6.55,2.0229
6.6,2.0258
6.65,2.02
6.7,2.02
6.75,2.0192
6.8,2.0192
6.85,2.0238
6.9,2.0242
6.95,2.0021
7,2.0067
7.05,2.0092
7.1,2.0071
7.15,2.0096
7.2,2.0129
7.25,2.0117
7.3,2.0088
7.35,1.9883
7.4,1.985
7.45,1.9896
7.5,1.9846
7.55,1.9817
7.6,1.9858
7.65,1.9821
7.7,1.9796
7.75,1.9608
7.8,1.96
7.85,1.9617
7.9,1.9621
7.95,1.9579
8,1.9671
8.05,1.9688
8.1,1.9642
8.15,1.97
8.2,1.9525
8.25,1.95
8.3,1.9521
8.35,1.9446
8.4,1.9458
8.45,1.9508
8.5,1.94
8.55,1.9446
8.6,1.9267
8.65,1.9208
8.7,1.9217
8.75,1.9229
8.8,1.9188
8.85,1.9254
8.9,1.9217
8.95,1.9129
9,1.9104
9.05,1.9125
9.1,1.9038
9.15,1.9129
9.2,1.9158
9.25,1.9125
9.3,1.9142
9.35,1.9079
9.4,1.8929
9.45,1.8933
9.5,1.885
9.55,1.8833
9.6,1.8908
9.65,1.8808
9.7,1.8846
9.75,1.8842
9.8,1.8704
9.85,1.8683
9.9,1.8675
9.95,1.8642
10,1.8692
10.05,1.8696
10.1,1.8721
10.15,1.8754
10.2,1.8613
10.25,1.8563
10.3,1.86
10.35,1.8525
10.4,1.85
10.45,1.8617
10.5,1.8538
10.55,1.8513
10.6,1.8517
10.65,1.8288
10.7,1.8283
10.75,1.8313
10.8,1.8271
10.85,1.8304
10.9,1.8313
10.95,1.8258
11,1.8342
11.05,1.8196
11.1,1.8142
11.15,1.8175
11.2,1.8233
11.25,1.8213
11.3,1.8229
11.35,1.8158
11.4,1.8183
11.45,1.7996
11.5,1.7946
11.55,1.7917
11.6,1.7979
11.65,1.7921
11.7,1.79
11.75,1.7933
11.8,1.7925
11.85,1.7867
11.9,1.7767
11.95,1.7738
12,1.78
12.05,1.7804
12.1,1.7758
12.15,1.78
12.2,1.7858
12.25,1.7679
12.3,1.7671
12.35,1.7608
12.4,1.7621
12.45,1.765
12.5,1.7563
12.55,1.7542
12.6,1.76
12.65,1.7396
12.7,1.7354
12.75,1.7367
12.8,1.7346
12.85,1.74
12.9,1.7396
12.95,1.735
13,1.745
13.05,1.7475
13.1,1.7258
13.15,1.7296
13.2,1.7296
13.25,1.7283
13.3,1.7313
13.35,1.7233
13.4,1.7246
13.45,1.73
13.5,1.7038
13.55,1.7033
13.6,1.7096
13.65,1.7033
13.7,1.7004
13.75,1.7046
13.8,1.6983
13.85,1.7054
13.9,1.6883
13.95,1.6846
14,1.6904
14.05,1.6942
14.1,1.6888
14.15,1.6971
14.2,1.6983
14.25,1.6942
14.3,1.6925
14.35,1.6746
14.4,1.6742
14.45,1.6783
14.5,1.6704
14.55,1.6704
14.6,1.6763
14.65,1.67
14.7,1.6654
14.75,1.6575
14.8,1.6533
14.85,1.6562
14.9,1.6554
14.95,1.6508
15,1.6588
15.05,1.6621
15.1,1.6538
15.15,1.6504
15.2,1.6496
15.25,1.6471
15.3,1.6488
15.35,1.6408
15.4,1.6429
15.45,1.6504
15.5,1.6367
15.55,1.6217
15.6,1.6258
15.65,1.6217
15.7,1.6183
15.75,1.62
15.8,1.62
15.85,1.6229
15.9,1.6225
15.95,1.6033
16,1.6121
16.05,1.6117
16.1,1.6092
16.15,1.6125
16.2,1.6158
16.25,1.6158
16.3,1.6146
16.35,1.6129
16.4,1.5967
16.45,1.5988
16.5,1.5913
16.55,1.59
16.6,1.5933
16.65,1.59
16.7,1.5875
16.75,1.5867
16.8,1.5717
16.85,1.5783
16.9,1.5779
16.95,1.5733
17,1.5792
17.05,1.5779
17.1,1.5779
17.15,1.5854
17.2,1.5708
17.25,1.5704
17.3,1.5688
17.35,1.5629
17.4,1.565
17.45,1.5688
17.5,1.5592
17.55,1.56
17.6,1.5538
17.65,1.5446
17.7,1.5417
17.75,1.5417
17.8,1.5429
17.85,1.5467
17.9,1.545
17.95,1.54
18,1.54
18.05,1.5413
18.1,1.5308
18.15,1.5388
18.2,1.5421
18.25,1.5417
18.3,1.5383
18.35,1.5333
18.4,1.5246
18.45,1.5263
18.5,1.5146
18.55,1.5138
18.6,1.5233
18.65,1.5146
18.7,1.5146
18.75,1.5183
18.8,1.5171
18.85,1.5038
18.9,1.5021
18.95,1.4933
19,1.5054
19.05,1.51
19.1,1.5017
19.15,1.5075
19.2,1.5138
19.25,1.4992
19.3,1.5
19.35,1.4933
19.4,1.4933
19.45,1.4963
19.5,1.4863
19.55,1.4833
19.6,1.4908
19.65,1.4725
19.7,1.4675
19.75,1.4713
19.8,1.4708
19.85,1.475
19.9,1.4729
19.95,1.4721
20,1.4754
20.05,1.4704
20.1,1.4567
20.15,1.4679
20.2,1.4646
20.25,1.4629
20.3,1.4688
20.35,1.4613
20.4,1.4613
20.45,1.46
20.5,1.445
20.55,1.4421
20.6,1.4487
20.65,1.4392
20.7,1.4413
20.75,1.4392
20.8,1.4413
20.85,1.4371
20.9,1.43
20.95,1.4242
21,1.435
21.05,1.4379
21.1,1.4329
21.15,1.4358
21.2,1.4417
21.25,1.4396
21.3,1.4271
21.35,1.4208
21.4,1.4233
21.45,1.4242
21.5,1.4171
21.55,1.4142
21.6,1.425
21.65,1.4175
21.7,1.4029
21.75,1.4025
21.8,1.4029
21.85,1.4067
21.9,1.4042
21.95,1.4
22,1.4092
22.05,1.4117
22.1,1.3921
22.15,1.4
22.2,1.4029
22.25,1.4004
22.3,1.4013
22.35,1.3967
22.4,1.3938
22.45,1.3992
22.5,1.3867
22.55,1.3767
22.6,1.3821
22.65,1.3758
22.7,1.3763
22.75,1.3783
22.8,1.3767
22.85,1.3792
22.9,1.3813
22.95,1.3613
23,1.3692
23.05,1.3713
23.1,1.3675
23.15,1.3738
23.2,1.3758
23.25,1.3742
23.3,1.3783
23.35,1.3629
23.4,1.3575
23.45,1.3621
23.5,1.3517
23.55,1.3479
23.6,1.3583
23.65,1.3479
23.7,1.3475
23.75,1.3392
23.8,1.3363
23.85,1.3421
23.9,1.3396
23.95,1.3329
24,1.3458
24.05,1.3442
24.1,1.3383
24.15,1.3363
24.2,1.3367
24.25,1.3337
24.3,1.3363
24.35,1.3296
24.4,1.3333
24.45,1.3388
24.5,1.3246
24.55,1.3242
24.6,1.3183
24.65,1.315
24.7,1.3108
24.75,1.3142
24.8,1.3125
24.85,1.3225
24.9,1.315
24.95,1.3133
25,1.3071
25.05,1.3092
25.1,1.2996
25.15,1.31
25.2,1.3108
25.25,1.3083
25.3,1.3158
25.35,1.3075
25.4,1.2942
25.45,1.3
25.5,1.2896
25.55,1.2875
25.6,1.2925
25.65,1.2842
25.7,1.285
25.75,1.2871
25.8,1.2771
25.85,1.2788
25.9,1.2804
25.95,1.2725
26,1.2825
26.05,1.2821
26.1,1.2779
26.15,1.2825
26.2,1.2763
26.25,1.2717
26.3,1.2733
26.35,1.27
26.4,1.27
26.45,1.2733
26.5,1.2638
26.55,1.2633
26.6,1.2608
26.65,1.2496
26.7,1.2475
26.75,1.2488
26.8,1.2475
26.85,1.2521
26.9,1.2517
26.95,1.2496
27,1.2579
27.05,1.2483
27.1,1.2421
27.15,1.2479
27.2,1.2521
27.25,1.2496
27.3,1.2483
27.35,1.2454
27.4,1.2483
27.45,1.24
27.5,1.2279
27.55,1.2225
27.6,1.2342
27.65,1.2288
27.7,1.2258
27.75,1.2292
27.8,1.2279
27.85,1.2217
27.9,1.2196
27.95,1.2171
28,1.225
28.05,1.225
28.1,1.22
28.15,1.2263
28.2,1.2308
28.25,1.2233
28.3,1.2204
28.35,1.2158
28.4,1.2142
28.45,1.2183
28.5,1.2071
28.55,1.2067
28.6,1.215
28.65,1.1987
28.7,1.195
28.75,1.1975
28.8,1.1938
28.85,1.1971
28.9,1.2008
28.95,1.1933
29,1.2017
29.05,1.1979
29.1,1.1854
29.15,1.1963
29.2,1.1942
29.25,1.1933
29.3,1.1958
29.35,1.1908
29.4,1.19
29.45,1.2
29.5,1.1754
29.55,1.1754
29.6,1.1783
29.65,1.1733
29.7,1.1696
29.75,1.1729
29.8,1.1704
29.85,1.1763
29.9,1.1654
29.95,1.1596
30,1.1717
30.05,1.1708
30.1,1.1621
30.15,1.1708
30.2,1.1733
30.25,1.1704
30.3,1.1646
30.35,1.1596
30.4,1.16
30.45,1.1629
30.5,1.1542
30.55,1.1525
30.6,1.1592
30.65,1.15
30.7,1.1483
30.75,1.1417
30.8,1.1392
30.85,1.1442
30.9,1.1425
30.95,1.1425
31,1.1483
31.05,1.1492
31.1,1.1433
31.15,1.1392
31.2,1.14
31.25,1.14
31.3,1.1404
31.35,1.1396
31.4,1.1388
31.45,1.1421
31.5,1.135
31.55,1.1538
31.6,1.1767
31.65,1.1825
31.7,1.2167
31.75,1.2529
31.8,1.2875
31.85,1.3504
31.9,1.3862
31.95,1.445
32,1.5225
32.05,1.5821
32.1,1.6308
32.15,1.74
32.2,1.8121
32.25,1.8879
32.3,1.9771
32.35,2.0346
32.4,2.1079
32.45,2.1713
32.5,1.3438
32.55,1.3888
32.6,1.4325
32.65,1.4238
32.7,1.4083
32.75,1.3917
32.8,1.3408
32.85,1.3383
32.9,1.3092
32.95,1.2783
33,1.2767
33.05,1.25
33.1,1.2171
33.15,1.2117
33.2,1.1887
33.25,1.1725
33.3,1.1879
33.35,1.1821
33.4,1.1975
33.45,1.2296
33.5,1.2371
33.55,1.27
33.6,1.3267
33.65,1.3646
33.7,1.4279
33.75,1.5258
33.8,1.6346
33.85,1.7829
33.9,1.9225
33.95,2.025
34,2.13
34.05,2.1663
34.1,2.1258
34.15,2.1246
34.2,2.1096
34.25,2.0575
34.3,2.0333
34.35,2.005
34.4,2.0271
34.45,2.0908
34.5,2.1838
34.55,2.3229
34.6,2.4963
34.65,2.6171
34.7,2.7129
34.75,2.7513
34.8,2.7554
34.85,2.7367
34.9,2.7125
34.95,2.6733
35,2.695
35.05,2.6983
35.1,2.6675
35.15,2.7333
35.2,2.7575
35.25,2.8188
35.3,2.8963
35.35,2.9433
35.4,2.975
35.45,3.0529
35.5,3.075
35.55,3.1258
35.6,3.2075
35.65,3.2467
35.7,0.81375
35.75,1.0296
35.8,1.0212
35.85,1.0246
35.9,1.0267
35.95,1.0238
36,1.0288
36.05,1.0225
36.1,1.0179
36.15,1.0483
36.2,1.0967
36.25,1.1142
36.3,1.14
36.35,1.1533
36.4,1.1671
36.45,1.185
36.5,1.1621
36.55,1.1721
36.6,1.1904
36.65,1.1808
36.7,1.1783
36.75,1.1833
36.8,1.1946
36.85,1.1975
36.9,1.1954
36.95,1.1942
37,1.2017
37.05,1.2058
37.1,1.2004
37.15,1.1979
37.2,1.1933
37.25,1.1438
37.3,0.98458
37.35,0.99542
37.4,0.99375
37.45,0.96375
37.5,0.91208
37.55,0.84542
37.6,0.81708
37.65,0.74042
37.7,0.69083
37.75,0.64542
37.8,0.57167
37.85,0.5075
37.9,0.9625
37.95,0.97417
38,0.98333
38.05,0.98458
38.1,0.97125
38.15,0.98042
38.2,0.98125
38.25,0.97708
38.3,0.98
38.35,0.97417
38.4,0.97375
38.45,0.98208
38.5,0.96375
38.55,0.96208
38.6,0.9675
38.65,0.95875
38.7,0.96
38.75,0.96167
38.8,0.95625
38.85,0.96375
38.9,0.96333
38.95,0.94833
39,0.96042
39.05,0.96125
39.1,0.95375
39.15,0.95958
39.2,0.9625
39.25,0.95792
39.3,0.96708
39.35,0.94958
39.4,0.95167
39.45,0.95167
39.5,0.94583
39.55,0.94292
39.6,0.95083
39.65,0.94792
39.7,0.94042
39.75,0.93583
39.8,0.93167
39.85,0.93917
39.9,0.93583
39.95,0.93125
40,0.94333
40.05,0.94542
40.1,0.93292
40.15,0.93958
40.2,0.93875
40.25,0.93792
40.3,0.93875
40.35,0.9325
40.4,0.9325
40.45,0.9375
40.5,0.92875
40.55,0.92
40.6,0.92667
40.65,0.92125
40.7,0.92125
40.75,0.92125
40.8,0.92417
40.85,0.92375
40.9,0.92333
40.95,0.91708
41,0.91583
41.05,0.91708
41.1,0.91333
41.15,0.92
41.2,0.92292
41.25,0.9225
41.3,0.92708
41.35,0.92083
41.4,0.91083
41.45,0.91333
41.5,0.90792
41.55,0.90458
41.6,0.905
41.65,0.9025
41.7,0.90292
41.75,0.90125
41.8,0.89375
41.85,0.89708
41.9,0.89875
41.95,0.89417
42,0.90167
42.05,0.89958
42.1,0.89708
42.15,0.90208
42.2,0.90417
42.25,0.895
42.3,0.89583
42.35,0.89333
42.4,0.89625
42.45,0.89958
42.5,0.88875
42.55,0.88583
42.6,0.89125
42.65,0.88
42.7,0.87542
42.75,0.87917
42.8,0.87875
42.85,0.88458
42.9,0.87917
42.95,0.8775
43,0.87958
43.05,0.88167
43.1,0.87167
43.15,0.88042
43.2,0.88458
43.25,0.87792
43.3,0.8825
43.35,0.87792
43.4,0.87917
43.45,0.87792
43.5,0.86625
43.55,0.86542
43.6,0.86708
43.65,0.86833
43.7,0.86542
43.75,0.865
43.8,0.86458
43.85,0.86083
43.9,0.8625
43.95,0.85292
44,0.86292
44.05,0.87208
44.1,0.8575
44.15,0.86542
44.2,0.86708
44.25,0.85542
44.3,0.86083
44.35,0.85875
44.4,0.85875
44.45,0.85875
44.5,0.85417
44.55,0.85125
44.6,0.85792
44.65,0.85083
44.7,0.84
44.75,0.84458
44.8,0.84
44.85,0.84167
44.9,0.84417
44.95,0.83542
45,0.85375
45.05,0.84625
45.1,0.83792
45.15,0.83875
45.2,0.85292
45.25,0.84333
45.3,0.84333
45.35,0.84292
45.4,0.84042
45.45,0.84292
45.5,0.82667
45.55,0.82708
45.6,0.83625
45.65,0.83333
45.7,0.82708
45.75,0.82458
45.8,0.82708
45.85,0.83042
45.9,0.82292
45.95,0.82042
46,0.82792
46.05,0.82208
46.1,0.82083
46.15,0.82125
46.2,0.82833
46.25,0.82833
46.3,0.82875
46.35,0.82375
46.4,0.8175
46.45,0.825
46.5,0.81708
46.55,0.81
46.6,0.82083
46.65,0.8175
46.7,0.80792
46.75,0.80833
46.8,0.805
46.85,0.80542
46.9,0.80917
46.95,0.80667
47,0.8175
47.05,0.81167
47.1,0.81
47.15,0.81083
47.2,0.8
47.25,0.80917
47.3,0.8125
47.35,0.80667
47.4,0.80167
47.45,0.81125
47.5,0.79542
47.55,0.79458
47.6,0.79917
47.65,0.795
47.7,0.79292
47.75,0.79333
47.8,0.78917
47.85,0.79875
47.9,0.79375
47.95,0.78708
48,0.7925
48.05,0.78708
48.1,0.78417
48.15,0.79042
48.2,0.79708
48.25,0.79333
48.3,0.80542
48.35,0.78792
48.4,0.78875
48.45,0.79333
48.5,0.77792
48.55,0.78167
48.6,0.78083
48.65,0.77917
48.7,0.77708
48.75,0.77375
48.8,0.76458
48.85,0.76667
48.9,0.77208
48.95,0.7725
49,0.77708
49.05,0.77917
49.1,0.76458
49.15,0.78292
49.2,0.77625
49.25,0.77083
49.3,0.77583
49.35,0.76917
49.4,0.76833
49.45,0.77292
49.5,0.77125
49.55,0.76833
49.6,0.77333
49.65,0.76083
49.7,0.76083
49.75,0.77042
49.8,0.75667
49.85,0.74583
49.9,0.76208
49.95,0.7575
50,0.75875
50.05,0.76
50.1,0.75792
50.15,0.76042
50.2,0.765
50.25,0.76208
50.3,0.7575
50.35,0.75792
50.4,0.75417
50.45,0.75625
50.5,0.755
50.55,0.75208
50.6,0.74792
50.65,0.74167
50.7,0.75292
50.75,0.73542
50.8,0.74208
50.85,0.74667
50.9,0.74083
50.95,0.74208
51,0.745
51.05,0.74292
51.1,0.74458
51.15,0.74375
51.2,0.75542
51.25,0.74833
51.3,0.72958
51.35,0.74417
51.4,0.74042
51.45,0.7375
51.5,0.73917
51.55,0.74667
51.6,0.74792
51.65,0.73458
51.7,0.72125
51.75,0.72375
51.8,0.72583
51.85,0.72708
51.9,0.7325
51.95,0.72625
52,0.73042
52.05,0.72375
52.1,0.72375
52.15,0.73042
52.2,0.73417
52.25,0.72583
52.3,0.72708
52.35,0.71583
52.4,0.72125
52.45,0.72333
52.5,0.72125
52.55,0.72083
52.6,0.72667
52.65,0.715
52.7,0.71417
52.75,0.71167
52.8,0.715
52.85,0.72208
52.9,0.71417
52.95,0.695
53,0.70625
53.05,0.71708
53.1,0.70958
53.15,0.71625
53.2,0.72542
53.25,0.71583
53.3,0.69167
53.35,0.70875
53.4,0.69375
53.45,0.70958
53.5,0.71125
53.55,0.71167
53.6,0.70875
53.65,0.705
53.7,0.69958
53.75,0.69458
53.8,0.69333
53.85,0.70292
53.9,0.69792
53.95,0.69125
54,0.7
54.05,0.695
54.1,0.69375
54.15,0.69792
54.2,0.71125
54.25,0.71458
54.3,0.70667
54.35,0.69875
54.4,0.69292
54.45,0.71167
54.5,0.69542
54.55,0.70125
54.6,0.70292
54.65,0.705
54.7,0.69167
54.75,0.69375
54.8,0.67917
54.85,0.68708
54.9,0.69208
54.95,0.66125
55,0.68542
55.05,0.6875
55.1,0.6825
55.15,0.67583
55.2,0.69458
55.25,0.69375
55.3,0.69292
55.35,0.68208
55.4,0.67625
55.45,0.68417
55.5,0.68167
55.55,0.67708
55.6,0.68167
55.65,0.67167
55.7,0.67833
55.75,0.67833
55.8,0.67667
55.85,0.6725
55.9,0.68458
55.95,0.66958
56,0.67625
56.05,0.67083
56.1,0.66917
56.15,0.68125
56.2,0.67208
56.25,0.68167
56.3,0.67208
56.35,0.67583
56.4,0.65583
56.45,0.67875
56.5,0.66667
56.55,0.65792
56.6,0.65792
56.65,0.64875
56.7,0.65958
56.75,0.65875
56.8,0.6575
56.85,0.65125
56.9,0.66417
56.95,0.6575
57,0.66292
57.05,0.66667
57.1,0.65125
57.15,0.65417
57.2,0.65833
57.25,0.65375
57.3,0.6575
57.35,0.66542
57.4,0.65292
57.45,0.64917
57.5,0.65208
57.55,0.63458
57.6,0.66083
57.65,0.64833
57.7,0.63958
57.75,0.66292
57.8,0.63958
57.85,0.63583
57.9,0.63625
57.95,0.61708
58,0.64917
58.05,0.6425
58.1,0.63333
58.15,0.65583
58.2,0.65167
58.25,0.64833
58.3,0.64417
58.35,0.64708
58.4,0.6425
58.45,0.6375
58.5,0.64125
58.55,0.6275
58.6,0.65417
58.65,0.62917
58.7,0.63042
58.75,0.6325
58.8,0.62625
58.85,0.63083
58.9,0.63333
58.95,0.63125
59,0.63792
59.05,0.63667
59.1,0.625
59.15,0.62875
59.2,0.63042
59.25,0.63583
59.3,0.63417
59.35,0.63
59.4,0.62958
59.45,0.6275
59.5,0.62958
59.55,0.6175
59.6,0.61458
59.65,0.62583
59.7,0.61708
59.75,0.6175
59.8,0.63
59.85,0.61792
59.9,0.61292
59.95,0.62042
60,0.62125
60.05,0.61583
60.1,0.61542
60.15,0.615
60.2,0.61833
60.25,0.62958
60.3,0.6225
60.35,0.61542
60.4,0.61667
60.45,0.61375
60.5,0.6125
60.55,0.60792
60.6,0.6125
60.65,0.60583
60.7,0.60333
60.75,0.60167
60.8,0.60333
60.85,0.6075
60.9,0.60417
60.95,0.59708
61,0.60917
61.05,0.6125
61.1,0.59958
61.15,0.60458
61.2,0.5975
61.25,0.60042
61.3,0.60875
61.35,0.59958
61.4,0.60708
61.45,0.60667
61.5,0.59417
61.55,0.59417
61.6,0.59542
61.65,0.60042
61.7,0.58958
61.75,0.59125
61.8,0.59083
61.85,0.59542
61.9,0.58708
61.95,0.58917
62,0.59417
62.05,0.59417
62.1,0.59375
62.15,0.59167
62.2,0.58833
62.25,0.60333
62.3,0.60292
62.35,0.59833
62.4,0.58875
62.45,0.60583
62.5,0.585
62.55,0.58458
62.6,0.6025
62.65,0.59125
62.7,0.58333
62.75,0.57708
62.8,0.5725
62.85,0.57125
62.9,0.58208
62.95,0.58208
63,0.58167
63.05,0.58208
63.1,0.57542
63.15,0.58333
63.2,0.5825
63.25,0.5725
63.3,0.58333
63.35,0.57625
63.4,0.57958
63.45,0.58167
63.5,0.57875
63.55,0.56375
63.6,0.58042
63.65,0.56625
63.7,0.55542
63.75,0.57042
63.8,0.56083
63.85,0.57458
63.9,0.57208
63.95,0.55875
64,0.57625
64.05,0.59375
64.1,0.55333
64.15,0.58208
64.2,0.5725
64.25,0.56667
64.3,0.56708
64.35,0.56708
64.4,0.56792
64.45,0.57667
64.5,0.56333
64.55,0.55625
64.6,0.55708
64.65,0.56417
64.7,0.56042
64.75,0.56208
64.8,0.56
64.85,0.56333
64.9,0.56125
64.95,0.56167
65,0.565
65.05,0.5675
65.1,0.55875
65.15,0.55667
65.2,0.56417
65.25,0.55583
65.3,0.56458
65.35,0.56125
65.4,0.56083
65.45,0.5575
65.5,0.55292
65.55,0.55
65.6,0.55958
65.65,0.54
65.7,0.54042
65.75,0.5525
65.8,0.5375
65.85,0.53917
65.9,0.5475
65.95,0.55417
66,0.55083
66.05,0.54625
66.1,0.55167
66.15,0.55583
66.2,0.54792
66.25,0.54833
66.3,0.55833
66.35,0.545
66.4,0.54125
66.45,0.55208
66.5,0.53792
66.55,0.53042
66.6,0.55083
66.65,0.53958
66.7,0.52792
66.75,0.53958
66.8,0.54083
66.85,0.53958
66.9,0.53917
66.95,0.53625
67,0.54583
67.05,0.52875
67.1,0.53125
67.15,0.54542
67.2,0.54333
67.25,0.53875
67.3,0.53083
67.35,0.525
67.4,0.54
67.45,0.53333
67.5,0.5225
67.55,0.53333
67.6,0.53667
67.65,0.525
67.7,0.5275
67.75,0.53083
67.8,0.52167
67.85,0.52125
67.9,0.52917
67.95,0.53375
68,0.53042
68.05,0.53333
68.1,0.53083
68.15,0.525
68.2,0.52417
68.25,0.53292
68.3,0.53667
68.35,0.51125
68.4,0.52417
68.45,0.52417
68.5,0.51542
68.55,0.5125
68.6,0.52083
68.65,0.52375
68.7,0.51292
68.75,0.52417
68.8,0.51917
68.85,0.51833
68.9,0.51875
68.95,0.51375
69,0.52125
69.05,0.52458
69.1,0.51542
69.15,0.5175
69.2,0.52333
69.25,0.52
69.3,0.51458
69.35,0.50458
69.4,0.52208
69.45,0.50958
69.5,0.51292
69.55,0.50458
69.6,0.50958
69.65,0.51042
69.7,0.495
69.75,0.50208
69.8,0.50917
69.85,0.50375
69.9,0.4925
69.95,0.49917
70,0.51208
70.05,0.50958
70.1,0.50833
70.15,0.50458
70.2,0.50667
70.25,0.50417
70.3,0.52083
70.35,0.51083
70.4,0.50292
70.45,0.5175
70.5,0.49833
70.55,0.4975
70.6,0.50375
70.65,0.49625
70.7,0.49333
70.75,0.48458
70.8,0.49708
70.85,0.49208
70.9,0.49292
70.95,0.49625
71,0.49625
71.05,0.48958
71.1,0.48917
71.15,0.495
71.2,0.49542
71.25,0.50083
71.3,0.49
71.35,0.50125
71.4,0.49083
71.45,0.49208
71.5,0.485
71.55,0.48875
71.6,0.48875
71.65,0.48833
71.7,0.48042
71.75,0.48417
71.8,0.48625
71.85,0.47708
71.9,0.48875
71.95,0.48333
72,0.48208
72.05,0.49458
72.1,0.47958
72.15,0.4875
72.2,0.48583
72.25,0.48458
72.3,0.48708
72.35,0.49583
72.4,0.48
72.45,0.47542
72.5,0.47375
72.55,0.48833
72.6,0.48333
72.65,0.48042
72.7,0.47333
72.75,0.48
72.8,0.47375
72.85,0.47958
72.9,0.4825
72.95,0.475
73,0.47958
73.05,0.47667
73.1,0.46917
73.15,0.47667
73.2,0.48083
73.25,0.47375
73.3,0.48708
73.35,0.48375
73.4,0.47667
73.45,0.47833
73.5,0.4725
73.55,0.46417
73.6,0.47208
73.65,0.47875
73.7,0.46208
73.75,0.47042
73.8,0.46417
73.85,0.46375
73.9,0.46375
73.95,0.46542
74,0.4725
74.05,0.46167
74.1,0.46417
74.15,0.47167
74.2,0.47
74.25,0.46625
74.3,0.47
74.35,0.46292
74.4,0.4675
74.45,0.46833
74.5,0.46458
74.55,0.46583
74.6,0.45792
74.65,0.45542
74.7,0.45542
74.75,0.45708
74.8,0.45833
74.85,0.45833
74.9,0.45875
74.95,0.455
75,0.46208
75.05,0.46042
75.1,0.4625
75.15,0.46042
75.2,0.46458
75.25,0.46125
75.3,0.45833
75.35,0.4575
75.4,0.45708
75.45,0.46625
75.5,0.45542
75.55,0.4425
75.6,0.46125
75.65,0.44292
75.7,0.44792
75.75,0.4525
75.8,0.44917
75.85,0.45167
75.9,0.445
75.95,0.44333
76,0.45292
76.05,0.44875
76.1,0.45125
76.15,0.45417
76.2,0.45167
76.25,0.4525
76.3,0.45542
76.35,0.44125
76.4,0.44167
76.45,0.45292
76.5,0.44083
76.55,0.43583
76.6,0.45833
76.65,0.43958
76.7,0.43625
76.75,0.44625
76.8,0.435
76.85,0.43583
76.9,0.44625
76.95,0.44292
77,0.44625
77.05,0.44458
77.1,0.43417
77.15,0.43792
77.2,0.44042
77.25,0.45083
77.3,0.44458
77.35,0.4375
77.4,0.44125
77.45,0.44667
77.5,0.43292
77.55,0.425
77.6,0.44667
77.65,0.43375
77.7,0.43042
77.75,0.42833
77.8,0.43667
77.85,0.43375
77.9,0.4425
77.95,0.41917
78,0.4375
78.05,0.43417
78.1,0.43
78.15,0.43583
78.2,0.44042
78.25,0.44458
78.3,0.43792
78.35,0.43417
78.4,0.44375
78.45,0.4375
78.5,0.4325
78.55,0.43
78.6,0.43125
78.65,0.4275
78.7,0.41375
78.75,0.42542
78.8,0.42583
78.85,0.42375
78.9,0.43167
78.95,0.42917
79,0.42125
79.05,0.43667
79.1,0.42375
79.15,0.4225
79.2,0.43125
79.25,0.42583
79.3,0.4225
79.35,0.43333
79.4,0.42833
79.45,0.43333
79.5,0.4175
79.55,0.41708
79.6,0.43667
79.65,0.4125
79.7,0.40833
79.75,0.41042
79.8,0.41542
79.85,0.41625
79.9,0.41042
79.95,0.41208
80,0.40708
80.05,0.42042
80.1,0.41417
80.15,0.4125
80.2,0.41375
80.25,0.41417
80.3,0.42375
80.35,0.4175
80.4,0.41042
80.45,0.41542
80.5,0.41333
80.55,0.41583
80.6,0.42208
80.65,0.41208
80.7,0.40458
80.75,0.40625
80.8,0.40042
80.85,0.40417
80.9,0.41458
80.95,0.40042
81,0.41083
81.05,0.42333
81.1,0.40333
81.15,0.40875
81.2,0.41833
81.25,0.4075
81.3,0.40833
81.35,0.41125
81.4,0.4125
81.45,0.42208
81.5,0.41208
81.55,0.39625
81.6,0.41
81.65,0.39625
81.7,0.40083
81.75,0.40375
81.8,0.40042
81.85,0.395
81.9,0.39625
81.95,0.39958
82,0.40208
82.05,0.41042
82.1,0.38792
82.15,0.40958
82.2,0.40875
82.25,0.40292
82.3,0.40333
82.35,0.40875
82.4,0.39625
82.45,0.40083
82.5,0.40042
82.55,0.39125
82.6,0.40625
82.65,0.39208
82.7,0.39292
82.75,0.39542
82.8,0.385
82.85,0.39
82.9,0.38708
82.95,0.38958
83,0.39875
83.05,0.40208
83.1,0.39417
83.15,0.3975
83.2,0.39833
83.25,0.39458
83.3,0.3975
83.35,0.39292
83.4,0.39333
83.45,0.40125
83.5,0.39208
83.55,0.38375
83.6,0.39208
83.65,0.385
83.7,0.38583
83.75,0.38333
83.8,0.39292
83.85,0.38583
83.9,0.38375
83.95,0.37583
84,0.39542
84.05,0.395
84.1,0.385
84.15,0.38792
84.2,0.39167
84.25,0.38667
84.3,0.39417
84.35,0.38625
84.4,0.38583
84.45,0.39208
84.5,0.37625
84.55,0.37333
84.6,0.38917
84.65,0.3825
84.7,0.37542
84.75,0.37417
84.8,0.37958
84.85,0.37083
84.9,0.37458
84.95,0.37917
85,0.37958
85.05,0.38083
85.1,0.37667
85.15,0.38
85.2,0.38625
85.25,0.38
85.3,0.38042
85.35,0.38167
85.4,0.37792
85.45,0.38542
85.5,0.37583
85.55,0.37833
85.6,0.38042
85.65,0.37417
85.7,0.35708
85.75,0.37708
85.8,0.36875
85.85,0.37375
85.9,0.3725
85.95,0.3575
86,0.37708
86.05,0.37792
86.1,0.36708
86.15,0.37625
86.2,0.37875
86.25,0.37375
86.3,0.37542
86.35,0.37083
86.4,0.38917
86.45,0.37875
86.5,0.37458
86.55,0.36625
86.6,0.37417
86.65,0.36833
86.7,0.36375
86.75,0.36458
86.8,0.37125
86.85,0.36167
86.9,0.36292
86.95,0.36375
87,0.36542
87.05,0.37125
87.1,0.36625
87.15,0.365
87.2,0.36667
87.25,0.37833
87.3,0.36792
87.35,0.35792
87.4,0.365
87.45,0.37375
87.5,0.3575
87.55,0.36208
87.6,0.36292
87.65,0.3575
87.7,0.3525
87.75,0.35625
87.8,0.35125
87.85,0.35708
87.9,0.35833
87.95,0.35
88,0.365
88.05,0.37042
88.1,0.35583
88.15,0.35875
88.2,0.36167
88.25,0.35292
88.3,0.36542
88.35,0.35042
88.4,0.365
88.45,0.35583
88.5,0.36708
88.55,0.35083
88.6,0.35583
88.65,0.34583
88.7,0.34875
88.75,0.3525
88.8,0.35083
88.85,0.35292
88.9,0.3525
88.95,0.35
89,0.34958
89.05,0.35542
89.1,0.35
89.15,0.3575
89.2,0.36083
89.25,0.35458
89.3,0.36917
89.35,0.35333
89.4,0.35292
89.45,0.35417
89.5,0.34708
89.55,0.3425
89.6,0.34708
89.65,0.3425
89.7,0.34333
89.75,0.34667
89.8,0.33792
89.85,0.34
89.9,0.34417
89.95,0.33292
90,0.34917
90.05,0.35292
90.1,0.34083
90.15,0.34917
90.2,0.34875
90.25,0.34583
90.3,0.34792
90.35,0.345
90.4,0.33125
90.45,0.35333
90.5,0.34375
90.55,0.345
90.6,0.34208
90.65,0.33583
90.7,0.33208
90.75,0.33583
90.8,0.33
90.85,0.3375
90.9,0.33417
90.95,0.33708
91,0.33792
91.05,0.33833
91.1,0.33458
91.15,0.34167
91.2,0.345
91.25,0.34333
91.3,0.3425
91.35,0.34375
91.4,0.34083
91.45,0.34792
91.5,0.34
91.55,0.33583
91.6,0.34042
91.65,0.33542
91.7,0.32542
91.75,0.33167
91.8,0.3275
91.85,0.32792
91.9,0.33792
91.95,0.3375
92,0.33042
92.05,0.33625
92.1,0.32875
92.15,0.33125
92.2,0.34083
92.25,0.33125
92.3,0.33417
92.35,0.33083
92.4,0.33167
92.45,0.33458
92.5,0.33208
92.55,0.32208
92.6,0.33417
92.65,0.33
92.7,0.32083
92.75,0.33167
92.8,0.31083
92.85,0.325
92.9,0.33292
92.95,0.29667
93,0.33083
93.05,0.33208
93.1,0.3175
93.15,0.33125
93.2,0.33
93.25,0.32167
93.3,0.32917
93.35,0.33208
93.4,0.32917
93.45,0.33083
93.5,0.31667
93.55,0.31875
93.6,0.32583
93.65,0.32458
93.7,0.31625
93.75,0.32292
93.8,0.31958
93.85,0.31792
93.9,0.32
93.95,0.31375
94,0.31958
94.05,0.32792
94.1,0.31375
94.15,0.32458
94.2,0.32333
94.25,0.32458
94.3,0.31375
94.35,0.32708
94.4,0.32583
94.45,0.32
94.5,0.31417
94.55,0.31708
94.6,0.32125
94.65,0.31375
94.7,0.30958
94.75,0.30875
94.8,0.31708
94.85,0.3175
94.9,0.30792
94.95,0.30958
95,0.31583
95.05,0.31667
95.1,0.31083
95.15,0.30833
95.2,0.31542
95.25,0.31542
95.3,0.3175
95.35,0.30958
95.4,0.32167
95.45,0.31542
95.5,0.31167
95.55,0.31042
95.6,0.31417
95.65,0.30833
95.7,0.30458
95.75,0.30458
95.8,0.30458
95.85,0.30458
95.9,0.30792
95.95,0.29542
96,0.30917
96.05,0.31333
96.1,0.31375
96.15,0.30708
96.2,0.30917
96.25,0.31417
96.3,0.31167
96.35,0.30583
96.4,0.30792
96.45,0.30667
96.5,0.30708
96.55,0.29917
96.6,0.31125
96.65,0.305
96.7,0.29625
96.75,0.30875
96.8,0.29708
96.85,0.30208
96.9,0.29917
96.95,0.30833
97,0.30375
97.05,0.305
97.1,0.29833
97.15,0.30333
97.2,0.30792
97.25,0.31417
97.3,0.30167
97.35,0.30458
97.4,0.31917
97.45,0.30792
97.5,0.295
97.55,0.29083
97.6,0.30125
97.65,0.30625
97.7,0.28792
97.75,0.30125
97.8,0.29667
97.85,0.29417
97.9,0.29042
97.95,0.2975
98,0.29708
98.05,0.29542
98.1,0.29333
98.15,0.29583
98.2,0.30208
98.25,0.30167
98.3,0.2975
98.35,0.30167
98.4,0.29542
98.45,0.29833
98.5,0.29083
98.55,0.29125
98.6,0.29708
98.65,0.29542
98.7,0.29083
98.75,0.29083
98.8,0.27875
98.85,0.28792
98.9,0.28833
98.95,0.28917
99,0.29167
99.05,0.29333
99.1,0.2925
99.15,0.2975
99.2,0.29833
99.25,0.28333
99.3,0.30167
99.35,0.295
99.4,0.29833
99.45,0.29375
99.5,0.28917
99.55,0.28792
99.6,0.29542
99.65,0.28708
99.7,0.27917
99.75,0.28917
99.8,0.28542
99.85,0.2825
99.9,0.2875
99.95,0.28333
100,0.28625
100.05,0.28458
100.1,0.285
100.15,0.29
100.2,0.295
100.25,0.2875
100.3,0.29167
100.35,0.29208
100.4,0.28958
100.45,0.29167
100.5,0.2825
100.55,0.28
100.6,0.28583
100.65,0.28125
100.7,0.27708
100.75,0.28
100.8,0.28
100.85,0.27417
100.9,0.27875
100.95,0.27708
101,0.27958
101.05,0.28625
101.1,0.27708
101.15,0.2825
101.2,0.28708
101.25,0.28042
101.3,0.28375
101.35,0.28625
101.4,0.28333
101.45,0.28417
101.5,0.27917
101.55,0.27667
101.6,0.28125
101.65,0.27792
101.7,0.2675
101.75,0.27292
101.8,0.27208
101.85,0.27417
101.9,0.27333
101.95,0.27167
102,0.28
102.05,0.28083
102.1,0.27125
102.15,0.27417
102.2,0.28708
102.25,0.27542
102.3,0.285
102.35,0.2775
102.4,0.2825
102.45,0.27667
102.5,0.2775
102.55,0.27125
102.6,0.27792
102.65,0.26875
102.7,0.26792
102.75,0.27833
102.8,0.26833
102.85,0.27167
102.9,0.26792
102.95,0.26333
103,0.27292
103.05,0.27333
103.1,0.2675
103.15,0.26958
103.2,0.27833
103.25,0.27167
103.3,0.27292
103.35,0.27375
103.4,0.2725
103.45,0.27417
103.5,0.27042
103.55,0.2675
103.6,0.27042
103.65,0.26708
103.7,0.25375
103.75,0.26458
103.8,0.26167
103.85,0.25792
103.9,0.26417
103.95,0.26333
104,0.26583
104.05,0.26375
104.1,0.26625
104.15,0.26667
104.2,0.27167
104.25,0.26708
104.3,0.26833
104.35,0.26833
104.4,0.26667
104.45,0.27208
104.5,0.2625
104.55,0.26542
104.6,0.26333
104.65,0.26375
104.7,0.25917
104.75,0.26417
104.8,0.2675
104.85,0.26208
104.9,0.25833
104.95,0.25625
105,0.265
105.05,0.26292
105.1,0.265
105.15,0.26583
105.2,0.27083
105.25,0.26167
105.3,0.26333
105.35,0.2675
105.4,0.26625
105.45,0.26708
105.5,0.26125
105.55,0.25792
105.6,0.26375
105.65,0.25792
105.7,0.25375
105.75,0.25792
105.8,0.25417
105.85,0.25125
105.9,0.25917
105.95,0.25083
106,0.25917
106.05,0.26208
106.1,0.25417
106.15,0.26333
106.2,0.25917
106.25,0.255
106.3,0.26083
106.35,0.25833
106.4,0.26125
106.45,0.25625
106.5,0.25917
106.55,0.25375
106.6,0.25625
106.65,0.25167
106.7,0.25042
106.75,0.25375
106.8,0.24708
106.85,0.24875
106.9,0.25
106.95,0.24875
107,0.25167
107.05,0.25625
107.1,0.2525
107.15,0.2525
107.2,0.26083
107.25,0.25917
107.3,0.25625
107.35,0.25917
107.4,0.25667
107.45,0.26
107.5,0.25083
107.55,0.24917
107.6,0.25125
107.65,0.24792
107.7,0.24083
107.75,0.2475
107.8,0.24958
107.85,0.24458
107.9,0.245
107.95,0.24042
108,0.24792
108.05,0.25042
108.1,0.24375
108.15,0.2525
108.2,0.25542
108.25,0.25
108.3,0.25125
108.35,0.25125
108.4,0.25042
108.45,0.25542
108.5,0.245
108.55,0.24417
108.6,0.25167
108.65,0.245
108.7,0.23917
108.75,0.23833
108.8,0.23667
108.85,0.24167
108.9,0.24167
108.95,0.23625
109,0.24667
109.05,0.24583
109.1,0.23792
109.15,0.24458
109.2,0.24833
109.25,0.24542
109.3,0.24792
109.35,0.24708
109.4,0.245
109.45,0.24542
109.5,0.24292
109.55,0.23792
109.6,0.24417
109.65,0.23833
109.7,0.23667
109.75,0.2425
109.8,0.23583
109.85,0.2375
109.9,0.23917
109.95,0.23542
110,0.23958
110.05,0.24292
110.1,0.23667
110.15,0.24042
110.2,0.24458
110.25,0.23958
110.3,0.24375
110.35,0.24208
110.4,0.2425
110.45,0.245
110.5,0.2375
110.55,0.23375
110.6,0.23625
110.65,0.23333
110.7,0.22875
110.75,0.235
110.8,0.22708
110.85,0.22917
110.9,0.23292
110.95,0.23292
111,0.23583
111.05,0.24208
111.1,0.23167
111.15,0.23792
111.2,0.24042
111.25,0.23333
111.3,0.23875
111.35,0.23667
111.4,0.2375
111.45,0.24042
111.5,0.23542
111.55,0.23167
111.6,0.23625
111.65,0.22917
111.7,0.22833
111.75,0.23292
111.8,0.22708
111.85,0.22792
111.9,0.22542
111.95,0.22875
112,0.2325
112.05,0.23417
112.1,0.22958
112.15,0.23208
112.2,0.24417
112.25,0.23417
112.3,0.2375
112.35,0.23417
112.4,0.23333
112.45,0.235
112.5,0.22917
112.55,0.22625
112.6,0.23292
112.65,0.23125
112.7,0.2225
112.75,0.2275
112.8,0.22458
112.85,0.22583
112.9,0.22167
112.95,0.22
113,0.22917
113.05,0.22792
113.1,0.23125
113.15,0.22417
113.2,0.22792
113.25,0.22458
113.3,0.23042
113.35,0.22917
113.4,0.22625
113.45,0.23125
113.5,0.22625
113.55,0.22375
113.6,0.22708
113.65,0.2225
113.7,0.21583
113.75,0.22125
113.8,0.2175
113.85,0.22
113.9,0.21833
113.95,0.21792
114,0.22042
114.05,0.22458
114.1,0.22042
114.15,0.22292
114.2,0.23042
114.25,0.2175
114.3,0.22625
114.35,0.22542
114.4,0.22375
114.45,0.22625
114.5,0.22292
114.55,0.2175
114.6,0.22333
114.65,0.21625
114.7,0.21458
114.75,0.21958
114.8,0.21833
114.85,0.21542
114.9,0.21875
114.95,0.2125
115,0.21667
115.05,0.22417
115.1,0.21708
115.15,0.22
115.2,0.22833
115.25,0.22125
115.3,0.22292
115.35,0.22292
115.4,0.22292
115.45,0.22625
115.5,0.21958
115.55,0.21417
115.6,0.22083
115.65,0.21417
115.7,0.20875
115.75,0.21542
115.8,0.21375
115.85,0.21417
115.9,0.21083
115.95,0.2125
116,0.21708
116.05,0.21958
116.1,0.21167
116.15,0.21583
116.2,0.22292
116.25,0.21583
116.3,0.21833
116.35,0.2175
116.4,0.2175
116.45,0.21875
116.5,0.21458
116.55,0.21042
116.6,0.21833
116.65,0.21167
116.7,0.20708
116.75,0.21375
116.8,0.20917
116.85,0.20833
116.9,0.20792
116.95,0.20667
117,0.2125
117.05,0.21417
117.1,0.21042
117.15,0.21292
117.2,0.21625
117.25,0.21292
117.3,0.21333
117.35,0.21417
117.4,0.21333
117.45,0.2175
117.5,0.21083
117.55,0.20875
117.6,0.21458
117.65,0.20792
117.7,0.20292
117.75,0.21042
117.8,0.20625
117.85,0.205
117.9,0.20583
117.95,0.20458
118,0.20792
118.05,0.21208
118.1,0.20458
118.15,0.20833
118.2,0.21333
118.25,0.20792
118.3,0.21083
118.35,0.2125
118.4,0.20958
118.45,0.21042
118.5,0.20667
118.55,0.20292
118.6,0.20792
118.65,0.2025
118.7,0.20042
118.75,0.2025
118.8,0.20167
118.85,0.2
118.9,0.20042
118.95,0.19875
119,0.205
119.05,0.20625
119.1,0.20083
119.15,0.20417
119.2,0.21083
119.25,0.205
119.3,0.2025
119.35,0.20542
119.4,0.20708
119.45,0.20625
119.5,0.20208
119.55,0.19958
119.6,0.20583
119.65,0.20208
119.7,0.19625
119.75,0.19917
119.8,0.19958
119.85,0.19667
119.9,0.19708
119.95,0.19792
120,0.20042
120.05,0.19875
120.1,0.20042
120.15,0.20042
120.2,0.20667
120.25,0.20375
120.3,0.20583
120.35,0.2075
120.4,0.20208
120.45,0.20625
120.5,0.20083
120.55,0.19625
120.6,0.2
120.65,0.19583
120.7,0.19542
120.75,0.19542
120.8,0.195
120.85,0.19583
120.9,0.1975
120.95,0.19292
121,0.1975
121.05,0.20042
121.1,0.19458
121.15,0.19875
121.2,0.19958
121.25,0.19625
121.3,0.20083
121.35,0.1975
121.4,0.19875
121.45,0.19958
121.5,0.18708
121.55,0.19
121.6,0.2075
121.65,0.195
121.7,0.19083
121.75,0.19667
121.8,0.19333
121.85,0.19
121.9,0.18958
121.95,0.18917
122,0.19292
122.05,0.2
122.1,0.19333
122.15,0.19708
122.2,0.2
122.25,0.19417
122.3,0.2025
122.35,0.19875
122.4,0.19625
122.45,0.19583
122.5,0.19875
122.55,0.19
122.6,0.19625
122.65,0.19083
122.7,0.18667
122.75,0.19292
122.8,0.19042
122.85,0.18792
122.9,0.19042
122.95,0.19
123,0.18917
123.05,0.19375
123.1,0.18417
123.15,0.18958
123.2,0.19292
123.25,0.19417
123.3,0.1925
123.35,0.19583
123.4,0.19333
123.45,0.19625
123.5,0.19292
123.55,0.18542
123.6,0.195
123.65,0.18667
123.7,0.18333
123.75,0.18583
123.8,0.18667
123.85,0.185
123.9,0.185
123.95,0.18667
124,0.19
124.05,0.19292
124.1,0.1875
124.15,0.1925
124.2,0.19417
124.25,0.19167
124.3,0.19167
124.35,0.19458
124.4,0.19
124.45,0.19
124.5,0.19042
124.55,0.18375
124.6,0.18958
124.65,0.18667
124.7,0.18083
124.75,0.18375
124.8,0.185
124.85,0.18083
124.9,0.18333
124.95,0.18292
125,0.18583
125.05,0.18625
125.1,0.17958
125.15,0.18542
125.2,0.19083
125.25,0.18667
125.3,0.18625
125.35,0.1875
125.4,0.1875
125.45,0.1925
125.5,0.18333
125.55,0.17833
125.6,0.18667
125.65,0.18083
125.7,0.17917
125.75,0.18
125.8,0.18375
125.85,0.17958
125.9,0.18
125.95,0.17667
126,0.18083
126.05,0.185
126.1,0.18208
126.15,0.18125
126.2,0.18792
126.25,0.18375
126.3,0.185
126.35,0.18458
126.4,0.18542
126.45,0.18417
126.5,0.18167
126.55,0.17625
126.6,0.18458
126.65,0.17917
126.7,0.17208
126.75,0.17917
126.8,0.17708
126.85,0.17458
126.9,0.17458
126.95,0.17375
127,0.17875
127.05,0.18167
127.1,0.17667
127.15,0.17833
127.2,0.18458
127.25,0.17708
127.3,0.18
127.35,0.18333
127.4,0.18292
127.45,0.18208
127.5,0.17792
127.55,0.17375
127.6,0.18
127.65,0.1775
127.7,0.17167
127.75,0.17542
127.8,0.17333
127.85,0.17208
127.9,0.17458
127.95,0.1725
128,0.17417
128.05,0.17917
128.1,0.17083
128.15,0.17792
128.2,0.17917
128.25,0.1775
128.3,0.17792
128.35,0.17917
128.4,0.17625
128.45,0.18
128.5,0.17583
128.55,0.17167
128.6,0.17708
128.65,0.1725
128.7,0.16958
128.75,0.17083
128.8,0.17
128.85,0.16708
128.9,0.16875
128.95,0.16875
129,0.17167
129.05,0.17583
129.1,0.17083
129.15,0.17292
129.2,0.17917
129.25,0.17417
129.3,0.17458
129.35,0.17542
129.4,0.175
129.45,0.17583
129.5,0.17292
129.55,0.1675
129.6,0.17417
129.65,0.17167
129.7,0.16583
129.75,0.17
129.8,0.16875
129.85,0.1675
129.9,0.16917
129.95,0.16625
130,0.16833
130.05,0.17167
130.1,0.16792
130.15,0.17167
130.2,0.175
130.25,0.16875
130.3,0.17458
130.35,0.17375
130.4,0.17292
130.45,0.17625
130.5,0.16958
130.55,0.16583
130.6,0.17125
130.65,0.1675
130.7,0.16
130.75,0.16833
130.8,0.16208
130.85,0.16167
130.9,0.16292
130.95,0.15958
131,0.16708
131.05,0.16958
131.1,0.16458
131.15,0.1675
131.2,0.17
131.25,0.16417
131.3,0.16833
131.35,0.16792
131.4,0.16792
131.45,0.17167
131.5,0.16708
131.55,0.16292
131.6,0.16542
131.65,0.165
131.7,0.15875
131.75,0.16167
131.8,0.16208
131.85,0.15875
131.9,0.16042
131.95,0.15958
132,0.16292
132.05,0.16333
132.1,0.16
132.15,0.165
132.2,0.1675
132.25,0.16583
132.3,0.16583
132.35,0.16917
132.4,0.16708
132.45,0.16625
132.5,0.1625
132.55,0.15917
132.6,0.16375
132.65,0.16125
132.7,0.15375
132.75,0.16083
132.8,0.15708
132.85,0.15792
132.9,0.15542
132.95,0.15667
133,0.16
133.05,0.16417
133.1,0.15625
133.15,0.16042
133.2,0.16708
133.25,0.15792
133.3,0.16292
133.35,0.16333
133.4,0.16417
133.45,0.165
133.5,0.15958
133.55,0.15458
133.6,0.16333
133.65,0.15875
133.7,0.15208
133.75,0.15708
133.8,0.15292
133.85,0.1525
133.9,0.15417
133.95,0.15375
134,0.15625
134.05,0.15958
134.1,0.15375
134.15,0.15875
134.2,0.16292
134.25,0.15833
134.3,0.15958
134.35,0.15958
134.4,0.15875
134.45,0.16208
134.5,0.15667
134.55,0.1525
134.6,0.15958
134.65,0.155
134.7,0.15083
134.75,0.155
134.8,0.155
134.85,0.15167
134.9,0.15083
134.95,0.15083
135,0.155
135.05,0.15833
135.1,0.15208
135.15,0.15625
135.2,0.16417
135.25,0.15542
135.3,0.15667
135.35,0.15917
135.4,0.1575
135.45,0.15958
135.5,0.15375
135.55,0.15167
135.6,0.15667
135.65,0.1525
135.7,0.1475
135.75,0.14875
135.8,0.14833
135.85,0.14542
135.9,0.15042
135.95,0.14708
136,0.15208
136.05,0.15625
136.1,0.14875
136.15,0.15208
136.2,0.15667
136.25,0.15083
136.3,0.15375
136.35,0.155
136.4,0.15375
136.45,0.15542
136.5,0.15125
136.55,0.14833
136.6,0.15417
136.65,0.14875
136.7,0.14542
136.75,0.14958
136.8,0.145
136.85,0.14417
136.9,0.14625
136.95,0.145
137,0.14958
137.05,0.15375
137.1,0.145
137.15,0.1525
137.2,0.15625
137.25,0.15167
137.3,0.15208
137.35,0.15375
137.4,0.155
137.45,0.15375
137.5,0.14792
137.55,0.145
137.6,0.15208
137.65,0.1475
137.7,0.14167
137.75,0.1475
137.8,0.14458
137.85,0.14375
137.9,0.14583
137.95,0.14417
138,0.14542
138.05,0.15083
138.1,0.14458
138.15,0.14833
138.2,0.15167
138.25,0.14625
138.3,0.14833
138.35,0.15
138.4,0.15042
138.45,0.15167
138.5,0.14708
138.55,0.14542
138.6,0.14833
138.65,0.14583
138.7,0.13917
138.75,0.14375
138.8,0.14
138.85,0.14083
138.9,0.14083
138.95,0.14
139,0.14458
139.05,0.1475
139.1,0.1425
139.15,0.14583
139.2,0.15292
139.25,0.14792
139.3,0.1475
139.35,0.15083
139.4,0.14708
139.45,0.14792
139.5,0.14708
139.55,0.14125
139.6,0.1475
139.65,0.145
139.7,0.14
139.75,0.14292
139.8,0.14292
139.85,0.13875
139.9,0.14167
139.95,0.13917
140,0.14167
140.05,0.1475
140.1,0.14083
140.15,0.14542
140.2,0.14875
140.25,0.14417
140.3,0.14292
140.35,0.1475
140.4,0.145
140.45,0.14667
140.5,0.14458
140.55,0.13917
140.6,0.14417
140.65,0.13667
140.7,0.1325
140.75,0.14167
140.8,0.13875
140.85,0.13542
140.9,0.14
140.95,0.13667
141,0.14
141.05,0.14167
141.1,0.13833
141.15,0.14208
141.2,0.14667
141.25,0.14375
141.3,0.14333
141.35,0.14583
141.4,0.14375
141.45,0.14458
141.5,0.13833
141.55,0.13792
141.6,0.14292
141.65,0.13833
141.7,0.13458
141.75,0.13667
141.8,0.13792
141.85,0.135
141.9,0.13542
141.95,0.135
142,0.13792
142.05,0.14167
142.1,0.13458
142.15,0.1425
142.2,0.14375
142.25,0.14083
142.3,0.14083
142.35,0.14375
142.4,0.14125
142.45,0.14333
142.5,0.14083
142.55,0.13583
142.6,0.14
142.65,0.13833
142.7,0.13042
142.75,0.13917
142.8,0.135
142.85,0.13375
142.9,0.13375
142.95,0.1325
143,0.13417
143.05,0.13792
143.1,0.13167
143.15,0.13875
143.2,0.14375
143.25,0.13542
143.3,0.13792
143.35,0.14042
143.4,0.14167
143.45,0.14
143.5,0.13833
143.55,0.13083
143.6,0.13833
143.65,0.13542
143.7,0.12958
143.75,0.13167
143.8,0.13333
143.85,0.12958
143.9,0.12875
143.95,0.12917
144,0.13167
144.05,0.13583
144.1,0.13167
144.15,0.13625
144.2,0.13958
144.25,0.13417
144.3,0.13625
144.35,0.13958
144.4,0.13458
144.45,0.13792
144.5,0.13292
144.55,0.13208
144.6,0.13375
144.65,0.13208
144.7,0.12875
144.75,0.13208
144.8,0.13
144.85,0.12708
144.9,0.12917
144.95,0.12875
145,0.13
145.05,0.135
145.1,0.12958
145.15,0.13125
145.2,0.135
145.25,0.1325
145.3,0.13542
145.35,0.13792
145.4,0.13292
145.45,0.13625
145.5,0.1325
145.55,0.1275
145.6,0.13375
145.65,0.12792
145.7,0.12333
145.75,0.12792
145.8,0.12708
145.85,0.12375
145.9,0.12542
145.95,0.12417
146,0.1275
146.05,0.13208
146.1,0.12458
146.15,0.13083
146.2,0.13375
146.25,0.12958
146.3,0.13208
146.35,0.13333
146.4,0.12958
146.45,0.13333
146.5,0.12958
146.55,0.12583
146.6,0.13208
146.65,0.12833
146.7,0.12375
146.75,0.12583
146.8,0.125
146.85,0.12292
146.9,0.12375
146.95,0.125
147,0.12667
147.05,0.13125
147.1,0.12375
147.15,0.12917
147.2,0.13333
147.25,0.12958
147.3,0.12917
147.35,0.13333
147.4,0.13292
147.45,0.13083
147.5,0.12667
147.55,0.12208
147.6,0.13042
147.65,0.12625
147.7,0.11875
147.75,0.12417
147.8,0.12167
147.85,0.12167
147.9,0.12333
147.95,0.12083
148,0.11792
148.05,0.1275
148.1,0.1225
148.15,0.12458
148.2,0.13042
148.25,0.1275
148.3,0.12417
148.35,0.12958
148.4,0.12792
148.45,0.12792
148.5,0.12542
148.55,0.12
148.6,0.12708
148.65,0.12292
148.7,0.11708
148.75,0.12417
148.8,0.12125
148.85,0.1175
148.9,0.11958
148.95,0.11875
149,0.12167
149.05,0.12375
149.1,0.12083
149.15,0.12417
149.2,0.12917
149.25,0.12375
149.3,0.12542
149.35,0.12667
149.4,0.12542
149.45,0.12792
149.5,0.12375
149.55,0.12042
149.6,0.12375
149.65,0.12125
149.7,0.11708
149.75,0.12042
149.8,0.11875
149.85,0.11542
149.9,0.11833
149.95,0.11708
150,0.12042
150.05,0.12667
150.1,0.11708
150.15,0.12208
150.2,0.12667
150.25,0.1225
150.3,0.12208
150.35,0.12667
150.4,0.12417
150.45,0.12583
150.5,0.12042
150.55,0.11792
150.6,0.12208
150.65,0.11917
150.7,0.11458
150.75,0.11958
150.8,0.1175
150.85,0.11667
150.9,0.11583
150.95,0.11292
151,0.11708
151.05,0.12042
151.1,0.11708
151.15,0.1175
151.2,0.12458
151.25,0.11958
151.3,0.11917
151.35,0.12417
151.4,0.12042
151.45,0.12375
151.5,0.1175
151.55,0.1175
151.6,0.12042
151.65,0.11708
151.7,0.10792
151.75,0.115
151.8,0.11667
151.85,0.11292
151.9,0.11125
151.95,0.11167
152,0.11542
152.05,0.12
152.1,0.11333
152.15,0.11625
152.2,0.1225
152.25,0.11708
152.3,0.11625
152.35,0.12042
152.4,0.11833
152.45,0.12042
152.5,0.11792
152.55,0.11458
152.6,0.11708
152.65,0.11375
152.7,0.10833
152.75,0.11375
152.8,0.11167
152.85,0.10875
152.9,0.11375
152.95,0.1075
153,0.11292
153.05,0.11458
153.1,0.11208
153.15,0.11708
153.2,0.12042
153.25,0.11417
153.3,0.11625
153.35,0.1175
153.4,0.11542
153.45,0.11833
153.5,0.11667
153.55,0.11208
153.6,0.11542
153.65,0.11333
153.7,0.11
153.75,0.115
153.8,0.11
153.85,0.10875
153.9,0.10833
153.95,0.10833
154,0.11
154.05,0.11458
154.1,0.11125
154.15,0.11333
154.2,0.12042
154.25,0.11333
154.3,0.11458
154.35,0.11833
154.4,0.1175
154.45,0.12
154.5,0.11292
154.55,0.10875
154.6,0.11625
154.65,0.11042
154.7,0.10625
154.75,0.10875
154.8,0.11083
154.85,0.10542
154.9,0.10708
154.95,0.10708
155,0.10875
155.05,0.11458
155.1,0.10833
155.15,0.11208
155.2,0.115
155.25,0.11042
155.3,0.11417
155.35,0.1175
155.4,0.11333
155.45,0.11417
155.5,0.11167
155.55,0.10667
155.6,0.11292
155.65,0.10958
155.7,0.10333
155.75,0.10958
155.8,0.10833
155.85,0.105
155.9,0.10542
155.95,0.099167
156,0.105
156.05,0.11083
156.1,0.10583
156.15,0.11083
156.2,0.11708
156.25,0.10875
156.3,0.11125
156.35,0.11458
156.4,0.11208
156.45,0.11458
156.5,0.10917
156.55,0.10542
156.6,0.11375
156.65,0.10625
156.7,0.10292
156.75,0.105
156.8,0.10458
156.85,0.10042
156.9,0.10583
156.95,0.10333
157,0.10542
157.05,0.11042
157.1,0.1025
157.15,0.10583
157.2,0.11083
157.25,0.1075
157.3,0.10875
157.35,0.11208
157.4,0.11083
157.45,0.11042
157.5,0.10792
157.55,0.10458
157.6,0.10833
157.65,0.10417
157.7,0.099167
157.75,0.10542
157.8,0.10333
157.85,0.099167
157.9,0.10458
157.95,0.10167
158,0.105
158.05,0.10792
158.1,0.10208
158.15,0.10833
158.2,0.11083
158.25,0.10667
158.3,0.10792
158.35,0.11167
158.4,0.10792
158.45,0.10917
158.5,0.10792
158.55,0.1025
158.6,0.10875
158.65,0.105
158.7,0.10083
158.75,0.1025
158.8,0.1025
158.85,0.099167
158.9,0.099167
158.95,0.099583
159,0.10167
159.05,0.10583
159.1,0.10083
159.15,0.10375
159.2,0.11042
159.25,0.10542
159.3,0.10375
159.35,0.10917
159.4,0.10792
159.45,0.1075
159.5,0.10542
159.55,0.10125
159.6,0.10625
159.65,0.10042
159.7,0.10083
159.75,0.10167
159.8,0.10125
159.85,0.095833
159.9,0.10083
159.95,0.09625
160,0.1025
160.05,0.10417
160.1,0.09625
160.15,0.10458
160.2,0.10833
160.25,0.10625
160.3,0.10458
160.35,0.10833
160.4,0.10667
160.45,0.10542
160.5,0.10333
160.55,0.099167
160.6,0.10667
160.65,0.10042
160.7,0.096667
160.75,0.1
160.8,0.10083
160.85,0.096667
160.9,0.097083
160.95,0.099167
161,0.099583
161.05,0.10583
161.1,0.096667
161.15,0.10167
161.2,0.10583
161.25,0.10167
161.3,0.10542
161.35,0.1075
161.4,0.10417
161.45,0.10583
161.5,0.10333
161.55,0.096667
161.6,0.10292
161.65,0.09875
161.7,0.094167
161.75,0.10042
161.8,0.09625
161.85,0.095
161.9,0.095833
161.95,0.09375
162,0.09625
162.05,0.10042
162.1,0.09625
162.15,0.099167
162.2,0.10333
162.25,0.099167
162.3,0.10125
162.35,0.10417
162.4,0.10042
162.45,0.10208
162.5,0.099167
162.55,0.095833
162.6,0.10125
162.65,0.09875
162.7,0.09125
162.75,0.095833
162.8,0.095
162.85,0.091667
162.9,0.095
162.95,0.091667
163,0.09375
163.05,0.09875
163.1,0.093333
163.15,0.097917
163.2,0.105
163.25,0.098333
163.3,0.099167
163.35,0.10208
163.4,0.10167
163.45,0.10208
163.5,0.099583
163.55,0.093333
163.6,0.1
163.65,0.096667
163.7,0.087917
163.75,0.09625
163.8,0.094167
163.85,0.090417
163.9,0.093333
163.95,0.09125
164,0.095833
164.05,0.096667
164.1,0.09375
164.15,0.095833
164.2,0.10208
164.25,0.096667
164.3,0.097917
164.35,0.10208
164.4,0.099167
164.45,0.10042
164.5,0.096667
164.55,0.0925
164.6,0.093333
164.65,0.0925
164.7,0.08875
164.75,0.094167
164.8,0.093333
164.85,0.0875
164.9,0.090417
164.95,0.089167
165,0.093333
165.05,0.095417
165.1,0.090417
165.15,0.093333
165.2,0.1025
165.25,0.095417
165.3,0.096667
165.35,0.099167
165.4,0.099167
165.45,0.10167
165.5,0.095
165.55,0.093333
165.6,0.09875
165.65,0.09125
165.7,0.0875
165.75,0.092083
165.8,0.091667
165.85,0.086667
165.9,0.090833
165.95,0.09
166,0.090417
166.05,0.09625
166.1,0.087917
166.15,0.093333
166.2,0.096667
166.25,0.094167
166.3,0.094583
166.35,0.09875
166.4,0.094583
166.45,0.095417
166.5,0.094167
166.55,0.090417
166.6,0.095
166.65,0.091667
166.7,0.087083
166.75,0.092083
166.8,0.090417
166.85,0.08625
166.9,0.0875
166.95,0.088333
167,0.089167
167.05,0.09375
167.1,0.090417
167.15,0.09125
167.2,0.0975
167.25,0.095
167.3,0.092917
167.35,0.097083
167.4,0.09375
167.45,0.095
167.5,0.094167
167.55,0.090417
167.6,0.094583
167.65,0.090417
167.7,0.082083
167.75,0.08875
167.8,0.089167
167.85,0.085833
167.9,0.084167
167.95,0.086667
168,0.08875
168.05,0.091667
168.1,0.086667
168.15,0.090417
168.2,0.095833
168.25,0.090417
168.3,0.090417
168.35,0.09375
168.4,0.09375
168.45,0.0925
168.5,0.09125
168.55,0.087917
168.6,0.09
168.65,0.088333
168.7,0.08125
168.75,0.08875
168.8,0.0875
168.85,0.081667
168.9,0.087083
168.95,0.09
169,0.08375
169.05,0.089167
169.1,0.084167
169.15,0.0875
169.2,0.093333
169.25,0.090417
169.3,0.089583
169.35,0.09125
169.4,0.090417
169.45,0.092083
169.5,0.089167
169.55,0.085833
169.6,0.090833
169.65,0.086667
169.7,0.080833
169.75,0.084167
169.8,0.0875
169.85,0.08125
169.9,0.082083
169.95,0.08125
170,0.084167
170.05,0.088333
170.1,0.082917
170.15,0.086667
170.2,0.090833
170.25,0.085833
170.3,0.0875
170.35,0.0925
170.4,0.087917
170.45,0.090417
170.5,0.087083
170.55,0.085
170.6,0.087917
170.65,0.084167
170.7,0.079583
170.75,0.084583
170.8,0.082917
170.85,0.080417
170.9,0.081667
170.95,0.082083
171,0.082917
171.05,0.085417
171.1,0.084167
171.15,0.085833
171.2,0.08875
171.25,0.0875
171.3,0.08625
171.35,0.090833
171.4,0.0875
171.45,0.088333
171.5,0.0875
171.55,0.082917
171.6,0.087083
171.65,0.08375
171.7,0.08
171.75,0.08375
171.8,0.082083
171.85,0.079583
171.9,0.080833
171.95,0.08
172,0.0825
172.05,0.081667
172.1,0.081667
172.15,0.085
172.2,0.090417
172.25,0.084167
172.3,0.08625
172.35,0.08875
172.4,0.0875
172.45,0.08625
172.5,0.085
172.55,0.080417
172.6,0.0875
172.65,0.08125
172.7,0.076667
172.75,0.080833
172.8,0.079583
172.85,0.075417
172.9,0.079167
172.95,0.077083
173,0.079583
173.05,0.078333
173.1,0.077083
173.15,0.081667
173.2,0.0875
173.25,0.081667
173.3,0.080833
173.35,0.086667
173.4,0.084167
173.45,0.086667
173.5,0.082917
173.55,0.079583
173.6,0.085833
173.65,0.08125
173.7,0.07625
173.75,0.08125
173.8,0.080417
173.85,0.075
173.9,0.076667
173.95,0.077917
174,0.079167
174.05,0.081667
174.1,0.079167
174.15,0.082083
174.2,0.088333
174.25,0.082917
174.3,0.082083
174.35,0.08625
174.4,0.085833
174.45,0.086667
174.5,0.082917
174.55,0.079167
174.6,0.08375
174.65,0.080417
174.7,0.072917
174.75,0.08
174.8,0.075833
174.85,0.075833
174.9,0.076667
174.95,0.074583
175,0.077917
175.05,0.078333
175.1,0.076667
175.15,0.079167
175.2,0.088333
175.25,0.079167
175.3,0.08125
175.35,0.084583
175.4,0.082083
175.45,0.084167
175.5,0.08125
175.55,0.076667
175.6,0.08
175.65,0.078333
175.7,0.070833
175.75,0.077917
175.8,0.07625
175.85,0.074167
175.9,0.07375
175.95,0.074167
176,0.0725
176.05,0.079167
176.1,0.077083
176.15,0.078333
176.2,0.085833
176.25,0.07875
176.3,0.079167
176.35,0.084167
176.4,0.082083
176.45,0.082917
176.5,0.080417
176.55,0.077917
176.6,0.08125
176.65,0.0775
176.7,0.07125
176.75,0.076667
176.8,0.076667
176.85,0.070417
176.9,0.072917
176.95,0.072083
177,0.075833
177.05,0.07875
177.1,0.07375
177.15,0.077917
177.2,0.084167
177.25,0.077917
177.3,0.08
177.35,0.084167
177.4,0.08
177.45,0.082917
177.5,0.08
177.55,0.077917
177.6,0.078333
177.65,0.076667
177.7,0.06625
177.75,0.075417
177.8,0.075
177.85,0.070833
177.9,0.07375
177.95,0.070833
178,0.072917
178.05,0.075417
178.1,0.072083
178.15,0.076667
178.2,0.081667
178.25,0.076667
178.3,0.0775
178.35,0.08125
178.4,0.0775
178.45,0.079167
178.5,0.077083
178.55,0.07375
178.6,0.078333
178.65,0.075417
178.7,0.067083
178.75,0.075833
178.8,0.0725
178.85,0.06875
178.9,0.072083
178.95,0.069167
179,0.072083
179.05,0.0775
179.1,0.069583
179.15,0.075417
179.2,0.078333
179.25,0.075833
179.3,0.075
179.35,0.081667
179.4,0.07625
179.45,0.078333
179.5,0.076667
179.55,0.073333
179.6,0.0775
179.65,0.074167
179.7,0.068333
179.75,0.0725
179.8,0.072083
179.85,0.069167
179.9,0.070833
179.95,0.07
180,0.070833
180.05,0.073333
180.1,0.07
180.15,0.074583
180.2,0.078333
180.25,0.074583
180.3,0.075
180.35,0.07875
180.4,0.0775
180.45,0.077083
180.5,0.075417
180.55,0.071667
180.6,0.076667
180.65,0.072083
180.7,0.067917
180.75,0.0725
180.8,0.07375
180.85,0.066667
180.9,0.068333
180.95,0.06875
181,0.07125
181.05,0.073333
181.1,0.067917
181.15,0.07375
181.2,0.078333
181.25,0.072917
181.3,0.074583
181.35,0.0775
181.4,0.075417
181.45,0.07625
181.5,0.074583
181.55,0.06625
181.6,0.07375
181.65,0.070417
181.7,0.065417
181.75,0.069167
181.8,0.069167
181.85,0.066667
181.9,0.069583
181.95,0.067917
182,0.069167
182.05,0.0725
182.1,0.067083
182.15,0.072917
182.2,0.0775
182.25,0.072083
182.3,0.074167
182.35,0.0775
182.4,0.076667
182.45,0.07625
182.5,0.072083
182.55,0.070417
182.6,0.075
182.65,0.072083
182.7,0.065417
182.75,0.069167
182.8,0.069167
182.85,0.065
182.9,0.067083
182.95,0.065417
183,0.06875
183.05,0.071667
183.1,0.065833
183.15,0.070833
183.2,0.078333
183.25,0.07125
183.3,0.069167
183.35,0.075
183.4,0.07375
183.45,0.072083
183.5,0.071667
183.55,0.068333
183.6,0.072083
183.65,0.07
183.7,0.064583
183.75,0.069583
183.8,0.06625
183.85,0.064583
183.9,0.0675
183.95,0.064583
184,0.065833
184.05,0.07
184.1,0.066667
184.15,0.069583
184.2,0.075417
184.25,0.069167
184.3,0.072083
184.35,0.075417
184.4,0.072083
184.45,0.072917
184.5,0.070833
184.55,0.06625
184.6,0.07125
184.65,0.0675
184.7,0.063333
184.75,0.067917
184.8,0.06625
184.85,0.0625
184.9,0.068333
184.95,0.063333
185,0.065
185.05,0.06875
185.1,0.06625
185.15,0.069167
185.2,0.075417
185.25,0.069167
185.3,0.069167
185.35,0.072083
185.4,0.073333
185.45,0.074167
185.5,0.069167
185.55,0.068333
185.6,0.072083
185.65,0.067917
185.7,0.06125
185.75,0.06625
185.8,0.067083
185.85,0.060417
185.9,0.069167
185.95,0.067083
186,0.065
186.05,0.07
186.1,0.065417
186.15,0.06875
186.2,0.074167
186.25,0.068333
186.3,0.06875
186.35,0.072917
186.4,0.07125
186.45,0.070833
186.5,0.069583
186.55,0.065
186.6,0.069167
186.65,0.064583
186.7,0.060833
186.75,0.067083
186.8,0.064583
186.85,0.06
186.9,0.06125
186.95,0.0625
187,0.063333
187.05,0.067083
187.1,0.060417
187.15,0.067083
187.2,0.071667
187.25,0.067917
187.3,0.067083
187.35,0.07125
187.4,0.070417
187.45,0.07125
187.5,0.069167
187.55,0.065
187.6,0.069167
187.65,0.06625
187.7,0.05875
187.75,0.06625
187.8,0.062917
187.85,0.059167
187.9,0.059583
187.95,0.06
188,0.061667
188.05,0.065
188.1,0.06
188.15,0.065
188.2,0.069583
188.25,0.065
188.3,0.06375
188.35,0.070833
188.4,0.066667
188.45,0.069167
188.5,0.065417
188.55,0.062917
188.6,0.065417
188.65,0.063333
188.7,0.058333
188.75,0.062083
188.8,0.062083
188.85,0.056667
188.9,0.062917
188.95,0.058333
189,0.060417
189.05,0.062917
189.1,0.05875
189.15,0.062917
189.2,0.06625
189.25,0.063333
189.3,0.064583
189.35,0.0675
189.4,0.066667
189.45,0.06625
189.5,0.06625
189.55,0.060417
189.6,0.06625
189.65,0.062083
189.7,0.057917
189.75,0.060833
189.8,0.060833
189.85,0.055417
189.9,0.056667
189.95,0.0575
190,0.06125
190.05,0.064167
190.1,0.05875
190.15,0.063333
190.2,0.070417
190.25,0.062917
190.3,0.063333
190.35,0.067083
190.4,0.066667
190.45,0.067083
190.5,0.060833
190.55,0.061667
190.6,0.065417
190.65,0.062083
190.7,0.055417
190.75,0.05875
190.8,0.059583
190.85,0.055417
190.9,0.056667
190.95,0.057083
191,0.059167
191.05,0.060833
191.1,0.058333
191.15,0.061667
191.2,0.069167
191.25,0.062917
191.3,0.060833
191.35,0.06625
191.4,0.065417
191.45,0.065833
191.5,0.062917
191.55,0.05875
191.6,0.0625
191.65,0.060417
191.7,0.052083
191.75,0.06
191.8,0.05875
191.85,0.0525
191.9,0.057083
191.95,0.055
192,0.057083
192.05,0.059167
192.1,0.058333
192.15,0.06
192.2,0.067917
192.25,0.06
192.3,0.06125
192.35,0.065
192.4,0.06375
192.45,0.065
192.5,0.063333
192.55,0.06
192.6,0.0625
192.65,0.060417
192.7,0.054167
192.75,0.059583
192.8,0.06
192.85,0.054167
192.9,0.057083
192.95,0.055833
193,0.058333
193.05,0.06
193.1,0.05625
193.15,0.058333
193.2,0.065833
193.25,0.059583
193.3,0.062083
193.35,0.06625
193.4,0.062083
193.45,0.064167
193.5,0.062917
193.55,0.057917
193.6,0.060833
193.65,0.058333
193.7,0.052083
193.75,0.057083
193.8,0.0575
193.85,0.052917
193.9,0.054583
193.95,0.0525
194,0.056667
194.05,0.057917
194.1,0.05375
194.15,0.058333
194.2,0.06375
194.25,0.060833
194.3,0.060833
194.35,0.06375
194.4,0.061667
194.45,0.062917
194.5,0.062083
194.55,0.055417
194.6,0.059583
194.65,0.05625
194.7,0.050417
194.75,0.05625
194.8,0.05625
194.85,0.05375
194.9,0.05375
194.95,0.052917
195,0.055833
195.05,0.057083
195.1,0.054167
195.15,0.057083
195.2,0.064167
195.25,0.0575
195.3,0.058333
195.35,0.065
195.4,0.062083
195.45,0.062083
195.5,0.059583
195.55,0.056667
195.6,0.061667
195.65,0.0575
195.7,0.052083
195.75,0.055833
195.8,0.055833
195.85,0.049583
195.9,0.054167
195.95,0.054167
196,0.054583
196.05,0.056667
196.1,0.054167
196.15,0.056667
196.2,0.063333
196.25,0.057917
196.3,0.058333
196.35,0.061667
196.4,0.06125
196.45,0.06
196.5,0.06125
196.55,0.05625
196.6,0.059167
196.65,0.055
196.7,0.05125
196.75,0.05625
196.8,0.054583
196.85,0.05125
196.9,0.0525
196.95,0.05125
197,0.055417
197.05,0.055
197.1,0.05375
197.15,0.055
197.2,0.062917
197.25,0.055833
197.3,0.05875
197.35,0.06125
197.4,0.06
197.45,0.06
197.5,0.059167
197.55,0.05625
197.6,0.058333
197.65,0.057083
197.7,0.050417
197.75,0.055833
197.8,0.055
197.85,0.05
197.9,0.0525
197.95,0.051667
198,0.054167
198.05,0.055833
198.1,0.053333
198.15,0.055833
198.2,0.061667
198.25,0.057083
198.3,0.055417
198.35,0.063333
198.4,0.057917
198.45,0.060417
198.5,0.057083
198.55,0.055417
198.6,0.057917
198.65,0.055417
198.7,0.049583
198.75,0.054167
198.8,0.054167
198.85,0.0475
198.9,0.05125
198.95,0.050417
199,0.0525
199.05,0.056667
199.1,0.052917
199.15,0.055
199.2,0.059583
199.25,0.055417
199.3,0.057083
199.35,0.061667
199.4,0.058333
199.45,0.057917
199.5,0.058333
199.55,0.054167
199.6,0.059583
199.65,0.055
199.7,0.049583
199.75,0.052083
199.8,0.05375
199.85,0.046667
199.9,0.04875
199.95,0.05125
200,0.051667
200.05,0.055417
200.1,0.05125
200.15,0.053333
200.2,0.062083
200.25,0.054167
200.3,0.054167
200.35,0.05875
200.4,0.05875
200.45,0.0575
200.5,0.057083
200.55,0.053333
200.6,0.05625
200.65,0.053333
200.7,0.047917
200.75,0.05
200.8,0.052917
200.85,0.045
200.9,0.050833
200.95,0.048333
201,0.050417
201.05,0.054167
201.1,0.050417
201.15,0.051667
201.2,0.057917
201.25,0.055
201.3,0.054167
201.35,0.059167
201.4,0.056667
201.45,0.055833
201.5,0.055833
201.55,0.050833
201.6,0.056667
201.65,0.0525
201.7,0.048333
201.75,0.052083
201.8,0.05
201.85,0.04625
201.9,0.048333
201.95,0.047917
202,0.047917
202.05,0.052083
202.1,0.049167
202.15,0.051667
202.2,0.057083
202.25,0.052917
202.3,0.05125
202.35,0.05625
202.4,0.055417
202.45,0.055833
202.5,0.053333
202.55,0.050417
202.6,0.055
202.65,0.051667
202.7,0.045
202.75,0.049167
202.8,0.05125
202.85,0.045
202.9,0.05
202.95,0.047083
203,0.049167
203.05,0.050417
203.1,0.047917
203.15,0.050833
203.2,0.056667
203.25,0.054167
203.3,0.05375
203.35,0.057083
203.4,0.054167
203.45,0.055417
203.5,0.055417
203.55,0.047917
203.6,0.05375
203.65,0.05125
203.7,0.044583
203.75,0.05
203.8,0.047917
203.85,0.045417
203.9,0.047083
203.95,0.04625
204,0.047917
204.05,0.05
204.1,0.047083
204.15,0.050833
204.2,0.057917
204.25,0.050833
204.3,0.05125
204.35,0.0575
204.4,0.055
204.45,0.054167
204.5,0.054583
204.55,0.050417
204.6,0.055417
204.65,0.05
204.7,0.04125
204.75,0.050833
204.8,0.05125
204.85,0.043333
204.9,0.045417
204.95,0.04625
205,0.046667
205.05,0.05125
205.1,0.045
205.15,0.049167
205.2,0.057083
205.25,0.049583
205.3,0.049583
205.35,0.054583
205.4,0.054167
205.45,0.05125
205.5,0.051667
205.55,0.04875
205.6,0.05
205.65,0.048333
205.7,0.042083
205.75,0.047083
205.8,0.048333
205.85,0.040417
205.9,0.045833
205.95,0.044583
206,0.045
206.05,0.047917
206.1,0.044167
206.15,0.047917
206.2,0.055
206.25,0.04875
206.3,0.05125
206.35,0.052083
206.4,0.050417
206.45,0.05125
206.5,0.05
206.55,0.047917
206.6,0.050833
206.65,0.0475
206.7,0.04
206.75,0.0475
206.8,0.045833
206.85,0.040833
206.9,0.0425
206.95,0.042083
207,0.045
207.05,0.046667
207.1,0.043333
207.15,0.047083
207.2,0.053333
207.25,0.047083
207.3,0.046667
207.35,0.055
207.4,0.050417
207.45,0.050833
207.5,0.047917
207.55,0.04625
207.6,0.05
207.65,0.045
207.7,0.04125
207.75,0.045
207.8,0.046667
207.85,0.040417
207.9,0.04125
207.95,0.041667
208,0.044167
208.05,0.04625
208.1,0.041667
208.15,0.045417
208.2,0.053333
208.25,0.0475
208.3,0.046667
208.35,0.052083
208.4,0.050417
208.45,0.05
208.5,0.048333
208.55,0.045833
208.6,0.049583
208.65,0.047083
208.7,0.039167
208.75,0.045833
208.8,0.047083
208.85,0.038333
208.9,0.042083
208.95,0.042083
209,0.042917
209.05,0.048333
209.1,0.042083
209.15,0.045417
209.2,0.0525
209.25,0.047083
209.3,0.045
209.35,0.051667
209.4,0.05
209.45,0.050417
209.5,0.047917
209.55,0.045833
209.6,0.048333
209.65,0.045417
209.7,0.039167
209.75,0.044583
209.8,0.045
209.85,0.037083
209.9,0.04125
209.95,0.040833
210,0.0425
210.05,0.04625
210.1,0.0425
210.15,0.045417
210.2,0.050417
210.25,0.045417
210.3,0.046667
210.35,0.04875
210.4,0.047917
210.45,0.04875
210.5,0.048333
210.55,0.043333
210.6,0.047917
210.65,0.04375
210.7,0.038333
210.75,0.042083
210.8,0.042917
210.85,0.038333
210.9,0.040833
210.95,0.04125
211,0.0425
211.05,0.042917
211.1,0.040417
211.15,0.04375
211.2,0.052083
211.25,0.045417
211.3,0.045833
211.35,0.05125
211.4,0.047917
211.45,0.04875
211.5,0.049583
211.55,0.04625
211.6,0.0475
211.65,0.045
211.7,0.037917
211.75,0.043333
211.8,0.0425
211.85,0.033333
211.9,0.040833
211.95,0.040833
212,0.04125
212.05,0.04375
212.1,0.039167
212.15,0.043333
212.2,0.05125
212.25,0.044167
212.3,0.042917
212.35,0.050417
212.4,0.047917
212.45,0.04625
212.5,0.0475
212.55,0.045
212.6,0.047917
212.65,0.042917
212.7,0.0375
212.75,0.042917
212.8,0.044583
212.85,0.037917
212.9,0.04
212.95,0.040417
213,0.040417
213.05,0.042083
213.1,0.039167
213.15,0.041667
213.2,0.049167
213.25,0.044167
213.3,0.04375
213.35,0.050417
213.4,0.046667
213.45,0.047083
213.5,0.049167
213.55,0.04375
213.6,0.045417
213.65,0.044583
213.7,0.037083
213.75,0.0425
213.8,0.04
213.85,0.035
213.9,0.039167
213.95,0.039167
214,0.038333
214.05,0.04
214.1,0.038333
214.15,0.041667
214.2,0.0475
214.25,0.0425
214.3,0.044583
214.35,0.047917
214.4,0.045417
214.45,0.045
214.5,0.044583
214.55,0.040833
214.6,0.0475
214.65,0.044167
214.7,0.035833
214.75,0.042083
214.8,0.041667
214.85,0.035833
214.9,0.036667
214.95,0.042083
215,0.039167
215.05,0.0425
215.1,0.037083
215.15,0.042917
215.2,0.047917
215.25,0.042917
215.3,0.0425
215.35,0.04625
215.4,0.046667
215.45,0.044583
215.5,0.045
215.55,0.039583
215.6,0.045
215.65,0.041667
215.7,0.035833
215.75,0.04125
215.8,0.039167
215.85,0.033333
215.9,0.0375
215.95,0.036667
216,0.036667
216.05,0.042083
216.1,0.03625
216.15,0.040833
216.2,0.045417
216.25,0.041667
216.3,0.042083
216.35,0.04625
216.4,0.045833
216.45,0.045
216.5,0.045
216.55,0.040833
216.6,0.044167
216.65,0.042083
216.7,0.032917
216.75,0.04
216.8,0.04
216.85,0.035
216.9,0.036667
216.95,0.03875
217,0.0375
217.05,0.04125
217.1,0.035833
217.15,0.041667
217.2,0.047917
217.25,0.043333
217.3,0.041667
217.35,0.047083
217.4,0.045
217.45,0.045417
217.5,0.043333
217.55,0.042083
217.6,0.044167
217.65,0.040833
217.7,0.035
217.75,0.03875
217.8,0.039167
217.85,0.03375
217.9,0.040417
217.95,0.036667
218,0.037083
218.05,0.039167
218.1,0.036667
218.15,0.040833
218.2,0.044583
218.25,0.040417
218.3,0.040417
218.35,0.045833
218.4,0.04125
218.45,0.042083
218.5,0.04375
218.55,0.039167
218.6,0.040833
218.65,0.04
218.7,0.033333
218.75,0.039167
218.8,0.036667
218.85,0.033333
218.9,0.03625
218.95,0.034583
219,0.036667
219.05,0.039583
219.1,0.033333
219.15,0.039167
219.2,0.045417
219.25,0.040417
219.3,0.037917
219.35,0.046667
219.4,0.04375
219.45,0.044583
219.5,0.042917
219.55,0.039167
219.6,0.043333
219.65,0.039583
219.7,0.03375
219.75,0.037917
219.8,0.038333
219.85,0.0325
219.9,0.035833
219.95,0.035417
220,0.03625
220.05,0.03875
220.1,0.035
220.15,0.037083
220.2,0.045833
220.25,0.038333
220.3,0.037917
220.35,0.04375
220.4,0.0375
220.45,0.044167
220.5,0.042917
220.55,0.038333
220.6,0.039167
220.65,0.035833
220.7,0.0325
220.75,0.035833
220.8,0.037083
220.85,0.03
220.9,0.032917
220.95,0.032917
221,0.03375
221.05,0.0375
221.1,0.032083
221.15,0.036667
221.2,0.04375
221.25,0.03875
221.3,0.039167
221.35,0.042917
221.4,0.040833
221.45,0.040833
221.5,0.04
221.55,0.038333
221.6,0.039167
221.65,0.03875
221.7,0.03
221.75,0.035833
221.8,0.035833
221.85,0.029583
221.9,0.032917
221.95,0.035
222,0.03375
222.05,0.035833
222.1,0.034167
222.15,0.037917
222.2,0.044167
222.25,0.0375
222.3,0.03875
222.35,0.043333
222.4,0.041667
222.45,0.042083
222.5,0.040833
222.55,0.036667
222.6,0.040833
222.65,0.037083
222.7,0.0325
222.75,0.035833
222.8,0.035833
222.85,0.030417
222.9,0.0325
222.95,0.032917
223,0.033333
223.05,0.037083
223.1,0.034583
223.15,0.034583
223.2,0.042917
223.25,0.037917
223.3,0.036667
223.35,0.042083
223.4,0.04125
223.45,0.039583
223.5,0.040417
223.55,0.037083
223.6,0.039583
223.65,0.0375
223.7,0.03
223.75,0.035833
223.8,0.03625
223.85,0.030417
223.9,0.032917
223.95,0.03125
224,0.03
224.05,0.03625
224.1,0.03125
224.15,0.033333
224.2,0.041667
224.25,0.035833
224.3,0.036667
224.35,0.044167
224.4,0.040417
224.45,0.039583
224.5,0.039167
224.55,0.035833
224.6,0.038333
224.65,0.035833
224.7,0.031667
224.75,0.033333
224.8,0.035
224.85,0.027917
224.9,0.03
224.95,0.032083
225,0.031667
225.05,0.034583
225.1,0.03
225.15,0.03375
225.2,0.041667
225.25,0.035417
225.3,0.035417
225.35,0.040833
225.4,0.039167
225.45,0.03875
225.5,0.039583
225.55,0.03375
225.6,0.039583
225.65,0.034167
225.7,0.029167
225.75,0.032917
225.8,0.033333
225.85,0.028333
225.9,0.032083
225.95,0.030417
226,0.029167
226.05,0.035
226.1,0.030417
226.15,0.034167
226.2,0.039167
226.25,0.03375
226.3,0.035833
226.35,0.039167
226.4,0.037083
226.45,0.03625
226.5,0.037917
226.55,0.033333
226.6,0.035417
226.65,0.035
226.7,0.028333
226.75,0.031667
226.8,0.033333
226.85,0.0275
226.9,0.027917
226.95,0.030833
227,0.029167
227.05,0.0325
227.1,0.027083
227.15,0.03125
227.2,0.039583
227.25,0.03375
227.3,0.032917
227.35,0.03875
227.4,0.0375
227.45,0.036667
227.5,0.037083
227.55,0.03375
227.6,0.03625
227.65,0.034167
227.7,0.029167
227.75,0.032917
227.8,0.033333
227.85,0.026667
227.9,0.029167
227.95,0.030833
228,0.02875
228.05,0.032917
228.1,0.03
228.15,0.031667
228.2,0.040417
228.25,0.034583
228.3,0.034583
228.35,0.039167
228.4,0.035417
228.45,0.036667
228.5,0.037083
228.55,0.035833
228.6,0.0375
228.65,0.034167
228.7,0.025833
228.75,0.033333
228.8,0.0325
228.85,0.027083
228.9,0.029583
228.95,0.029167
229,0.03375
229.05,0.030833
229.1,0.0275
229.15,0.0325
229.2,0.040417
229.25,0.032917
229.3,0.03
229.35,0.039167
229.4,0.036667
229.45,0.034583
229.5,0.036667
229.55,0.032917
229.6,0.036667
229.65,0.033333
229.7,0.027083
229.75,0.032083
229.8,0.031667
229.85,0.025417
229.9,0.027917
229.95,0.02875
230,0.0275
230.05,0.030833
230.1,0.029167
230.15,0.03
230.2,0.036667
230.25,0.03375
230.3,0.034167
230.35,0.037917
230.4,0.034583
230.45,0.035
230.5,0.036667
230.55,0.0325
230.6,0.034583
230.65,0.033333
230.7,0.028333
230.75,0.031667
230.8,0.031667
230.85,0.024167
230.9,0.029583
230.95,0.027917
231,0.02875
231.05,0.03
231.1,0.03
231.15,0.030417
231.2,0.0375
231.25,0.033333
231.3,0.03125
231.35,0.038333
231.4,0.035417
231.45,0.037917
231.5,0.03625
231.55,0.031667
231.6,0.035833
231.65,0.030417
231.7,0.025833
231.75,0.029167
231.8,0.032083
231.85,0.02375
231.9,0.027083
231.95,0.02875
232,0.027917
232.05,0.028333
232.1,0.027083
232.15,0.03
232.2,0.037917
232.25,0.030833
232.3,0.032083
232.35,0.0375
232.4,0.035417
232.45,0.035417
232.5,0.03375
232.55,0.032083
232.6,0.034583
232.65,0.032083
232.7,0.025
232.75,0.030417
232.8,0.030417
232.85,0.022917
232.9,0.0275
232.95,0.02625
233,0.027083
233.05,0.03
233.1,0.026667
233.15,0.029167
233.2,0.035833
233.25,0.0325
233.3,0.030833
233.35,0.037917
233.4,0.035
233.45,0.03375
233.5,0.035
233.55,0.032083
233.6,0.035417
233.65,0.032917
233.7,0.025833
233.75,0.029167
233.8,0.03125
233.85,0.024167
233.9,0.026667
233.95,0.027083
234,0.0275
234.05,0.03
234.1,0.027083
234.15,0.02875
234.2,0.037083
234.25,0.031667
234.3,0.031667
234.35,0.037917
234.4,0.034167
234.45,0.033333
234.5,0.035833
234.55,0.031667
234.6,0.034167
234.65,0.030833
234.7,0.026667
234.75,0.030833
234.8,0.03125
234.85,0.0225
234.9,0.027083
234.95,0.027083
235,0.027083
235.05,0.027917
235.1,0.025833
235.15,0.03
235.2,0.035833
235.25,0.030417
235.3,0.030833
235.35,0.036667
235.4,0.034583
235.45,0.032917
235.5,0.033333
235.55,0.0325
235.6,0.0325
235.65,0.032083
235.7,0.024167
235.75,0.028333
235.8,0.029583
235.85,0.024167
235.9,0.027083
235.95,0.027083
236,0.025417
236.05,0.029583
236.1,0.025833
236.15,0.03
236.2,0.035833
236.25,0.03
236.3,0.029167
236.35,0.035417
236.4,0.034167
236.45,0.032917
236.5,0.032917
236.55,0.03125
236.6,0.034167
236.65,0.03
236.7,0.02375
236.75,0.02875
236.8,0.029583
236.85,0.02125
236.9,0.024583
236.95,0.026667
237,0.024167
237.05,0.028333
237.1,0.024167
237.15,0.028333
237.2,0.034167
237.25,0.029583
237.3,0.028333
237.35,0.03625
237.4,0.03375
237.45,0.032917
237.5,0.034583
237.55,0.030417
237.6,0.030833
237.65,0.029583
237.7,0.02375
237.75,0.027083
237.8,0.02875
237.85,0.021667
237.9,0.02625
237.95,0.025
238,0.025833
238.05,0.0275
238.1,0.025417
238.15,0.02875
238.2,0.032917
238.25,0.029167
238.3,0.03
238.35,0.035417
238.4,0.031667
238.45,0.032083
238.5,0.034583
238.55,0.03
238.6,0.032917
238.65,0.029167
238.7,0.022083
238.75,0.027083
238.8,0.02625
238.85,0.021667
238.9,0.024167
238.95,0.025833
239,0.02375
239.05,0.027083
239.1,0.02375
239.15,0.025
239.2,0.034167
239.25,0.02875
239.3,0.0275
239.35,0.034167
239.4,0.0325
239.45,0.032083
239.5,0.032083
239.55,0.03
239.6,0.03125
239.65,0.02875
239.7,0.02125
239.75,0.027083
239.8,0.0275
239.85,0.022083
239.9,0.025
239.95,0.02625
240,0.023333
240.05,0.027083
240.1,0.025417
240.15,0.025833
240.2,0.032917
240.25,0.029583
240.3,0.0275
240.35,0.032083
240.4,0.031667
240.45,0.030417
240.5,0.030417
240.55,0.02875
240.6,0.029167
240.65,0.027083
240.7,0.02125
240.75,0.027083
240.8,0.027083
240.85,0.02
240.9,0.022083
240.95,0.025
241,0.02375
241.05,0.027083
241.1,0.02125
241.15,0.027083
241.2,0.032917
241.25,0.028333
241.3,0.02625
241.35,0.0325
241.4,0.032083
241.45,0.030417
241.5,0.030833
241.55,0.02875
241.6,0.03125
241.65,0.02875
241.7,0.0225
241.75,0.027083
241.8,0.02625
241.85,0.022083
241.9,0.0225
241.95,0.02375
242,0.0225
242.05,0.025
242.1,0.02625
242.15,0.02625
242.2,0.032917
242.25,0.027917
242.3,0.02875
242.35,0.032083
242.4,0.03
242.45,0.030417
242.5,0.03
242.55,0.027917
242.6,0.030417
242.65,0.027917
242.7,0.02125
242.75,0.02625
242.8,0.026667
242.85,0.019583
242.9,0.022917
242.95,0.025833
243,0.022083
243.05,0.022917
243.1,0.0225
243.15,0.024583
243.2,0.032083
243.25,0.025833
243.3,0.024583
243.35,0.034167
243.4,0.029167
243.45,0.027083
243.5,0.027917
243.55,0.029167
243.6,0.03125
243.65,0.027083
243.7,0.018333
243.75,0.025417
243.8,0.02625
243.85,0.020417
243.9,0.020833
243.95,0.021667
244,0.022083
244.05,0.025
244.1,0.020833
244.15,0.02375
244.2,0.030417
244.25,0.025417
244.3,0.025
244.35,0.03
244.4,0.027917
244.45,0.027917
244.5,0.03
244.55,0.025417
244.6,0.026667
244.65,0.025833
244.7,0.019583
244.75,0.024167
244.8,0.023333
244.85,0.0175
244.9,0.019167
244.95,0.02125
245,0.020833
245.05,0.020833
245.1,0.019583
245.15,0.022917
245.2,0.03
245.25,0.02375
245.3,0.02375
245.35,0.032083
245.4,0.027083
245.45,0.027083
245.5,0.029167
245.55,0.027083
245.6,0.028333
245.65,0.025417
245.7,0.019167
245.75,0.024167
245.8,0.02375
245.85,0.017083
245.9,0.02125
245.95,0.022083
246,0.02
246.05,0.02375
246.1,0.020833
246.15,0.022917
246.2,0.03125
246.25,0.024583
246.3,0.024167
246.35,0.030833
246.4,0.027083
246.45,0.025417
246.5,0.02875
246.55,0.02625
246.6,0.02875
246.65,0.025
246.7,0.017917
246.75,0.02375
246.8,0.024583
246.85,0.017083
246.9,0.01875
246.95,0.0225
247,0.019167
247.05,0.02375
247.1,0.020417
247.15,0.0225
247.2,0.03
247.25,0.024167
247.3,0.024167
247.35,0.028333
247.4,0.027083
247.45,0.026667
247.5,0.027917
247.55,0.024583
247.6,0.027083
247.65,0.025833
247.7,0.019167
247.75,0.02375
247.8,0.02375
247.85,0.015417
247.9,0.020417
247.95,0.02
248,0.01875
248.05,0.021667
248.1,0.01875
248.15,0.02125
248.2,0.03
248.25,0.024167
248.3,0.02375
248.35,0.028333
248.4,0.027917
248.45,0.027083
248.5,0.0275
248.55,0.025833
248.6,0.027917
248.65,0.02375
248.7,0.0175
248.75,0.023333
248.8,0.022917
248.85,0.0175
248.9,0.018333
248.95,0.020833
249,0.02
249.05,0.02125
249.1,0.017917
249.15,0.022083
249.2,0.03
249.25,0.025417
249.3,0.0225
249.35,0.029583
249.4,0.025417
249.45,0.025833
249.5,0.026667
249.55,0.024167
249.6,0.025833
249.65,0.024167
249.7,0.017917
249.75,0.021667
249.8,0.020833
249.85,0.016667
249.9,0.02
249.95,0.02
250,0.017083
250.05,0.020417
250.1,0.018333
250.15,0.019583
250.2,0.0275
250.25,0.022917
250.3,0.0225
250.35,0.030417
250.4,0.028333
250.45,0.027083
250.5,0.026667
250.55,0.02375
250.6,0.026667
250.65,0.024583
250.7,0.0175
250.75,0.022917
250.8,0.02375
250.85,0.015417
250.9,0.017917
250.95,0.02
251,0.020417
251.05,0.021667
251.1,0.0175
251.15,0.020833
251.2,0.027917
251.25,0.022917
251.3,0.021667
251.35,0.028333
251.4,0.025833
251.45,0.025833
251.5,0.02625
251.55,0.025
251.6,0.02625
251.65,0.02375
251.7,0.019167
251.75,0.020833
251.8,0.020833
251.85,0.015
251.9,0.018333
251.95,0.019583
252,0.0175
252.05,0.019583
252.1,0.017083
252.15,0.019167
252.2,0.026667
252.25,0.022083
252.3,0.023333
252.35,0.02875
252.4,0.026667
252.45,0.025
252.5,0.02375
252.55,0.024583
252.6,0.02625
252.65,0.0225
252.7,0.017083
252.75,0.02
252.8,0.020833
252.85,0.014167
252.9,0.017917
252.95,0.019167
253,0.017917
253.05,0.018333
253.1,0.01625
253.15,0.020833
253.2,0.025833
253.25,0.02125
253.3,0.020833
253.35,0.0275
253.4,0.026667
253.45,0.02375
253.5,0.025833
253.55,0.02375
253.6,0.024583
253.65,0.02375
253.7,0.016667
253.75,0.020833
253.8,0.022083
253.85,0.01625
253.9,0.017917
253.95,0.017917
254,0.017083
254.05,0.02125
254.1,0.017083
254.15,0.020417
254.2,0.025833
254.25,0.0225
254.3,0.02375
254.35,0.0275
254.4,0.025833
254.45,0.02375
254.5,0.027083
254.55,0.0225
254.6,0.02375
254.65,0.02375
254.7,0.015417
254.75,0.020833
254.8,0.0225
254.85,0.015417
254.9,0.01875
254.95,0.017917
255,0.017083
255.05,0.020833
255.1,0.015833
255.15,0.017917
255.2,0.02625
255.25,0.022083
255.3,0.020833
255.35,0.027083
255.4,0.024167
255.45,0.023333
255.5,0.02625
255.55,0.023333
255.6,0.025
255.65,0.0225
255.7,0.015417
255.75,0.022083
255.8,0.02
255.85,0.01375
255.9,0.016667
255.95,0.0175
256,0.015417
256.05,0.017917
256.1,0.015
256.15,0.01875
256.2,0.024167
256.25,0.020833
256.3,0.019167
256.35,0.027917
256.4,0.025417
256.45,0.0225
256.5,0.02375
256.55,0.020833
256.6,0.024583
256.65,0.021667
256.7,0.015833
256.75,0.01875
256.8,0.019583
256.85,0.014583
256.9,0.015417
256.95,0.017917
257,0.015833
257.05,0.019583
257.1,0.015
257.15,0.017917
257.2,0.025833
257.25,0.020833
257.3,0.02
257.35,0.027083
257.4,0.024583
257.45,0.023333
257.5,0.024167
257.55,0.0225
257.6,0.02375
257.65,0.020833
257.7,0.01625
257.75,0.01875
257.8,0.0175
257.85,0.01375
257.9,0.015
257.95,0.016667
258,0.013333
258.05,0.017083
258.1,0.01625
258.15,0.017083
258.2,0.023333
258.25,0.02
258.3,0.020833
258.35,0.025417
258.4,0.02375
258.45,0.022083
258.5,0.0225
258.55,0.022083
258.6,0.02375
258.65,0.022917
258.7,0.01375
258.75,0.01875
258.8,0.019167
258.85,0.0125
258.9,0.015417
258.95,0.016667
259,0.013333
259.05,0.017917
259.1,0.014167
259.15,0.0175
259.2,0.02375
259.25,0.02
259.3,0.01875
259.35,0.025417
259.4,0.0225
259.45,0.022083
259.5,0.02375
259.55,0.020833
259.6,0.022917
259.65,0.0225
259.7,0.01375
259.75,0.019167
259.8,0.019167
259.85,0.014167
259.9,0.015833
259.95,0.017083
260,0.014583
260.05,0.017083
260.1,0.015
260.15,0.0175
260.2,0.024167
260.25,0.018333
260.3,0.01875
260.35,0.025833
260.4,0.022917
260.45,0.021667
260.5,0.023333
260.55,0.02125
260.6,0.02375
260.65,0.022083
260.7,0.015
260.75,0.018333
260.8,0.020417
260.85,0.012083
260.9,0.014583
260.95,0.016667
261,0.015
261.05,0.015
261.1,0.015
261.15,0.016667
261.2,0.02375
261.25,0.01875
261.3,0.01875
261.35,0.025833
261.4,0.0225
261.45,0.022083
261.5,0.023333
261.55,0.02125
261.6,0.0225
261.65,0.021667
261.7,0.013333
261.75,0.01625
261.8,0.0175
261.85,0.011667
261.9,0.01375
261.95,0.015
262,0.014167
262.05,0.017083
262.1,0.012083
262.15,0.015833
262.2,0.020833
262.25,0.019583
262.3,0.0175
262.35,0.02375
262.4,0.02375
262.45,0.023333
262.5,0.020417
262.55,0.020417
262.6,0.021667
262.65,0.020833
262.7,0.013333
262.75,0.017917
262.8,0.01875
262.85,0.0095833
262.9,0.013333
262.95,0.015417
263,0.011667
263.05,0.015417
263.1,0.0125
263.15,0.015
263.2,0.02
263.25,0.018333
263.3,0.017083
263.35,0.020833
263.4,0.020833
263.45,0.017917
263.5,0.02
263.55,0.02125
263.6,0.020833
263.65,0.017917
263.7,0.011667
263.75,0.015417
263.8,0.01625
263.85,0.01
263.9,0.012917
263.95,0.013333
264,0.013333
264.05,0.0125
264.1,0.011667
264.15,0.014167
264.2,0.019583
264.25,0.017083
264.3,0.015417
264.35,0.023333
264.4,0.020833
264.45,0.018333
264.5,0.020833
264.55,0.019167
264.6,0.02125
264.65,0.01875
264.7,0.010833
264.75,0.014583
264.8,0.017917
264.85,0.0091667
264.9,0.0125
264.95,0.012917
265,0.011667
265.05,0.014583
265.1,0.011667
265.15,0.012917
265.2,0.020417
265.25,0.01625
265.3,0.01625
265.35,0.023333
265.4,0.018333
265.45,0.018333
265.5,0.021667
265.55,0.018333
265.6,0.019583
265.65,0.017917
265.7,0.012917
265.75,0.015417
265.8,0.015417
265.85,0.0091667
265.9,0.012083
265.95,0.015
266,0.011667
266.05,0.015
266.1,0.01125
266.15,0.014583
266.2,0.021667
266.25,0.016667
266.3,0.015
266.35,0.022917
266.4,0.020833
266.45,0.018333
266.5,0.020833
266.55,0.01875
266.6,0.019583
266.65,0.017083
266.7,0.010417
266.75,0.015417
266.8,0.016667
266.85,0.0083333
266.9,0.01125
266.95,0.014583
267,0.011667
267.05,0.01375
267.1,0.011667
267.15,0.014167
267.2,0.020833
267.25,0.017083
267.3,0.01625
267.35,0.022083
267.4,0.02
267.45,0.018333
267.5,0.020833
267.55,0.01875
267.6,0.020417
267.65,0.018333
267.7,0.011667
267.75,0.015417
267.8,0.01875
267.85,0.00875
267.9,0.010833
267.95,0.0125
268,0.01125
268.05,0.012083
268.1,0.01
268.15,0.012917
268.2,0.020833
268.25,0.015
268.3,0.015
268.35,0.020833
268.4,0.019583
268.45,0.017917
268.5,0.019583
268.55,0.017917
268.6,0.02
268.65,0.015833
268.7,0.0125
268.75,0.01625
268.8,0.015417
268.85,0.00875
268.9,0.013333
268.95,0.013333
269,0.00875
269.05,0.012083
269.1,0.010833
269.15,0.011667
269.2,0.020417
269.25,0.015833
269.3,0.016667
269.35,0.020833
269.4,0.02
269.45,0.017917
269.5,0.017917
269.55,0.016667
269.6,0.019167
269.65,0.015833
269.7,0.011667
269.75,0.015
269.8,0.015417
269.85,0.0075
269.9,0.010833
269.95,0.010833
270,0.0095833
270.05,0.012083
270.1,0.01125
270.15,0.01375
270.2,0.01875
270.25,0.015
270.3,0.015833
270.35,0.020833
270.4,0.020417
270.45,0.018333
270.5,0.01875
270.55,0.0175
270.6,0.020833
270.65,0.01625
270.7,0.01125
270.75,0.01375
270.8,0.015
270.85,0.0079167
270.9,0.010417
270.95,0.011667
271,0.00875
271.05,0.01375
271.1,0.0091667
271.15,0.012917
271.2,0.019583
271.25,0.015
271.3,0.014167
271.35,0.020417
271.4,0.019583
271.45,0.0175
271.5,0.019167
271.55,0.015417
271.6,0.019583
271.65,0.0175
271.7,0.010833
271.75,0.014583
271.8,0.012917
271.85,0.00625
271.9,0.011667
271.95,0.0125
272,0.0079167
272.05,0.0125
272.1,0.010833
272.15,0.01125
272.2,0.02125
272.25,0.01375
272.3,0.015
272.35,0.022917
272.4,0.018333
272.45,0.017917
272.5,0.020417
272.55,0.017917
272.6,0.019167
272.65,0.017083
272.7,0.010833
272.75,0.015
272.8,0.015
272.85,0.00875
272.9,0.010833
272.95,0.012917
273,0.01
273.05,0.013333
273.1,0.01125
273.15,0.011667
273.2,0.019583
273.25,0.015833
273.3,0.015833
273.35,0.0225
273.4,0.019167
273.45,0.017917
273.5,0.019583
273.55,0.017917
273.6,0.017917
273.65,0.0175
273.7,0.010833
273.75,0.01125
273.8,0.014167
273.85,0.0083333
273.9,0.011667
273.95,0.011667
274,0.01
274.05,0.011667
274.1,0.011667
274.15,0.013333
274.2,0.017917
274.25,0.014583
274.3,0.015
274.35,0.020417
274.4,0.018333
274.45,0.015
274.5,0.0175
274.55,0.016667
274.6,0.019167
274.65,0.01625
274.7,0.01625
274.75,0.013333
274.8,0.014583
274.85,0.0070833
274.9,0.00875
274.95,0.011667
275,0.0091667
275.05,0.01
275.1,0.0091667
275.15,0.011667
275.2,0.017917
275.25,0.01375
275.3,0.0125
275.35,0.020833
275.4,0.019167
275.45,0.015833
275.5,0.01875
275.55,0.015833
275.6,0.017917
275.65,0.01625
275.7,0.0095833
275.75,0.0125
275.8,0.014167
275.85,0.0058333
275.9,0.0095833
275.95,0.012083
276,0.00625
276.05,0.014167
276.1,0.00875
276.15,0.010417
276.2,0.017917
276.25,0.01375
276.3,0.011667
276.35,0.02
276.4,0.017917
276.45,0.017083
276.5,0.0175
276.55,0.01625
276.6,0.01625
276.65,0.015
276.7,0.00875
276.75,0.013333
276.8,0.0125
276.85,0.0058333
276.9,0.01
276.95,0.01125
277,0.0070833
277.05,0.010417
277.1,0.00875
277.15,0.01
277.2,0.015417
277.25,0.014583
277.3,0.01375
277.35,0.01875
277.4,0.016667
277.45,0.015833
277.5,0.017917
277.55,0.015
277.6,0.016667
277.65,0.016667
277.7,0.0079167
277.75,0.0125
277.8,0.014167
277.85,0.0058333
277.9,0.010417
277.95,0.010833
278,0.0070833
278.05,0.010417
278.1,0.00875
278.15,0.010417
278.2,0.017917
278.25,0.0125
278.3,0.0125
278.35,0.02
278.4,0.017917
278.45,0.01375
278.5,0.017083
278.55,0.015833
278.6,0.017083
278.65,0.014583
278.7,0.0075
278.75,0.012917
278.8,0.013333
278.85,0.0058333
278.9,0.0083333
278.95,0.0125
279,0.0075
279.05,0.01
279.1,0.00875
279.15,0.010417
279.2,0.01875
279.25,0.012083
279.3,0.01
279.35,0.01875
279.4,0.017083
279.45,0.013333
279.5,0.016667
279.55,0.015
279.6,0.01625
279.65,0.014167
279.7,0.0070833
279.75,0.010833
279.8,0.0125
279.85,0.0041667
279.9,0.00625
279.95,0.010417
280,0.0066667
280.05,0.0083333
280.1,0.00625
280.15,0.0075
280.2,0.01625
280.25,0.0125
280.3,0.011667
280.35,0.015417
280.4,0.016667
280.45,0.01375
280.5,0.015833
280.55,0.013333
280.6,0.015833
280.65,0.011667
280.7,0.0083333
280.75,0.01125
280.8,0.011667
280.85,0.0033333
280.9,0.00625
280.95,0.00875
281,0.0058333
281.05,0.0075
281.1,0.00625
281.15,0.00875
281.2,0.014583
281.25,0.01125
281.3,0.011667
281.35,0.016667
281.4,0.015417
281.45,0.0125
281.5,0.015833
281.55,0.01375
281.6,0.015
281.65,0.013333
281.7,0.0095833
281.75,0.0095833
281.8,0.010833
281.85,0.00375
281.9,0.0075
281.95,0.0075
282,0.0058333
282.05,0.00875
282.1,0.0070833
282.15,0.00875
282.2,0.015
282.25,0.01125
282.3,0.012083
282.35,0.017917
282.4,0.014583
282.45,0.01375
282.5,0.014583
282.55,0.015
282.6,0.015417
282.65,0.012917
282.7,0.0058333
282.75,0.010833
282.8,0.010833
282.85,0.0045833
282.9,0.00625
282.95,0.0095833
283,0.0054167
283.05,0.00875
283.1,0.0054167
283.15,0.0095833
283.2,0.0125
283.25,0.01
283.3,0.00875
283.35,0.017917
283.4,0.015833
283.45,0.015
283.5,0.014583
283.55,0.013333
283.6,0.015
283.65,0.0125
283.7,0.0058333
283.75,0.011667
283.8,0.012917
283.85,0.0054167
283.9,0.0075
283.95,0.0091667
284,0.0058333
284.05,0.00875
284.1,0.0079167
284.15,0.0091667
284.2,0.014167
284.25,0.00875
284.3,0.01
284.35,0.0175
284.4,0.015
284.45,0.012917
284.5,0.015
284.55,0.013333
284.6,0.015
284.65,0.012917
284.7,0.00625
284.75,0.010833
284.8,0.011667
284.85,0.0041667
284.9,0.0075
284.95,0.0079167
285,0.0066667
285.05,0.0070833
285.1,0.0058333
285.15,0.0070833
285.2,0.0125
285.25,0.01
285.3,0.01
285.35,0.016667
285.4,0.012917
285.45,0.0125
285.5,0.015833
285.55,0.012917
285.6,0.013333
285.65,0.014583
285.7,0.0066667
285.75,0.01
285.8,0.010417
285.85,0.0029167
285.9,0.0054167
285.95,0.0075
286,0.0041667
286.05,0.0075
286.1,0.0058333
286.15,0.0070833
286.2,0.012917
286.25,0.01
286.3,0.0095833
286.35,0.0175
286.4,0.013333
286.45,0.01
286.5,0.014583
286.55,0.014583
286.6,0.015
286.65,0.012083
286.7,0.0066667
286.75,0.01
286.8,0.012083
286.85,0.0020833
286.9,0.0041667
286.95,0.00875
287,0.0054167
287.05,0.0079167
287.1,0.0045833
287.15,0.0058333
287.2,0.012917
287.25,0.01
287.3,0.0083333
287.35,0.014583
287.4,0.014167
287.45,0.011667
287.5,0.015
287.55,0.0125
287.6,0.014167
287.65,0.012917
287.7,0.0054167
287.75,0.010417
287.8,0.010417
287.85,0.0025
287.9,0.0070833
287.95,0.0091667
288,0.0058333
288.05,0.00625
288.1,0.005
288.15,0.0070833
288.2,0.015
288.25,0.0091667
288.3,0.0079167
288.35,0.016667
288.4,0.01375
288.45,0.01125
288.5,0.013333
288.55,0.0125
288.6,0.0125
288.65,0.01125
288.7,0.0058333
288.75,0.01
288.8,0.01
288.85,0.0033333
288.9,0.0054167
288.95,0.0070833
289,0.0054167
289.05,0.0058333
289.1,0.0058333
289.15,0.0058333
289.2,0.0125
289.25,0.01125
289.3,0.010417
289.35,0.015833
289.4,0.013333
289.45,0.013333
289.5,0.015
289.55,0.013333
289.6,0.015
289.65,0.011667
289.7,0.0075
289.75,0.0091667
289.8,0.014583
289.85,0.0029167
289.9,0.0058333
289.95,0.0070833
290,0.0058333
290.05,0.0075
290.1,0.0054167
290.15,0.0066667
290.2,0.011667
290.25,0.010833
290.3,0.0079167
290.35,0.016667
290.4,0.013333
290.45,0.011667
290.5,0.015
290.55,0.010833
290.6,0.0125
290.65,0.012917
290.7,0.0058333
290.75,0.00875
290.8,0.010833
290.85,0.0025
290.9,0.005
290.95,0.0058333
291,0.0058333
291.05,0.0054167
291.1,0.00375
291.15,0.0066667
291.2,0.012083
291.25,0.00875
291.3,0.01
291.35,0.017083
291.4,0.014583
291.45,0.01
291.5,0.01375
291.55,0.01375
291.6,0.015
291.65,0.0125
291.7,0.0058333
291.75,0.010833
291.8,0.01125
291.85,0.0041667
291.9,0.0041667
291.95,0.0075
292,0.0066667
292.05,0.0058333
292.1,0.0041667
292.15,0.0066667
292.2,0.01375
292.25,0.0091667
292.3,0.0079167
292.35,0.017083
292.4,0.015
292.45,0.0095833
292.5,0.012917
292.55,0.011667
292.6,0.0125
292.65,0.013333
292.7,0.005
292.75,0.0091667
292.8,0.01
292.85,0.0020833
292.9,0.005
292.95,0.0075
293,0.0020833
293.05,0.0066667
293.1,0.0058333
293.15,0.0041667
293.2,0.012083
293.25,0.01
293.3,0.00875
293.35,0.015417
293.4,0.011667
293.45,0.011667
293.5,0.015
293.55,0.012083
293.6,0.0125
293.65,0.011667
293.7,0.0058333
293.75,0.0083333
293.8,0.01
293.85,0.00125
293.9,0.00375
293.95,0.0070833
294,0.0029167
294.05,0.005
294.1,0.0033333
294.15,0.0054167
294.2,0.01125
294.25,0.00875
294.3,0.0058333
294.35,0.015417
294.4,0.012083
294.45,0.0095833
294.5,0.014167
294.55,0.011667
294.6,0.015
294.65,0.012083
294.7,0.0058333
294.75,0.0091667
294.8,0.010417
294.85,0.0020833
294.9,0.0029167
294.95,0.0058333
295,0.0033333
295.05,0.0054167
295.1,0.0041667
295.15,0.0054167
295.2,0.0125
295.25,0.00875
295.3,0.0075
295.35,0.014583
295.4,0.0125
295.45,0.0095833
295.5,0.0125
295.55,0.011667
295.6,0.0125
295.65,0.010833
295.7,0.005
295.75,0.0095833
295.8,0.01
295.85,0.0016667
295.9,0.00375
295.95,0.0075
296,0.0045833
296.05,0.00375
296.1,0.0029167
296.15,0.0058333
296.2,0.010417
296.25,0.00875
296.3,0.0058333
296.35,0.014583
296.4,0.01375
296.45,0.0095833
296.5,0.011667
296.55,0.012083
296.6,0.012917
296.65,0.011667
296.7,0.005
296.75,0.00875
296.8,0.010833
296.85,0
296.9,0.0045833
296.95,0.0070833
297,0.00125
297.05,0.0045833
297.1,0.00375
297.15,0.0058333
297.2,0.00875
297.25,0.0075
297.3,0.0079167
297.35,0.01375
297.4,0.01125
297.45,0.010417
297.5,0.010833
297.55,0.012083
297.6,0.014583
297.65,0.010833
297.7,0.0045833
297.75,0.0083333
297.8,0.0091667
297.85,4.1667E-4
297.9,0.0029167
297.95,0.00625
298,0.0020833
298.05,0.00375
298.1,0.0033333
298.15,0.0054167
298.2,0.010417
298.25,0.0075
298.3,0.0066667
298.35,0.014167
298.4,0.0125
298.45,0.00875
298.5,0.011667
298.55,0.0125
298.6,0.012083
298.65,0.011667
298.7,0.00375
298.75,0.0083333
298.8,0.00875
298.85,8.3333E-4
298.9,0.00375
298.95,0.0054167
299,0.0016667
299.05,0.0045833
299.1,0.00375
299.15,0.00375
299.2,0.01125
299.25,0.0070833
299.3,0.0058333
299.35,0.01375
299.4,0.011667
299.45,0.00875
299.5,0.012917
299.55,0.010833
299.6,0.01125
299.65,0.010417
299.7,0.0045833
299.75,0.00875
299.8,0.0091667
299.85,0.00125
299.9,0.0029167
299.95,0.0079167
300,0.00125
300.05,0.00375
300.1,0.0020833
300.15,0.005
300.2,0.01
300.25,0.0075
300.3,0.0045833
300.35,0.014167
300.4,0.01125
300.45,0.01
300.5,0.01125
300.55,0.010833
300.6,0.011667
300.65,0.010833
300.7,0.0033333
300.75,0.0083333
300.8,0.0091667
300.85,-4.1667E-4
300.9,0.0041667
300.95,0.0058333
301,0.0016667
301.05,0.00375
301.1,0.0025
301.15,0.0041667
301.2,0.00875
301.25,0.0075
301.3,0.0070833
301.35,0.01375
301.4,0.010833
301.45,0.0083333
301.5,0.011667
301.55,0.010417
301.6,0.011667
301.65,0.011667
301.7,0.00375
301.75,0.0075
301.8,0.00875
301.85,0
301.9,0.0033333
301.95,0.005
302,0.0033333
302.05,0.00375
302.1,0.00375
302.15,0.00375
302.2,0.010833
302.25,0.00875
302.3,0.0070833
302.35,0.014167
302.4,0.011667
302.45,0.0095833
302.5,0.010833
302.55,0.012917
302.6,0.011667
302.65,0.010417
302.7,0.0045833
302.75,0.0075
302.8,0.0095833
302.85,0
302.9,0.0029167
302.95,0.0058333
303,8.3333E-4
303.05,0.0045833
303.1,0.0025
303.15,0.0033333
303.2,0.0091667
303.25,0.00625
303.3,0.0058333
303.35,0.012083
303.4,0.01
303.45,0.01
303.5,0.010417
303.55,0.0125
303.6,0.0125
303.65,0.01
303.7,0.00375
303.75,0.0079167
303.8,0.0066667
303.85,4.1667E-4
303.9,0.0033333
303.95,0.0066667
304,0.0029167
304.05,0.0045833
304.1,0.0029167
304.15,0.0041667
304.2,0.010833
304.25,0.0075
304.3,0.00625
304.35,0.013333
304.4,0.0125
304.45,0.00875
304.5,0.010833
304.55,0.011667
304.6,0.010833
304.65,0.0091667
304.7,0.00375
304.75,0.00625
304.8,0.0079167
304.85,8.3333E-4
304.9,0.0033333
304.95,0.0070833
305,0.0020833
305.05,0.0041667
305.1,0.0041667
305.15,0.0029167
305.2,0.01
305.25,0.0070833
305.3,0.0058333
305.35,0.014583
305.4,0.010833
305.45,0.0079167
305.5,0.011667
305.55,0.010833
305.6,0.01125
305.65,0.010833
305.7,0.00625
305.75,0.00875
305.8,0.0083333
305.85,8.3333E-4
305.9,0.0029167
305.95,0.0058333
306,0.0016667
306.05,0.0045833
306.1,0.0025
306.15,0.0045833
306.2,0.01
306.25,0.0070833
306.3,0.0058333
306.35,0.014583
306.4,0.011667
306.45,0.0083333
306.5,0.011667
306.55,0.011667
306.6,0.010417
306.65,0.01
306.7,0.005
306.75,0.0079167
306.8,0.0079167
306.85,8.3333E-4
306.9,0.0020833
306.95,0.0054167
307,0.0025
307.05,0.00375
307.1,0.0029167
307.15,0.0029167
307.2,0.010417
307.25,0.0066667
307.3,0.005
307.35,0.012917
307.4,0.010417
307.45,0.00875
307.5,0.01125
307.55,0.011667
307.6,0.012083
307.65,0.00875
307.7,0.0054167
307.75,0.0075
307.8,0.00875
307.85,-8.3333E-4
307.9,0.0025
307.95,0.0045833
308,0.0029167
308.05,0.0029167
308.1,0.0033333
308.15,0.0029167
308.2,0.0083333
308.25,0.0058333
308.3,0.005
308.35,0.014583
308.4,0.017083
308.45,0.00875
308.5,0.012083
308.55,0.0091667
308.6,0.010417
308.65,0.011667
308.7,0.0029167
308.75,0.0066667
308.8,0.0095833
308.85,0
308.9,0.0025
308.95,0.005
309,0.0025
309.05,8.3333E-4
309.1,0.0016667
309.15,0.0033333
309.2,0.0058333
309.25,0.0058333
309.3,0.0070833
309.35,0.012083
309.4,0.01
309.45,0.0083333
309.5,0.01125
309.55,0.010417
309.6,0.010417
309.65,0.01125
309.7,0.0045833
309.75,0.0070833
309.8,0.00625
309.85,0
309.9,0.0029167
309.95,0.0054167
310,0.0029167
310.05,0.0025
310.1,0.0025
310.15,0.0066667
310.2,0.01
310.25,0.0058333
310.3,0.00625
310.35,0.013333
310.4,0.011667
310.45,0.0083333
310.5,0.011667
310.55,0.01125
310.6,0.011667
310.65,0.0095833
310.7,0.0054167
310.75,0.0054167
310.8,0.0095833
310.85,0
310.9,0.0025
310.95,0.0058333
311,0.0020833
311.05,0.00375
311.1,0.0025
311.15,0.0029167
311.2,0.01
311.25,0.0075
311.3,0.00375
311.35,0.012917
311.4,0.01125
311.45,0.00875
311.5,0.011667
311.55,0.011667
311.6,0.01125
311.65,0.011667
311.7,0.0041667
311.75,0.0066667
311.8,0.0083333
311.85,-8.3333E-4
311.9,0.0029167
311.95,0.0058333
312,4.1667E-4
312.05,0.0033333
312.1,0.0020833
312.15,0.0025
312.2,0.01
312.25,0.0058333
312.3,0.0058333
312.35,0.012917
312.4,0.012083
312.45,0.00875
312.5,0.010417
312.55,0.011667
312.6,0.0125
312.65,0.01125
312.7,0.0033333
312.75,0.0083333
312.8,0.0083333
312.85,4.1667E-4
312.9,0.0029167
312.95,0.0079167
313,0.0025
313.05,0.0029167
313.1,0.0025
313.15,0.0045833
313.2,0.00875
313.25,0.0066667
313.3,0.005
313.35,0.012083
313.4,0.010833
313.45,0.00875
313.5,0.0095833
313.55,0.010833
313.6,0.01
313.65,0.010417
313.7,0.005
313.75,0.0070833
313.8,0.0070833
313.85,0.0020833
313.9,0.0029167
313.95,0.0083333
314,0.0025
314.05,0.0033333
314.1,0.00375
314.15,0.0029167
314.2,0.01
314.25,0.0054167
314.3,0.0041667
314.35,0.012917
314.4,0.01
314.45,0.0075
314.5,0.01125
314.55,0.011667
314.6,0.011667
314.65,0.0095833
314.7,0.0058333
314.75,0.0075
314.8,0.0079167
314.85,0.0016667
314.9,0.0029167
314.95,0.0066667
315,0.0025
315.05,0.0020833
315.1,0.0016667
315.15,0.00375
315.2,0.0091667
315.25,0.00625
315.3,0.0058333
315.35,0.012917
315.4,0.011667
315.45,0.0079167
315.5,0.01125
315.55,0.010833
315.6,0.010833
315.65,0.0091667
315.7,0.0058333
315.75,0.0066667
315.8,0.0070833
315.85,0.0020833
315.9,0.0029167
315.95,0.0058333
316,0.0016667
316.05,0.0033333
316.1,0.0029167
316.15,0.00375
316.2,0.00875
316.25,0.0070833
316.3,0.0054167
316.35,0.013333
316.4,0.012083
316.45,0.0066667
316.5,0.012083
316.55,0.011667
316.6,0.012917
316.65,0.01125
316.7,0.0045833
316.75,0.0070833
316.8,0.0091667
316.85,0
316.9,0.0029167
316.95,0.0058333
317,0.0033333
317.05,0.0033333
317.1,0.0033333
317.15,0.0033333
317.2,0.0095833
317.25,0.0070833
317.3,0.0058333
317.35,0.012917
317.4,0.01125
317.45,0.0083333
317.5,0.0125
317.55,0.010833
317.6,0.010833
317.65,0.012083
317.7,0.0058333
317.75,0.0083333
317.8,0.010417
317.85,0.0020833
317.9,0.0029167
317.95,0.0054167
318,0.005
318.05,0.0033333
318.1,0.0033333
318.15,0.00375
318.2,0.0091667
318.25,0.0070833
318.3,0.0058333
318.35,0.01375
318.4,0.013333
318.45,0.0079167
318.5,0.0125
318.55,0.0091667
318.6,0.012917
318.65,0.010833
318.7,0.0058333
318.75,0.0079167
318.8,0.00875
318.85,4.1667E-4
318.9,0.0029167
318.95,0.005
319,0.0041667
319.05,0.0029167
319.1,0.0033333
319.15,0.0058333
319.2,0.0075
319.25,0.0075
319.3,0.0054167
319.35,0.014583
319.4,0.010833
319.45,0.0075
319.5,0.011667
319.55,0.010833
319.6,0.010417
319.65,0.012083
319.7,0.0041667
319.75,0.0070833
319.8,0.00875
319.85,0.00125
319.9,0.0025
319.95,0.005
320,0.0033333
320.05,0.0029167
320.1,0.0020833
320.15,0.005
320.2,0.0083333
320.25,0.0058333
320.3,0.0070833
320.35,0.014167
320.4,0.011667
320.45,0.0083333
320.5,0.01
320.55,0.012083
320.6,0.012083
320.65,0.01125
320.7,0.0058333
320.75,0.0083333
320.8,0.0095833
320.85,0
320.9,0.0029167
320.95,0.0058333
321,0.0029167
321.05,0.0033333
321.1,0.0033333
321.15,0.0054167
321.2,0.0079167
321.25,0.0070833
321.3,0.0066667
321.35,0.013333
321.4,0.011667
321.45,0.0091667
321.5,0.01125
321.55,0.012083
321.6,0.010833
321.65,0.010833
321.7,0.0058333
321.75,0.0075
321.8,0.00875
321.85,-4.1667E-4
321.9,0.0025
321.95,0.0058333
322,4.1667E-4
322.05,0.0025
322.1,0.0029167
322.15,0.0033333
322.2,0.0079167
322.25,0.0070833
322.3,0.0058333
322.35,0.012083
322.4,0.010833
322.45,0.0066667
322.5,0.0125
322.55,0.010833
322.6,0.011667
322.65,0.010833
322.7,0.0054167
322.75,0.0075
322.8,0.00875
322.85,8.3333E-4
322.9,0.0029167
322.95,0.0083333
323,0.0025
323.05,0.00375
323.1,0.0041667
323.15,0.0020833
323.2,0.0095833
323.25,0.0058333
323.3,0.005
323.35,0.0125
323.4,0.011667
323.45,0.0083333
323.5,0.010417
323.55,0.011667
323.6,0.011667
323.65,0.010833
323.7,0.00625
323.75,0.0083333
323.8,0.0091667
323.85,0
323.9,0.0029167
323.95,0.0070833
324,0.00125
324.05,0.0033333
324.1,0.0029167
324.15,0.0025
324.2,0.0095833
324.25,0.0066667
324.3,0.0066667
324.35,0.011667
324.4,0.0125
324.45,0.0079167
324.5,0.010833
324.55,0.012083
324.6,0.010417
324.65,0.01
324.7,0.005
324.75,0.00875
324.8,0.01
324.85,-8.3333E-4
324.9,0.0029167
324.95,0.0070833
325,0.0016667
325.05,0.0029167
325.1,0.00125
325.15,0.0025
325.2,0.0095833
325.25,0.0045833
325.3,0.0058333
325.35,0.012917
325.4,0.011667
325.45,0.0083333
325.5,0.011667
325.55,0.0125
325.6,0.01125
325.65,0.0091667
325.7,0.0054167
325.75,0.00625
325.8,0.0075
325.85,0.0020833
325.9,0.0020833
325.95,0.0058333
326,0.0020833
326.05,0.0033333
326.1,0.0041667
326.15,0.0025
326.2,0.0075
326.25,0.0058333
326.3,0.0066667
326.35,0.011667
326.4,0.01
326.45,0.0079167
326.5,0.012917
326.55,0.011667
326.6,0.01125
326.65,0.0095833
326.7,0.0045833
326.75,0.0083333
326.8,0.0091667
326.85,0.00125
326.9,8.3333E-4
326.95,0.0058333
327,0.0016667
327.05,0.0020833
327.1,0.0029167
327.15,0.0041667
327.2,0.0083333
327.25,0.0058333
327.3,0.0029167
327.35,0.01625
327.4,0.010417
327.45,0.00625
327.5,0.01125
327.55,0.0091667
327.6,0.0091667
327.65,0.010833
327.7,0.0041667
327.75,0.0066667
327.8,0.0083333
327.85,0
327.9,0.0020833
327.95,0.0054167
328,0.0025
328.05,0.0029167
328.1,0.00375
328.15,0.0020833
328.2,0.00875
328.25,0.0066667
328.3,0.00375
328.35,0.012917
328.4,0.011667
328.45,0.0058333
328.5,0.0125
328.55,0.011667
328.6,0.010417
328.65,0.011667
328.7,0.0045833
328.75,0.0079167
328.8,0.0079167
328.85,0.00125
328.9,0.0020833
328.95,0.0066667
329,0.0033333
329.05,0.0033333
329.1,0.0020833
329.15,0.0045833
329.2,0.00875
329.25,0.005
329.3,0.0058333
329.35,0.013333
329.4,0.011667
329.45,0.00625
329.5,0.0125
329.55,0.011667
329.6,0.011667
329.65,0.01
329.7,0.00625
329.75,0.0075
329.8,0.0070833
329.85,0.0020833
329.9,0.0020833
329.95,0.0066667
330,0.00125
330.05,0.0029167
330.1,0.0041667
330.15,0.0029167
330.2,0.00875
330.25,0.0066667
330.3,0.005
330.35,0.011667
330.4,0.010833
330.45,0.00625
330.5,0.011667
330.55,0.0095833
330.6,0.0091667
330.65,0.0083333
330.7,0.00625
330.75,0.0066667
330.8,0.0083333
330.85,8.3333E-4
330.9,0.0020833
330.95,0.0058333
331,0.0029167
331.05,0.0029167
331.1,0.0029167
331.15,0.005
331.2,0.00875
331.25,0.0066667
331.3,0.0058333
331.35,0.01375
331.4,0.012083
331.45,0.00875
331.5,0.010833
331.55,0.011667
331.6,0.01125
331.65,0.01125
331.7,0.0058333
331.75,0.0079167
331.8,0.00875
331.85,0.00125
331.9,0.0020833
331.95,0.00625
332,0.0020833
332.05,0.0020833
332.1,0.00375
332.15,0.00375
332.2,0.0066667
332.25,0.0054167
332.3,0.0029167
332.35,0.012083
332.4,0.01125
332.45,0.0083333
332.5,0.010833
332.55,0.011667
332.6,0.01125
332.65,0.011667
332.7,0.0045833
332.75,0.00875
332.8,0.01
332.85,8.3333E-4
332.9,0.00125
332.95,0.0070833
333,0.0016667
333.05,0.00125
333.1,0.0016667
333.15,0.0041667
333.2,0.0070833
333.25,0.00625
333.3,0.0045833
333.35,0.0125
333.4,0.013333
333.45,0.0083333
333.5,0.011667
333.55,0.011667
333.6,0.0095833
333.65,0.01125
333.7,0.0058333
333.75,0.00625
333.8,0.0095833
333.85,-4.1667E-4
333.9,0.0025
333.95,0.005
334,8.3333E-4
334.05,0.0029167
334.1,0.0041667
334.15,0.00375
334.2,0.0075
334.25,0.00625
334.3,0.0070833
334.35,0.011667
334.4,0.0083333
334.45,0.0079167
334.5,0.012917
334.55,0.010417
334.6,0.0091667
334.65,0.010417
334.7,0.00625
334.75,0.0079167
334.8,0.01
334.85,0.00125
334.9,0.0029167
334.95,0.0054167
335,0.0029167
335.05,0.00375
335.1,0.00375
335.15,0.0054167
335.2,0.0075
335.25,0.0058333
335.3,0.0045833
335.35,0.014167
335.4,0.011667
335.45,0.0070833
335.5,0.0125
335.55,0.011667
335.6,0.0095833
335.65,0.01125
335.7,0.0041667
335.75,0.0075
335.8,0.010417
335.85,0
335.9,0.0020833
335.95,0.0066667
336,0.0029167
336.05,0.0033333
336.1,0.0029167
336.15,0.005
336.2,0.0095833
336.25,0.0058333
336.3,0.005
336.35,0.012917
336.4,0.012083
336.45,0.00875
336.5,0.015417
336.55,0.012917
336.6,0.012083
336.65,0.011667
336.7,0.0058333
336.75,0.00875
336.8,0.00875
336.85,0.0016667
336.9,0.0020833
336.95,0.0070833
337,0.0033333
337.05,0.00375
337.1,0.0033333
337.15,0.0029167
337.2,0.00875
337.25,0.0054167
337.3,0.0066667
337.35,0.012083
337.4,0.0125
337.45,0.0083333
337.5,0.010833
337.55,0.0125
337.6,0.01
337.65,0.01125
337.7,0.0066667
337.75,0.0066667
337.8,0.0083333
337.85,0.0020833
337.9,0.0029167
337.95,0.00625
338,8.3333E-4
338.05,0.00375
338.1,0.0033333
338.15,0.0029167
338.2,0.00875
338.25,0.0058333
338.3,0.005
338.35,0.0125
338.4,0.01125
338.45,0.00875
338.5,0.011667
338.55,0.011667
338.6,0.010417
338.65,0.010833
338.7,0.0079167
338.75,0.00625
338.8,0.00875
338.85,0.0016667
338.9,0.0025
338.95,0.0066667
339,0.00125
339.05,0.00375
339.1,0.005
339.15,0.0020833
339.2,0.0083333
339.25,0.00625
339.3,0.0041667
339.35,0.014167
339.4,0.011667
339.45,0.0075
339.5,0.010833
339.55,0.012083
339.6,0.011667
339.65,0.0091667
339.7,0.00625
339.75,0.0083333
339.8,0.01
339.85,0
339.9,0.0029167
339.95,0.0075
340,0.0020833
340.05,0.00375
340.1,0.0041667
340.15,0.0045833
340.2,0.0083333
340.25,0.00625
340.3,0.0054167
340.35,0.015
340.4,0.010833
340.45,0.0095833
340.5,0.011667
340.55,0.012083
340.6,0.00875
340.65,0.01125
340.7,0.005
340.75,0.0070833
340.8,0.01
340.85,-4.1667E-4
340.9,0.0020833
340.95,0.0066667
341,8.3333E-4
341.05,0.0045833
341.1,0.0041667
341.15,0.0029167
341.2,0.00875
341.25,0.0066667
341.3,0.0058333
341.35,0.01375
341.4,0.013333
341.45,0.0079167
341.5,0.011667
341.55,0.012083
341.6,0.01125
341.65,0.011667
341.7,0.00625
341.75,0.0083333
341.8,0.0091667
341.85,0.0025
341.9,0.0025
341.95,0.005
342,0.0029167
342.05,0.0020833
342.1,0.0029167
342.15,0.0033333
342.2,0.0079167
342.25,0.0075
342.3,0.0058333
342.35,0.013333
342.4,0.012083
342.45,0.0079167
342.5,0.012917
342.55,0.010417
342.6,0.0091667
342.65,0.01125
342.7,0.0070833
342.75,0.0095833
342.8,0.0083333
342.85,8.3333E-4
342.9,0.0029167
342.95,0.0054167
343,0.0025
343.05,0.0029167
343.1,0.0041667
343.15,0.0033333
343.2,0.00875
343.25,0.00625
343.3,0.0058333
343.35,0.01375
343.4,0.012083
343.45,0.0058333
343.5,0.012917
343.55,0.012083
343.6,0.010417
343.65,0.01
343.7,0.0054167
343.75,0.00875
343.8,0.00875
343.85,-0.0016667
343.9,8.3333E-4
343.95,0.0070833
344,0.0025
344.05,0.0029167
344.1,0.0029167
344.15,0.0033333
344.2,0.011667
344.25,0.005
344.3,0.00375
344.35,0.013333
344.4,0.01125
344.45,0.0066667
344.5,0.011667
344.55,0.01125
344.6,0.011667
344.65,0.010417
344.7,0.00625
344.75,0.0075
344.8,0.00875
344.85,0.0020833
344.9,0.0025
344.95,0.0058333
345,0.0016667
345.05,0.0025
345.1,0.0029167
345.15,0.00125
345.2,0.0075
345.25,0.0058333
345.3,0.0045833
345.35,0.011667
345.4,0.011667
345.45,0.0079167
345.5,0.01125
345.55,0.010833
345.6,0.01125
345.65,0.00875
345.7,0.0054167
345.75,0.0079167
345.8,0.0095833
345.85,8.3333E-4
345.9,0.0020833
345.95,0.0070833
346,-4.1667E-4
346.05,0.0016667
346.1,0.0029167
346.15,0.0016667
346.2,0.0070833
346.25,0.00625
346.3,0.0045833
346.35,0.011667
346.4,0.011667
346.45,0.00875
346.5,0.01125
346.55,0.01125
346.6,0.010833
346.65,0.00875
346.7,0.00625
346.75,0.0075
346.8,0.0079167
346.85,4.1667E-4
346.9,0.0029167
346.95,0.005
347,0.0025
347.05,0.0025
347.1,0.00375
347.15,0.0029167
347.2,0.0058333
347.25,0.005
347.3,0.0058333
347.35,0.012083
347.4,0.012083
347.45,0.0070833
347.5,0.012917
347.55,0.012083
347.6,0.010833
347.65,0.01
347.7,0.0058333
347.75,0.00875
347.8,0.0095833
347.85,0.00125
347.9,0.0029167
347.95,0.00625
348,0.0029167
348.05,8.3333E-4
348.1,0.0029167
348.15,0.0058333
348.2,0.0070833
348.25,0.00625
348.3,0.00375
348.35,0.014167
348.4,0.010833
348.45,0.0066667
348.5,0.011667
348.55,0.010833
348.6,0.00875
348.65,0.010417
348.7,0.00625
348.75,0.0075
348.8,0.01
348.85,8.3333E-4
348.9,0.0029167
348.95,0.0045833
349,0.0029167
349.05,0.0025
349.1,0.0033333
349.15,0.0020833
349.2,0.0066667
349.25,0.0054167
349.3,0.0033333
349.35,0.01375
349.4,0.011667
349.45,0.0058333
349.5,0.012917
349.55,0.012083
349.6,0.0091667
349.65,0.0095833
349.7,0.0058333
349.75,0.00875
349.8,0.00875
349.85,4.1667E-4
349.9,0.0016667
349.95,0.0058333
350,0.00375
350.05,-4.1667E-4
350.1,0.0041667
350.15,0.0041667
350.2,0.0079167
350.25,0.005
350.3,0.005
350.35,0.014167
350.4,0.010833
350.45,0.0054167
350.5,0.010417
350.55,0.011667
350.6,0.0095833
350.65,0.010833
350.7,0.0058333
350.75,0.0091667
350.8,0.0066667
350.85,4.1667E-4
350.9,0.0016667
350.95,0.0058333
351,0
351.05,0.00125
351.1,0.0041667
351.15,0
351.2,0.0066667
351.25,0.0066667
351.3,0.005
351.35,0.013333
351.4,0.011667
351.45,0.0075
351.5,0.012917
351.55,0.012083
351.6,0.010417
351.65,0.01125
351.7,0.00625
351.75,0.0075
351.8,0.00625
351.85,8.3333E-4
351.9,8.3333E-4
351.95,0.0075
352,0.00375
352.05,0.00375
352.1,0.0029167
352.15,0.0041667
352.2,0.00875
352.25,0.005
352.3,0.0054167
352.35,0.012083
352.4,0.010833
352.45,0.00625
352.5,0.01
352.55,0.012083
352.6,0.00875
352.65,0.010417
352.7,0.0058333
352.75,0.0079167
352.8,0.0083333
352.85,4.1667E-4
352.9,0.0025
352.95,0.005
353,4.1667E-4
353.05,4.1667E-4
353.1,0.00125
353.15,0.0016667
353.2,0.0058333
353.25,0.0054167
353.3,0.0058333
353.35,0.01125
353.4,0.012083
353.45,0.00625
353.5,0.012083
353.55,0.01125
353.6,0.010833
353.65,0.011667
353.7,0.0058333
353.75,0.0066667
353.8,0.010417
353.85,8.3333E-4
353.9,0.0020833
353.95,0.010417
354,0.0029167
354.05,0.0020833
354.1,0.00375
354.15,0.0033333
354.2,0.00875
354.25,0.005
354.3,0.00375
354.35,0.01375
354.4,0.012917
354.45,0.00625
354.5,0.013333
354.55,0.011667
354.6,0.010833
354.65,0.010833
354.7,0.0070833
354.75,0.0083333
354.8,0.01
354.85,0.0020833
354.9,0.0020833
354.95,0.0083333
355,0.0016667
355.05,0.0025
355.1,0.0041667
355.15,0.0029167
355.2,0.0075
355.25,0.00875
355.3,0.00625
355.35,0.012917
355.4,0.01375
355.45,0.0079167
355.5,0.015
355.55,0.011667
355.6,0.013333
355.65,0.010417
355.7,0.0075
355.75,0.0075
355.8,0.00875
355.85,0.0033333
355.9,0.00375
355.95,0.00875
356,0.0029167
356.05,0.0041667
356.1,0.005
356.15,0.0033333
356.2,0.0091667
356.25,0.00625
356.3,0.00375
356.35,0.014583
356.4,0.011667
356.45,0.0058333
356.5,0.0125
356.55,0.01125
356.6,0.012083
356.65,0.01
356.7,0.0070833
356.75,0.0079167
356.8,0.0083333
356.85,0
356.9,4.1667E-4
356.95,0.0054167
357,0.00125
357.05,4.1667E-4
357.1,8.3333E-4
357.15,0.0033333
357.2,0.0066667
357.25,0.0058333
357.3,0.005
357.35,0.011667
357.4,0.01125
357.45,0.00625
357.5,0.010417
357.55,0.010417
357.6,0.00875
357.65,0.010417
357.7,0.0058333
357.75,0.0079167
357.8,0.0095833
357.85,8.3333E-4
357.9,0.0029167
357.95,0.00875
358,0.0041667
358.05,0.0025
358.1,0.0045833
358.15,0.0045833
358.2,0.0079167
358.25,0.0058333
358.3,0.0058333
358.35,0.014167
358.4,0.012083
358.45,0.0070833
358.5,0.013333
358.55,0.012917
358.6,0.010833
358.65,0.010833
358.7,0.0066667
358.75,0.0091667
358.8,0.010417
358.85,0.00125
358.9,0.00375
358.95,0.0079167
359,0.0016667
359.05,0.0029167
359.1,0.00375
359.15,0.0016667
359.2,0.0070833
359.25,0.0066667
359.3,0.0041667
359.35,0.011667
359.4,0.010417
359.45,0.0079167
359.5,0.01375
359.55,0.0095833
359.6,0.0091667
359.65,0.011667
359.7,0.0075
359.75,0.0070833
359.8,0.00875
359.85,0.0016667
359.9,0.0029167
359.95,0.0058333
360,0.0020833
360.05,0.0045833
360.1,0.0054167
360.15,0.0029167
360.2,0.0083333
360.25,0.0058333
360.3,0.0045833
360.35,0.01375
360.4,0.013333
360.45,0.00625
360.5,0.01375
360.55,0.01625
360.6,0.012083
360.65,0.010833
360.7,0.0058333
360.75,0.01
360.8,0.0075
360.85,8.3333E-4
360.9,0
360.95,0.0058333
361,-8.3333E-4
361.05,-4.1667E-4
361.1,0.0016667
361.15,0.0029167
361.2,0.00875
361.25,0.00625
361.3,0.00375
361.35,0.014167
361.4,0.011667
361.45,0.0058333
361.5,0.013333
361.55,0.011667
361.6,0.0095833
361.65,0.010833
361.7,0.0058333
361.75,0.0083333
361.8,0.00875
361.85,0.0029167
361.9,0.0033333
361.95,0.0070833
362,0.0029167
362.05,0.00375
362.1,0.00375
362.15,0.0058333
362.2,0.0070833
362.25,0.0058333
362.3,0.0058333
362.35,0.012917
362.4,0.012083
362.45,0.00625
362.5,0.0125
362.55,0.010417
362.6,0.010417
362.65,0.0125
362.7,0.00625
362.75,0.0091667
362.8,0.0091667
362.85,0
362.9,0.00125
362.95,0.0066667
363,0.00125
363.05,8.3333E-4
363.1,0.0016667
363.15,0.0020833
363.2,0.0058333
363.25,0.0058333
363.3,0.0058333
363.35,0.011667
363.4,0.01125
363.45,0.0079167
363.5,0.0125
363.55,0.01125
363.6,0.00875
363.65,0.011667
363.7,0.00875
363.75,0.0083333
363.8,0.00875
363.85,0.0020833
363.9,0.0041667
363.95,0.0070833
364,0.0033333
364.05,0.0020833
364.1,0.0070833
364.15,0.00375
364.2,0.00875
364.25,0.0058333
364.3,0.0020833
364.35,0.010833
364.4,0.010833
364.45,0.0058333
364.5,0.011667
364.55,0.0125
364.6,0.01
364.65,0.0125
364.7,0.0079167
364.75,0.00875
364.8,0.00875
364.85,-0.0016667
364.9,-0.00125
364.95,0.0029167
365,-0.0033333
365.05,-0.0025
365.1,4.1667E-4
365.15,8.3333E-4
365.2,0.0058333
365.25,0.0029167
365.3,0.0045833
365.35,0.0125
365.4,0.010417
365.45,0.0058333
365.5,0.00875
365.55,0.0095833
365.6,0.0075
365.65,0.0091667
365.7,0.0058333
365.75,0.0083333
365.8,0.0079167
365.85,0.0033333
365.9,0.0016667
365.95,0.0079167
366,0.0025
366.05,0.0033333
366.1,0.00375
366.15,0.0016667
366.2,0.0066667
366.25,0.00625
366.3,0.0033333
366.35,0.014167
366.4,0.012083
366.45,0.00875
366.5,0.012083
366.55,0.012917
366.6,0.011667
366.65,0.011667
366.7,0.0075
366.75,0.0095833
366.8,0.00875
366.85,0.0020833
366.9,0.0016667
366.95,0.0066667
367,0.0045833
367.05,4.1667E-4
367.1,0.00125
367.15,0.0041667
367.2,0.005
367.25,0.005
367.3,0.0054167
367.35,0.0125
367.4,0.012083
367.45,0.0066667
367.5,0.013333
367.55,0.012917
367.6,0.0095833
367.65,0.010833
367.7,0.0070833
367.75,0.00875
367.8,0.00875
367.85,8.3333E-4
367.9,0.0025
367.95,0.00625
368,0.0029167
368.05,0.0029167
368.1,0.005
368.15,0.01375
368.2,0.00625
368.25,0.00625
368.3,0.0041667
368.35,0.010417
368.4,0.01
368.45,0.0075
368.5,0.011667
368.55,0.011667
368.6,0.0095833
368.65,0.011667
368.7,0.0083333
368.75,0.00875
368.8,0.01
368.85,0
368.9,8.3333E-4
368.95,0.0041667
369,-0.00125
369.05,0
369.1,0.0033333
369.15,0.00125
369.2,0.0058333
369.25,0.0029167
369.3,0.0029167
369.35,0.013333
369.4,0.011667
369.45,0.00625
369.5,0.01125
369.55,0.012083
369.6,0.0091667
369.65,0.00875
369.7,0.0070833
369.75,0.0066667
369.8,0.00875
369.85,8.3333E-4
369.9,0.00375
369.95,0.0066667
370,0.0016667
370.05,0.0029167
370.1,0.0045833
370.15,0.0045833
370.2,0.0066667
370.25,0.0070833
370.3,0.0045833
370.35,0.011667
370.4,0.011667
370.45,0.0075
370.5,0.01125
370.55,0.010833
370.6,0.0091667
370.65,0.0095833
370.7,0.00625
370.75,0.0091667
370.8,0.012083
370.85,4.1667E-4
370.9,8.3333E-4
370.95,0.0079167
371,0.0025
371.05,-4.1667E-4
371.1,0.0033333
371.15,0.0029167
371.2,0.0058333
371.25,0.0041667
371.3,0.0029167
371.35,0.013333
371.4,0.012917
371.45,0.00875
371.5,0.0125
371.55,0.013333
371.6,0.010833
371.65,0.010417
371.7,0.0079167
371.75,0.0083333
371.8,0.0083333
371.85,0.0016667
371.9,0.0045833
371.95,0.0075
372,0.0041667
372.05,0.0041667
372.1,0.00625
372.15,0.00625
372.2,0.00625
372.25,0.00625
372.3,0.0058333
372.35,0.0091667
372.4,0.01
372.45,0.0070833
372.5,0.011667
372.55,0.010417
372.6,0.0091667
372.65,0.011667
372.7,0.0083333
372.75,0.0079167
372.8,0.0091667
372.85,0.00125
372.9,0
372.95,0.0045833
373,-0.0020833
373.05,-0.0020833
373.1,8.3333E-4
373.15,8.3333E-4
373.2,0.005
373.25,0.005
373.3,0.0045833
373.35,0.01375
373.4,0.011667
373.45,0.0070833
373.5,0.01125
373.55,0.012083
373.6,0.00875
373.65,0.010417
373.7,0.0070833
373.75,0.00875
373.8,0.01
373.85,0.0020833
373.9,0.0054167
373.95,0.010833
374,0.0033333
374.05,0.00625
374.1,0.0066667
374.15,0.005
374.2,0.0075
374.25,0.0058333
374.3,0.0041667
374.35,0.012917
374.4,0.012917
374.45,0.0070833
374.5,0.01375
374.55,0.013333
374.6,0.011667
374.65,0.011667
374.7,0.0070833
374.75,0.010417
374.8,0.010833
374.85,4.1667E-4
374.9,0.00125
374.95,0.0070833
375,0.00125
375.05,0
375.1,0.0041667
375.15,0.0029167
375.2,0.0070833
375.25,0.0054167
375.3,0.00375
375.35,0.011667
375.4,0.011667
375.45,0.0075
375.5,0.0125
375.55,0.013333
375.6,0.010417
375.65,0.010833
375.7,0.0075
375.75,0.00875
375.8,0.0091667
375.85,0.00125
375.9,0.0020833
375.95,0.00875
376,0.0016667
376.05,0.0029167
376.1,0.00625
376.15,0.0029167
376.2,0.0075
376.25,0.0066667
376.3,0.0041667
376.35,0.010833
376.4,0.011667
376.45,0.0066667
376.5,0.011667
376.55,0.01
376.6,0.00875
376.65,0.010833
376.7,0.0083333
376.75,0.0083333
376.8,0.0083333
376.85,0.0025
376.9,8.3333E-4
376.95,0.0041667
377,4.1667E-4
377.05,-0.0016667
377.1,4.1667E-4
377.15,0.0025
377.2,0.0041667
377.25,0.0041667
377.3,0.0058333
377.35,0.014583
377.4,0.013333
377.45,0.00875
377.5,0.0125
377.55,0.013333
377.6,0.010833
377.65,0.011667
377.7,0.0066667
377.75,0.0095833
377.8,0.01125
377.85,0.0029167
377.9,0.0041667
377.95,0.010417
378,0.00375
378.05,0.0033333
378.1,0.0058333
378.15,0.0045833
378.2,0.0066667
378.25,0.0054167
378.3,0.0041667
378.35,0.011667
378.4,0.012083
378.45,0.0070833
378.5,0.011667
378.55,0.01375
378.6,0.01
378.65,0.0125
378.7,0.0079167
378.75,0.01
378.8,0.010417
378.85,0.00125
378.9,0.0016667
378.95,0.0079167
379,8.3333E-4
379.05,0.0016667
379.1,0.00375
379.15,0.0029167
379.2,0.0066667
379.25,0.005
379.3,0.0041667
379.35,0.0045833
379.4,0.0125
379.45,0.0070833
379.5,0.012083
379.55,0.011667
379.6,0.0083333
379.65,0.010417
379.7,0.00875
379.75,0.0095833
379.8,0.0095833
379.85,0.0020833
379.9,0.0033333
379.95,0.0066667
380,0.0029167
380.05,0.0020833
380.1,0.0054167
380.15,0.0029167
380.2,0.0058333
380.25,0.0058333
380.3,0.005
380.35,0.00125
380.4,0.010417
380.45,0.0070833
380.5,0.010417
380.55,0.010833
380.6,0.0091667
380.65,0.00875
380.7,0.0079167
380.75,0.0083333
380.8,0.01
380.85,0.0029167
380.9,0.0029167
380.95,0.0070833
381,0
381.05,0
381.1,0.00375
381.15,0
381.2,0.0045833
381.25,0.005
381.3,0.0041667
381.35,0.013333
381.4,0.01375
381.45,0.0079167
381.5,0.015
381.55,0.015
381.6,0.011667
381.65,0.010833
381.7,0.0075
381.75,0.0095833
381.8,0.0091667
381.85,0.0033333
381.9,0.00375
381.95,0.0083333
382,0.0058333
382.05,0.0041667
382.1,0.005
382.15,0.0066667
382.2,0.00875
382.25,0.0058333
382.3,0.00375
382.35,0.011667
382.4,0.01125
382.45,0.0058333
382.5,0.01125
382.55,0.01125
382.6,0.010417
382.65,0.011667
382.7,0.00875
382.75,0.0095833
382.8,0.0091667
382.85,0.00125
382.9,0.00125
382.95,0.0058333
383,0
383.05,0
383.1,0.0054167
383.15,0.0029167
383.2,0.00625
383.25,0.0041667
383.3,0.005
383.35,0.01375
383.4,0.0125
383.45,0.0070833
383.5,0.011667
383.55,0.012083
383.6,0.01
383.65,0.011667
383.7,0.0083333
383.75,0.0079167
383.8,0.010417
383.85,4.1667E-4
383.9,0.0016667
383.95,0.0075
384,0.00125
384.05,0.0025
384.1,0.0029167
384.15,0.0020833
384.2,0.0066667
384.25,0.0054167
384.3,0.0029167
384.35,0.011667
384.4,0.010833
384.45,0.0058333
384.5,0.0125
384.55,0.01125
384.6,0.0095833
384.65,0.0083333
384.7,0.0070833
384.75,0.0066667
384.8,0.010417
384.85,8.3333E-4
384.9,0.00375
384.95,0.0070833
385,0.0029167
385.05,0.0029167
385.1,0.0054167
385.15,0.0029167
385.2,0.0045833
385.25,0.00625
385.3,0.00375
385.35,0.012083
385.4,0.011667
385.45,0.0083333
385.5,0.014583
385.55,0.014583
385.6,0.011667
385.65,0.010417
385.7,0.0095833
385.75,0.0095833
385.8,0.010833
385.85,8.3333E-4
385.9,8.3333E-4
385.95,0.0079167
386,0
386.05,4.1667E-4
386.1,0.0041667
386.15,0.0029167
386.2,0.00625
386.25,0.005
386.3,0.0033333
386.35,0.01125
386.4,0.010417
386.45,0.0029167
386.5,0.010417
386.55,0.01
386.6,0.00875
386.65,0.00875
386.7,0.0066667
386.75,0.00875
386.8,0.0075
386.85,0.0025
386.9,0.0025
386.95,0.005
387,8.3333E-4
387.05,0
387.1,0.0029167
387.15,0.0020833
387.2,0.0058333
387.25,0.00375
387.3,0.0041667
387.35,0.012917
387.4,0.012083
387.45,0.0079167
387.5,0.0125
387.55,0.013333
387.6,0.010833
387.65,0.010417
387.7,0.0083333
387.75,0.0079167
387.8,0.010833
387.85,0.00125
387.9,0.0029167
387.95,0.0075
388,0.0029167
388.05,8.3333E-4
388.1,0.0041667
388.15,0.0029167
388.2,0.00625
388.25,0.0033333
388.3,0.0041667
388.35,0.011667
388.4,0.011667
388.45,0.0066667
388.5,0.012917
388.55,0.0125
388.6,0.0083333
388.65,0.011667
388.7,0.0083333
388.75,0.00875
388.8,0.00875
388.85,0.0025
388.9,0.0029167
388.95,0.0083333
389,0.0029167
389.05,0.0025
389.1,0.0058333
389.15,0.00125
389.2,0.0058333
389.25,0.0054167
389.3,0.0029167
389.35,0.00875
389.4,0.01
389.45,0.0054167
389.5,0.013333
389.55,0.012917
389.6,0.010417
389.65,0.011667
389.7,0.0091667
389.75,0.00875
389.8,0.010833
389.85,8.3333E-4
389.9,0
389.95,0.0041667
390,-0.0016667
390.05,-0.0020833
390.1,0.0020833
390.15,8.3333E-4
390.2,0.005
390.25,0.0029167
390.3,0.005
390.35,0.011667
390.4,0.011667
390.45,0.00625
390.5,0.0095833
390.55,0.01125
390.6,0.0083333
390.65,0.0075
390.7,0.0070833
390.75,0.0075
390.8,0.010833
390.85,0.0029167
390.9,0.0033333
390.95,0.00875
391,0.0025
391.05,0.0025
391.1,0.0054167
391.15,0.0029167
391.2,0.0058333
391.25,0.0054167
391.3,0.0029167
391.35,0.01375
391.4,0.011667
391.45,0.0058333
391.5,0.01375
391.55,0.01375
391.6,0.01125
391.65,0.012083
391.7,0.00875
391.75,0.0095833
391.8,0.00875
391.85,0.0016667
391.9,0.0020833
391.95,0.0058333
392,0.0016667
392.05,0.0016667
392.1,0.0041667
392.15,0.0058333
392.2,0.0058333
392.25,0.0045833
392.3,0.0054167
392.35,0.0125
392.4,0.01125
392.45,0.0058333
392.5,0.011667
392.55,0.013333
392.6,0.01
392.65,0.0125
392.7,0.0091667
392.75,0.011667
392.8,0.011667
392.85,4.1667E-4
392.9,0.0016667
392.95,0.0070833
393,-4.1667E-4
393.05,0.00125
393.1,0.0045833
393.15,0.0033333
393.2,0.0058333
393.25,0.0058333
393.3,0.005
393.35,0.011667
393.4,0.010833
393.45,0.0079167
393.5,0.01
393.55,0.011667
393.6,0.00875
393.65,0.00875
393.7,0.0083333
393.75,0.00875
393.8,0.01125
393.85,0.0033333
393.9,0.0033333
393.95,0.0079167
394,0.0016667
394.05,0
394.1,0.005
394.15,0.0016667
394.2,0.005
394.25,0.0054167
394.3,0.0029167
394.35,0.01375
394.4,0.012917
394.45,0.0083333
394.5,0.015417
394.55,0.015417
394.6,0.011667
394.65,0.011667
394.7,0.00875
394.75,0.0075
394.8,0.011667
394.85,0.0025
394.9,0.0029167
394.95,0.00875
395,0.0029167
395.05,0.0029167
395.1,0.00625
395.15,0.0033333
395.2,0.0066667
395.25,0.0045833
395.3,0.0041667
395.35,0.011667
395.4,0.01125
395.45,0.00625
395.5,0.0095833
395.55,0.012917
395.6,0.0091667
395.65,0.010833
395.7,0.0066667
395.75,0.0091667
395.8,0.011667
395.85,0.00125
395.9,0.00125
395.95,0.0083333
396,8.3333E-4
396.05,0
396.1,0.0041667
396.15,0.0020833
396.2,0.0058333
396.25,0.005
396.3,0.0029167
396.35,0.013333
396.4,0.012917
396.45,0.0066667
396.5,0.013333
396.55,0.014583
396.6,0.010417
396.65,0.01
396.7,0.0070833
396.75,0.00875
396.8,0.0083333
396.85,0.0029167
396.9,0.0025
396.95,0.0058333
397,0.0016667
397.05,4.1667E-4
397.1,0.0029167
397.15,0.0025
397.2,0.0041667
397.25,0.0041667
397.3,0.0045833
397.35,0.0095833
397.4,0.010833
397.45,0.00875
397.5,0.0125
397.55,0.0125
397.6,0.00875
397.65,0.0125
397.7,0.0095833
397.75,0.010417
397.8,0.010833
397.85,0.0029167
397.9,0.00375
397.95,0.0075
398,0.0033333
398.05,0.0025
398.1,0.0066667
398.15,0.0054167
398.2,0.0070833
398.25,0.0058333
398.3,0.0029167
398.35,0.011667
398.4,0.011667
398.45,0.0058333
398.5,0.011667
398.55,0.012917
398.6,0.011667
398.65,0.01125
398.7,0.01
398.75,0.01
398.8,0.010833
398.85,0.00125
398.9,8.3333E-4
398.95,0.0045833
399,-0.00125
399.05,-0.0020833
399.1,0.0020833
399.15,0.00125
399.2,0.0041667
399.25,0.0029167
399.3,0.0033333
399.35,0.013333
399.4,0.011667
399.45,0.0058333
399.5,0.012083
399.55,0.013333
399.6,0.00625
399.65,0.0095833
399.7,0.0070833
399.75,0.00875
399.8,0.010833
399.85,0.0029167
399.9,0.0029167
399.95,0.01
400,0.0029167
400.05,-4.1667E-4
400.1,0.0054167
400.15,0.0058333
400.2,0.00625
400.25,0.00375
400.3,0.0045833
400.35,0.011667
400.4,0.010417
400.45,0.0075
400.5,0.012083
400.55,0.014583
400.6,0.010417
400.65,0.011667
400.7,0.0070833
400.75,0.00875
400.8,0.01
400.85,0.0029167
400.9,0.0016667
400.95,0.0075
401,8.3333E-4
401.05,0.0016667
401.1,0.0041667
401.15,0.0020833
401.2,0.0054167
401.25,0.0066667
401.3,0.0041667
401.35,0.010417
401.4,0.010417
401.45,0.0070833
401.5,0.01125
401.55,0.012083
401.6,0.0079167
401.65,0.01
401.7,0.0095833
401.75,0.0095833
401.8,0.00875
401.85,0.0033333
401.9,0.0029167
401.95,0.0041667
402,0.00125
402.05,-0.0020833
402.1,0.0016667
402.15,0.0033333
402.2,0.0054167
402.25,0.0041667
402.3,0.0041667
402.35,0.01125
402.4,0.01
402.45,0.005
402.5,0.010833
402.55,0.0125
402.6,0.0070833
402.65,0.01
402.7,0.00625
402.75,0.00875
402.8,0.010833
402.85,0.0020833
402.9,0.0029167
402.95,0.0066667
403,0.0025
403.05,8.3333E-4
403.1,0.00625
403.15,0.0029167
403.2,0.0041667
403.25,0.0041667
403.3,0.0029167
403.35,0.011667
403.4,0.011667
403.45,0.00875
403.5,0.012917
403.55,0.01625
403.6,0.012083
403.65,0.012083
403.7,0.01
403.75,0.0095833
403.8,0.010417
403.85,4.1667E-4
403.9,0.0025
403.95,0.0075
404,0.0025
404.05,0
404.1,0.005
404.15,0.0054167
404.2,0.0070833
404.25,0.005
404.3,0.0029167
404.35,0.01125
404.4,0.010833
404.45,0.0016667
404.5,0.010833
404.55,0.012083
404.6,0.0075
404.65,0.00875
404.7,0.0083333
404.75,0.0075
404.8,0.010417
404.85,0.0025
404.9,0.00125
404.95,0.0079167
405,0
405.05,4.1667E-4
405.1,0.0029167
405.15,0.0029167
405.2,0.0041667
405.25,0.0033333
405.3,0.0045833
405.35,0.01
405.4,0.01125
405.45,0.00875
405.5,0.012917
405.55,0.0125
405.6,0.00875
405.65,0.010833
405.7,0.00875
405.75,0.0075
405.8,0.0083333
405.85,0.0029167
405.9,0.0029167
405.95,0.0083333
406,4.1667E-4
406.05,0.0020833
406.1,0.0054167
406.15,0.0029167
406.2,0.0070833
406.25,0.00625
406.3,0.0029167
406.35,0.0125
406.4,0.011667
406.45,0.0075
406.5,0.011667
406.55,0.013333
406.6,0.010417
406.65,0.010833
406.7,0.0083333
406.75,0.01
406.8,0.00875
406.85,0.0020833
406.9,0.0029167
406.95,0.0058333
407,0.0025
407.05,0
407.1,0.0020833
407.15,0.0054167
407.2,0.0045833
407.25,0.00375
407.3,0.0045833
407.35,0.01
407.4,0.0083333
407.45,0.0041667
407.5,0.010417
407.55,0.012083
407.6,0.0075
407.65,0.01
407.7,0.00875
407.75,0.0083333
407.8,0.010417
407.85,0.0025
407.9,0.0016667
407.95,0.00625
408,-0.00125
408.05,-0.0016667
408.1,0.0025
408.15,0
408.2,0.0033333
408.25,0.0025
408.3,0.0020833
408.35,0.0125
408.4,0.01125
408.45,0.00875
408.5,0.01375
408.55,0.015417
408.6,0.00875
408.65,0.010833
408.7,0.0083333
408.75,0.0079167
408.8,0.01
408.85,0.0025
408.9,0.0033333
408.95,0.0066667
409,0.005
409.05,0.0029167
409.1,0.0066667
409.15,0.0041667
409.2,0.0070833
409.25,0.0066667
409.3,0.0033333
409.35,0.0095833
409.4,0.010417
409.45,0.00625
409.5,0.013333
409.55,0.0125
409.6,0.0083333
409.65,0.01125
409.7,0.00875
409.75,0.0091667
409.8,0.01
409.85,0.0029167
409.9,0.0020833
409.95,0.0058333
410,-4.1667E-4
410.05,0.00125
410.1,0.005
410.15,0.00125
410.2,0.0033333
410.25,0.005
410.3,0.00375
410.35,0.011667
410.4,0.010833
410.45,0.0058333
410.5,0.012917
410.55,0.013333
410.6,0.00875
410.65,0.01
410.7,0.0083333
410.75,0.00875
410.8,0.01
410.85,0.0029167
410.9,0.0029167
410.95,0.00875
411,0.0033333
411.05,8.3333E-4
411.1,0.005
411.15,0.00375
411.2,0.0058333
411.25,0.0045833
411.3,0.0033333
411.35,0.0095833
411.4,0.011667
411.45,0.00875
411.5,0.012917
411.55,0.016667
411.6,0.014167
411.65,0.011667
411.7,0.01125
411.75,0.0091667
411.8,0.011667
411.85,0.0025
411.9,0.0045833
411.95,0.0083333
412,0.0029167
412.05,0.0025
412.1,0.0045833
412.15,0.0058333
412.2,0.0058333
412.25,0.0054167
412.3,0.0054167
412.35,0.010833
412.4,0.011667
412.45,0.0058333
412.5,0.01125
412.55,0.012917
412.6,0.0091667
412.65,0.010833
412.7,0.00875
412.75,0.0091667
412.8,0.011667
412.85,0.0016667
412.9,8.3333E-4
412.95,0.00625
413,0
413.05,-0.0033333
413.1,0.0029167
413.15,8.3333E-4
413.2,0.00375
413.25,0.0029167
413.3,0.0029167
413.35,0.011667
413.4,0.011667
413.45,0.0070833
413.5,0.013333
413.55,0.0125
413.6,0.0083333
413.65,0.010417
413.7,0.0091667
413.75,0.0083333
413.8,0.013333
413.85,0.00375
413.9,0.0045833
413.95,0.00875
414,0.0041667
414.05,0.00125
414.1,0.00875
414.15,0.0054167
414.2,0.005
414.25,0.0058333
414.3,0.00375
414.35,0.010833
414.4,0.010417
414.45,0.0070833
414.5,0.013333
414.55,0.015
414.6,0.0095833
414.65,0.012083
414.7,0.010833
414.75,0.010417
414.8,0.01125
414.85,0.0020833
414.9,0.0025
414.95,0.0075
415,8.3333E-4
415.05,0
415.1,0.00375
415.15,0.0045833
415.2,0.0054167
415.25,0.0045833
415.3,0.005
415.35,0.011667
415.4,0.010833
415.45,0.0070833
415.5,0.011667
415.55,0.013333
415.6,0.0075
415.65,0.00875
415.7,0.00875
415.75,0.0091667
415.8,0.0095833
415.85,0.0029167
415.9,0.0020833
415.95,0.0075
416,8.3333E-4
416.05,-4.1667E-4
416.1,0.0045833
416.15,0.0025
416.2,0.005
416.25,0.0045833
416.3,0.0029167
416.35,0.012083
416.4,0.011667
416.45,0.0075
416.5,0.01375
416.55,0.015
416.6,0.01125
416.65,0.011667
416.7,0.01
416.75,0.010417
416.8,0.010833
416.85,0.0033333
416.9,0.0033333
416.95,0.0083333
417,0.0029167
417.05,4.1667E-4
417.1,0.0058333
417.15,0.005
417.2,0.00625
417.25,0.0058333
417.3,0.005
417.35,0.010833
417.4,0.0095833
417.45,0.0075
417.5,0.012917
417.55,0.013333
417.6,0.0091667
417.65,0.010417
417.7,0.01
417.75,0.00875
417.8,0.0095833
417.85,0.0029167
417.9,0.0025
417.95,0.0029167
418,-4.1667E-4
418.05,-0.0016667
418.1,0.0041667
418.15,0.00125
418.2,0.0029167
418.25,0.0045833
418.3,0.0033333
418.35,0.011667
418.4,0.010417
418.45,0.0066667
418.5,0.0125
418.55,0.012917
418.6,0.0083333
418.65,0.01
418.7,0.00875
418.75,0.0075
418.8,0.0083333
418.85,0.0029167
418.9,0.0045833
418.95,0.0095833
419,0.0033333
419.05,0.0016667
419.1,0.0070833
419.15,0.0045833
419.2,0.005
419.25,0.0054167
419.3,0.0029167
419.35,0.01125
419.4,0.01125
419.45,0.0058333
419.5,0.012917
419.55,0.015
419.6,0.010417
419.65,0.0125
419.7,0.01
419.75,0.0091667
419.8,0.011667
419.85,0.0029167
419.9,0.0025
419.95,0.0058333
420,4.1667E-4
420.05,4.1667E-4
420.1,0.0041667
420.15,0.0029167
420.2,0.0041667
420.25,0.0054167
420.3,0.0041667
420.35,0.010417
420.4,0.010833
420.45,0.00625
420.5,0.011667
420.55,0.014167
420.6,0.00875
420.65,0.010417
420.7,0.00875
420.75,0.00875
420.8,0.00875
420.85,0.0025
420.9,0.0058333
420.95,0.0091667
421,0.0020833
421.05,0
421.1,0.0029167
421.15,0.0020833
421.2,0.0041667
421.25,0.00375
421.3,0.0016667
421.35,0.01
421.4,0.01125
421.45,0.005
421.5,0.013333
421.55,0.01375
421.6,0.00875
421.65,0.01125
421.7,0.0095833
421.75,0.0083333
421.8,0.0091667
421.85,0.0045833
421.9,0.0029167
421.95,0.00875
422,0.0025
422.05,0.0016667
422.1,0.0058333
422.15,0.00375
422.2,0.0054167
422.25,0.0058333
422.3,0.00375
422.35,0.01
422.4,0.0091667
422.45,0.00625
422.5,0.012083
422.55,0.0125
422.6,0.0095833
422.65,0.010833
422.7,0.0095833
422.75,0.010417
422.8,0.01
422.85,0.0029167
422.9,0.0029167
422.95,0.005
423,4.1667E-4
423.05,-0.0033333
423.1,0.00125
423.15,0.00125
423.2,0.0029167
423.25,0.0033333
423.3,0.0033333
423.35,0.011667
423.4,0.012083
423.45,0.0058333
423.5,0.012083
423.55,0.01375
423.6,0.00875
423.65,0.0083333
423.7,0.00875
423.75,0.0066667
423.8,0.01125
423.85,0.0033333
423.9,0.00375
423.95,0.01
424,0.0033333
424.05,0.0025
424.1,0.0058333
424.15,0.0045833
424.2,0.005
424.25,0.0054167
424.3,0.0029167
424.35,0.010833
424.4,0.011667
424.45,0.0058333
424.5,0.0125
424.55,0.013333
424.6,0.0091667
424.65,0.011667
424.7,0.0095833
424.75,0.01
424.8,0.01
424.85,0.0033333
424.9,0.0020833
424.95,0.0070833
425,0.00125
425.05,-0.00125
425.1,0.0045833
425.15,0.00375
425.2,0.005
425.25,0.005
425.3,0.0033333
425.35,0.010833
425.4,0.011667
425.45,0.0058333
425.5,0.0125
425.55,0.015
425.6,0.00875
425.65,0.0091667
425.7,0.00875
425.75,0.00875
425.8,0.0095833
425.85,0.0033333
425.9,0.0033333
425.95,0.0075
426,0.00125
426.05,-0.0016667
426.1,0.0033333
426.15,0.0016667
426.2,0.0041667
426.25,0.0054167
426.3,0.00375
426.35,0.0091667
426.4,0.010417
426.45,0.0083333
426.5,0.012917
426.55,0.01375
426.6,0.0079167
426.65,0.010417
426.7,0.01
426.75,0.0079167
426.8,0.0091667
426.85,0.0020833
426.9,0.0020833
426.95,0.0058333
427,4.1667E-4
427.05,-4.1667E-4
427.1,0.0041667
427.15,0.00375
427.2,0.0033333
427.25,0.005
427.3,0.00375
427.35,0.0095833
427.4,0.010417
427.45,0.0045833
427.5,0.0095833
427.55,0.0125
427.6,0.0083333
427.65,0.0091667
427.7,0.0083333
427.75,0.00875
427.8,0.0091667
427.85,0.0029167
427.9,0.0025
427.95,0.0066667
428,0.0020833
428.05,-0.0016667
428.1,0.0029167
428.15,0
428.2,0.0029167
428.25,0.0025
428.3,0.0025
428.35,0.01
428.4,0.0125
428.45,0.0075
428.5,0.014583
428.55,0.016667
428.6,0.01
428.65,0.01125
428.7,0.010417
428.75,0.0091667
428.8,0.011667
428.85,0.0029167
428.9,0.0041667
428.95,0.0075
429,0.0041667
429.05,0.0016667
429.1,0.0075
429.15,0.00625
429.2,0.00625
429.25,0.0058333
429.3,0.00375
429.35,0.011667
429.4,0.010417
429.45,0.005
429.5,0.011667
429.55,0.013333
429.6,0.0083333
429.65,0.01125
429.7,0.0083333
429.75,0.0095833
429.8,0.01
429.85,0.0025
429.9,0.0029167
429.95,0.0070833
430,0
430.05,-8.3333E-4
430.1,0.00375
430.15,0.0025
430.2,0.00375
430.25,0.005
430.3,0.0041667
430.35,0.011667
430.4,0.01125
430.45,0.0083333
430.5,0.012083
430.55,0.0125
430.6,0.0079167
430.65,0.010833
430.7,0.0095833
430.75,0.00875
430.8,0.0083333
430.85,0.0041667
430.9,0.0041667
430.95,0.0079167
431,0.0020833
431.05,-4.1667E-4
431.1,0.0054167
431.15,0.0041667
431.2,0.0045833
431.25,0.005
431.3,0.0033333
431.35,0.01125
431.4,0.01125
431.45,0.0054167
431.5,0.011667
431.55,0.014583
431.6,0.00875
431.65,0.010417
431.7,0.00875
431.75,0.0091667
431.8,0.010417
431.85,0.0045833
431.9,0.0033333
431.95,0.0075
432,0.0025
432.05,4.1667E-4
432.1,0.005
432.15,0.0020833
432.2,0.0041667
432.25,0.0029167
432.3,0.005
432.35,0.00875
432.4,0.010417
432.45,0.0066667
432.5,0.012917
432.55,0.014167
432.6,0.00875
432.65,0.0095833
432.7,0.010417
432.75,0.00875
432.8,0.0091667
432.85,0.0025
432.9,0.0041667
432.95,0.0095833
433,0.0029167
433.05,0.00125
433.1,0.00625
433.15,0.0058333
433.2,0.0058333
433.25,0.0045833
433.3,0.00375
433.35,0.01125
433.4,0.011667
433.45,0.0058333
433.5,0.01375
433.55,0.017083
433.6,0.01125
433.65,0.012917
433.7,0.0125
433.75,0.01125
433.8,0.011667
433.85,0.0041667
433.9,0.0025
433.95,0.0070833
434,8.3333E-4
434.05,-0.0016667
434.1,0.005
434.15,0.0029167
434.2,0.00375
434.25,0.0054167
434.3,0.0029167
434.35,0.00875
434.4,0.0095833
434.45,0.0045833
434.5,0.01
434.55,0.01125
434.6,0.0058333
434.65,0.00875
434.7,0.00875
434.75,0.0079167
434.8,0.01
434.85,0.0041667
434.9,0.0033333
434.95,0.0079167
435,0.0020833
435.05,-4.1667E-4
435.1,0.0054167
435.15,0.0020833
435.2,0.0029167
435.25,0.0045833
435.3,0.0029167
435.35,0.01125
435.4,0.011667
435.45,0.0079167
435.5,0.014583
435.55,0.016667
435.6,0.01125
435.65,0.010833
435.7,0.01
435.75,0.01
435.8,0.010833
435.85,0.0033333
435.9,0.0029167
435.95,0.0075
436,0.0020833
436.05,0
436.1,0.00625
436.15,0.0033333
436.2,0.0054167
436.25,0.0058333
436.3,0.0045833
436.35,0.010833
436.4,0.01125
436.45,0.005
436.5,0.0125
436.55,0.014167
436.6,0.00875
436.65,0.011667
436.7,0.01
436.75,0.01
436.8,0.01
436.85,0.0033333
436.9,0.0033333
436.95,0.0079167
437,0.0025
437.05,0.00125
437.1,0.005
437.15,0.0033333
437.2,0.0054167
437.25,0.005
437.3,0.0033333
437.35,0.010833
437.4,0.01125
437.45,0.0058333
437.5,0.012083
437.55,0.013333
437.6,0.0091667
437.65,0.0095833
437.7,0.01
437.75,0.0091667
437.8,0.01125
437.85,0.0045833
437.9,0.0020833
437.95,0.0083333
438,8.3333E-4
438.05,-8.3333E-4
438.1,0.0045833
438.15,0.0016667
438.2,0.00375
438.25,0.0054167
438.3,0.00375
438.35,0.0095833
438.4,0.01
438.45,0.0058333
438.5,0.011667
438.55,0.0125
438.6,0.00625
438.65,0.010833
438.7,0.010417
438.75,0.00625
438.8,0.010417
438.85,0.0045833
438.9,0.0029167
438.95,0.0079167
439,8.3333E-4
439.05,-8.3333E-4
439.1,0.00375
439.15,0.00125
439.2,0.0020833
439.25,0.00375
439.3,0.0025
439.35,0.010417
439.4,0.0125
439.45,0.0070833
439.5,0.01375
439.55,0.015833
439.6,0.010417
439.65,0.011667
439.7,0.010833
439.75,0.01125
439.8,0.01125
439.85,0.0025
439.9,0.0016667
439.95,0.00875
440,0.0029167
440.05,0
440.1,0.0066667
440.15,0.0054167
440.2,0.0058333
440.25,0.00375
440.3,0.00375
440.35,0.0091667
440.4,0.0083333
440.45,0.0041667
440.5,0.010833
440.55,0.012083
440.6,0.0070833
440.65,0.0095833
440.7,0.0091667
440.75,0.01125
440.8,0.01125
440.85,0.0041667
440.9,0.0025
440.95,0.00625
441,0
441.05,-0.0025
441.1,0.0025
441.15,0.0029167
441.2,0.0016667
441.25,0.0033333
441.3,0.0041667
441.35,0.010833
441.4,0.010833
441.45,0.0054167
441.5,0.011667
441.55,0.014583
441.6,0.0095833
441.65,0.0091667
441.7,0.0095833
441.75,0.00875
441.8,0.010417
441.85,0.0045833
441.9,0.0033333
441.95,0.0075
442,0.0029167
442.05,-4.1667E-4
442.1,0.0045833
442.15,0.00375
442.2,0.0029167
442.25,0.005
442.3,0.0029167
442.35,0.0091667
442.4,0.010833
442.45,0.0075
442.5,0.0125
442.55,0.015
442.6,0.010417
442.65,0.01125
442.7,0.010417
442.75,0.0091667
442.8,0.0091667
442.85,0.005
442.9,0.00375
442.95,0.0070833
443,0.00125
443.05,0.0020833
443.1,0.0058333
443.15,0.00375
443.2,0.00375
443.25,0.005
443.3,0.0029167
443.35,0.00875
443.4,0.0095833
443.45,0.0058333
443.5,0.012083
443.55,0.015833
443.6,0.0095833
443.65,0.011667
443.7,0.011667
443.75,0.01125
443.8,0.01125
443.85,0.00375
443.9,0.00375
443.95,0.0095833
444,0.00125
444.05,-4.1667E-4
444.1,0.0041667
444.15,0.0041667
444.2,0.005
444.25,0.005
444.3,0.0033333
444.35,0.010417
444.4,0.010833
444.45,0.0045833
444.5,0.011667
444.55,0.0125
444.6,0.0058333
444.65,0.0091667
444.7,0.01
444.75,0.0095833
444.8,0.010833
444.85,0.00375
444.9,8.3333E-4
444.95,0.00625
445,-0.00125
445.05,-0.0029167
445.1,0.0016667
445.15,4.1667E-4
445.2,0.00125
445.25,0.0033333
445.3,0.0025
445.35,0.01125
445.4,0.011667
445.45,0.0066667
445.5,0.011667
445.55,0.013333
445.6,0.0075
445.65,0.00625
445.7,0.0091667
445.75,0.0075
445.8,0.0091667
445.85,0.0054167
445.9,0.0045833
445.95,0.0095833
446,0.00375
446.05,0.0016667
446.1,0.0070833
446.15,0.0066667
446.2,0.0058333
446.25,0.0058333
446.3,0.0041667
446.35,0.0083333
446.4,0.0091667
446.45,0.0058333
446.5,0.011667
446.55,0.015
446.6,0.01
446.65,0.011667
446.7,0.01125
446.75,0.00875
446.8,0.01
446.85,0.00375
446.9,0.0020833
446.95,0.0058333
447,0
447.05,-0.00125
447.1,0.0045833
447.15,4.1667E-4
447.2,0.0020833
447.25,0.0045833
447.3,0.0029167
447.35,0.0079167
447.4,0.01
447.45,0.00625
447.5,0.011667
447.55,0.01375
447.6,0.00875
447.65,0.00875
447.7,0.0095833
447.75,0.00875
447.8,0.01125
447.85,0.0041667
447.9,0.0029167
447.95,0.0079167
448,0.0020833
448.05,-0.0016667
448.1,0.0045833
448.15,0.0041667
448.2,0.0033333
448.25,0.0041667
448.3,0.0025
448.35,0.01125
448.4,0.011667
448.45,0.0058333
448.5,0.0125
448.55,0.016667
448.6,0.0079167
448.65,0.0091667
448.7,0.01125
448.75,0.0091667
448.8,0.010833
448.85,0.0045833
448.9,0.0029167
448.95,0.010417
449,0.0020833
449.05,0
449.1,0.0066667
449.15,0.0079167
449.2,0.005
449.25,0.005
449.3,0.0033333
449.35,0.01
449.4,0.010833
449.45,0.0058333
449.5,0.01375
449.55,0.015
449.6,0.011667
449.65,0.011667
449.7,0.012083
449.75,0.00875
449.8,0.012083
449.85,0.005
449.9,0.0025
449.95,0.0091667
450,0.0016667
450.05,
