0.05,2.4667
0.1,2.4667
0.15,2.4658
0.2,2.4683
0.25,2.4675
0.3,2.4654
0.35,2.4663
0.4,2.4675
0.45,2.4646
0.5,2.4663
0.55,2.4638
0.6,2.4625
0.65,2.4646
0.7,2.4613
0.75,2.4613
0.8,2.4638
0.85,2.4625
0.9,2.4625
0.95,2.4646
1,2.4646
1.05,2.4658
1.1,2.4667
1.15,2.4667
1.2,2.4679
1.25,2.4679
1.3,2.465
1.35,2.4671
1.4,2.4667
1.45,2.4667
1.5,2.4658
1.55,2.4621
1.6,2.4629
1.65,2.4646
1.7,2.4608
1.75,2.4617
1.8,2.4629
1.85,2.4604
1.9,2.4633
1.95,2.4621
2,2.4625
2.05,2.4638
2.1,2.4633
2.15,2.4633
2.2,2.465
2.25,2.465
2.3,2.4642
2.35,2.4646
2.4,2.4571
2.45,2.4575
2.5,2.4558
2.55,2.4554
2.6,2.4542
2.65,2.4558
2.7,2.4533
2.75,2.4529
2.8,2.4467
2.85,2.4438
2.9,2.4438
2.95,2.4442
3,2.4425
3.05,2.4458
3.1,2.4475
3.15,2.4475
3.2,2.4425
3.25,2.4379
3.3,2.4379
3.35,2.4383
3.4,2.4371
3.45,2.4375
3.5,2.435
3.55,2.4342
3.6,2.4342
3.65,2.4283
3.7,2.4254
3.75,2.4254
3.8,2.4267
3.85,2.4254
3.9,2.4267
3.95,2.4287
4,2.4283
4.05,2.4204
4.1,2.4196
4.15,2.4179
4.2,2.4208
4.25,2.4196
4.3,2.42
4.35,2.4217
4.4,2.42
4.45,2.4054
4.5,2.4046
4.55,2.4038
4.6,2.4038
4.65,2.4042
4.7,2.4013
4.75,2.4017
4.8,2.4046
4.85,2.4025
4.9,2.3938
4.95,2.3954
5,2.3954
5.05,2.3983
5.1,2.3954
5.15,2.3954
5.2,2.3983
5.25,2.3983
5.3,2.3875
5.35,2.3871
5.4,2.3879
5.45,2.3858
5.5,2.3862
5.55,2.3854
5.6,2.385
5.65,2.3858
5.7,2.3725
5.75,2.3725
5.8,2.375
5.85,2.3746
5.9,2.3746
5.95,2.3763
6,2.3775
6.05,2.3788
6.1,2.3688
6.15,2.365
6.2,2.3671
6.25,2.3671
6.3,2.365
6.35,2.365
6.4,2.3658
6.45,2.3646
6.5,2.3571
6.55,2.3504
6.6,2.3525
6.65,2.3513
6.7,2.3496
6.75,2.3504
6.8,2.3533
6.85,2.3513
6.9,2.3529
6.95,2.3454
7,2.3446
7.05,2.3471
7.1,2.3454
7.15,2.3462
7.2,2.3479
7.25,2.3475
7.3,2.3462
7.35,2.3417
7.4,2.3354
7.45,2.3346
7.5,2.3338
7.55,2.3325
7.6,2.3325
7.65,2.3346
7.7,2.3313
7.75,2.3208
7.8,2.3208
7.85,2.3196
7.9,2.3204
7.95,2.3217
8,2.3221
8.05,2.3229
8.1,2.3225
8.15,2.3217
8.2,2.3158
8.25,2.3171
8.3,2.3146
8.35,2.3142
8.4,2.3146
8.45,2.3142
8.5,2.3133
8.55,2.3113
8.6,2.3025
8.65,2.3037
8.7,2.3013
8.75,2.3013
8.8,2.3033
8.85,2.3025
8.9,2.3021
8.95,2.3033
9,2.2942
9.05,2.2954
9.1,2.2958
9.15,2.2942
9.2,2.2967
9.25,2.2967
9.3,2.2958
9.35,2.295
9.4,2.295
9.45,2.2837
9.5,2.2821
9.55,2.2808
9.6,2.2808
9.65,2.2812
9.7,2.28
9.75,2.2796
9.8,2.2808
9.85,2.2708
9.9,2.2713
9.95,2.2717
10,2.2725
10.05,2.2746
10.1,2.275
10.15,2.275
10.2,2.275
10.25,2.2675
10.3,2.2667
10.35,2.2675
10.4,2.2671
10.45,2.2667
10.5,2.2658
10.55,2.2633
10.6,2.2646
10.65,2.2579
10.7,2.2517
10.75,2.2508
10.8,2.2533
10.85,2.2517
10.9,2.2525
10.95,2.2675
11,2.2538
11.05,2.2508
11.1,2.2438
11.15,2.2438
11.2,2.2463
11.25,2.2458
11.3,2.2446
11.35,2.245
11.4,2.2438
11.45,2.2388
11.5,2.2338
11.55,2.2321
11.6,2.2375
11.65,2.2375
11.7,2.23
11.75,2.2308
11.8,2.2317
11.85,2.2313
11.9,2.2263
11.95,2.2263
12,2.2242
12.05,2.2275
12.1,2.2279
12.15,2.2263
12.2,2.2288
12.25,2.2283
12.3,2.2196
12.35,2.2179
12.4,2.2179
12.45,2.2167
12.5,2.2167
12.55,2.2146
12.6,2.2138
12.65,2.2146
12.7,2.2038
12.75,2.2017
12.8,2.2021
12.85,2.2008
12.9,2.2012
12.95,2.2033
13,2.2042
13.05,2.205
13.1,2.2054
13.15,2.1963
13.2,2.1987
13.25,2.1996
13.3,2.1975
13.35,2.1983
13.4,2.1971
13.45,2.1958
13.5,2.195
13.55,2.1871
13.6,2.1863
13.65,2.1854
13.7,2.1842
13.75,2.1833
13.8,2.1867
13.85,2.185
13.9,2.1867
13.95,2.1767
14,2.1767
14.05,2.1783
14.1,2.1787
14.15,2.1775
14.2,2.1775
14.25,2.18
14.3,2.1813
14.35,2.1767
14.4,2.1683
14.45,2.1679
14.5,2.1646
14.55,2.1646
14.6,2.1646
14.65,2.1646
14.7,2.1625
14.75,2.1617
14.8,2.1554
14.85,2.155
14.9,2.1562
14.95,2.1579
15,2.1575
15.05,2.16
15.1,2.16
15.15,2.1592
15.2,2.1567
15.25,2.1525
15.3,2.1521
15.35,2.1521
15.4,2.1533
15.45,2.1521
15.5,2.1504
15.55,2.1488
15.6,2.1387
15.65,2.1383
15.7,2.1358
15.75,2.1379
15.8,2.1375
15.85,2.1346
15.9,2.1383
15.95,2.1379
16,2.1375
16.05,2.1304
16.1,2.13
16.15,2.1296
16.2,2.1321
16.25,2.1313
16.3,2.13
16.35,2.1308
16.4,2.1308
16.45,2.1225
16.5,2.1225
16.55,2.1188
16.6,2.1188
16.65,2.1192
16.7,2.1179
16.75,2.1154
16.8,2.1208
16.85,2.1121
16.9,2.1121
16.95,2.1121
17,2.1113
17.05,2.115
17.1,2.1138
17.15,2.1133
17.2,2.1167
17.25,2.1079
17.3,2.1038
17.35,2.105
17.4,2.1042
17.45,2.1029
17.5,2.1038
17.55,2.1
17.6,2.1
17.65,2.1021
17.7,2.0913
17.75,2.0892
17.8,2.0921
17.85,2.0913
17.9,2.0908
17.95,2.0925
18,2.0938
18.05,2.0946
18.1,2.0871
18.15,2.0858
18.2,2.0871
18.25,2.0871
18.3,2.0863
18.35,2.0871
18.4,2.0871
18.45,2.085
18.5,2.0788
18.55,2.0758
18.6,2.075
18.65,2.0758
18.7,2.0729
18.75,2.0725
18.8,2.0758
18.85,2.0742
18.9,2.0742
18.95,2.0667
19,2.0675
19.05,2.0692
19.1,2.0692
19.15,2.0683
19.2,2.07
19.25,2.0704
19.3,2.0692
19.35,2.0604
19.4,2.0592
19.45,2.0583
19.5,2.0588
19.55,2.0554
19.6,2.0562
19.65,2.0554
19.7,2.0546
19.75,2.0467
19.8,2.0479
19.85,2.0467
19.9,2.0471
19.95,2.0492
20,2.0488
20.05,2.0504
20.1,2.05
20.15,2.0408
20.2,2.0458
20.25,2.0442
20.3,2.0429
20.35,2.0442
20.4,2.0429
20.45,2.0438
20.5,2.0425
20.55,2.035
20.6,2.03
20.65,2.0304
20.7,2.0279
20.75,2.0279
20.8,2.0304
20.85,2.0292
20.9,2.0304
20.95,2.0296
21,2.0225
21.05,2.0242
21.1,2.0242
21.15,2.0229
21.2,2.0258
21.25,2.0246
21.3,2.0233
21.35,2.0246
21.4,2.02
21.45,2.0154
21.5,2.0142
21.55,2.0142
21.6,2.0117
21.65,2.015
21.7,2.0129
21.75,2.0125
21.8,2.0079
21.85,2.005
21.9,2.005
21.95,2.0058
22,2.0071
22.05,2.0088
22.1,2.0092
22.15,2.0083
22.2,2.0042
22.25,2.0013
22.3,1.9992
22.35,1.9996
22.4,2.0004
22.45,1.9992
22.5,1.9988
22.55,1.9958
22.6,1.9971
22.65,1.9879
22.7,1.9854
22.75,1.9846
22.8,1.9871
22.85,1.9854
22.9,1.9867
22.95,1.9867
23,1.9883
23.05,1.9821
23.1,1.9821
23.15,1.9804
23.2,1.9825
23.25,1.9838
23.3,1.9821
23.35,1.9829
23.4,1.9838
23.45,1.9821
23.5,1.9729
23.55,1.97
23.6,1.9725
23.65,1.9721
23.7,1.97
23.75,1.9688
23.8,1.97
23.85,1.9688
23.9,1.9625
23.95,1.9633
24,1.9642
24.05,1.9663
24.1,1.9663
24.15,1.9642
24.2,1.9671
24.25,1.9683
24.3,1.9575
24.35,1.9579
24.4,1.9558
24.45,1.9533
24.5,1.955
24.55,1.9525
24.6,1.9538
24.65,1.9538
24.7,1.9479
24.75,1.9438
24.8,1.9475
24.85,1.9442
24.9,1.945
24.95,1.9458
25,1.9483
25.05,1.9496
25.1,1.955
25.15,1.9404
25.2,1.9429
25.25,1.9438
25.3,1.9429
25.35,1.9417
25.4,1.9433
25.45,1.9413
25.5,1.9383
25.55,1.9308
25.6,1.9296
25.65,1.9304
25.7,1.9296
25.75,1.9279
25.8,1.9296
25.85,1.9296
25.9,1.9296
25.95,1.9217
26,1.9204
26.05,1.9229
26.1,1.9225
26.15,1.9221
26.2,1.9254
26.25,1.925
26.3,1.9233
26.35,1.92
26.4,1.9171
26.45,1.9158
26.5,1.9154
26.55,1.9129
26.6,1.9154
26.65,1.9146
26.7,1.9129
26.75,1.9054
26.8,1.9058
26.85,1.9067
26.9,1.9075
26.95,1.9063
27,1.9067
27.05,1.91
27.1,1.9083
27.15,1.9096
27.2,1.9025
27.25,1.9038
27.3,1.9008
27.35,1.9008
27.4,1.9025
27.45,1.9021
27.5,1.9038
27.55,1.9008
27.6,1.8908
27.65,1.8908
27.7,1.89
27.75,1.8904
27.8,1.8892
27.85,1.8858
27.9,1.8863
27.95,1.8917
28,1.8758
28.05,1.8846
28.1,1.8829
28.15,1.8829
28.2,1.8867
28.25,1.8879
28.3,1.8838
28.35,1.8854
28.4,1.8863
28.45,1.8779
28.5,1.8763
28.55,1.8758
28.6,1.8775
28.65,1.8767
28.7,1.8754
28.75,1.8696
28.8,1.8733
28.85,1.8671
28.9,1.8667
28.95,1.8679
29,1.87
29.05,1.8683
29.1,1.8713
29.15,1.8696
29.2,1.8696
29.25,1.8621
29.3,1.86
29.35,1.8617
29.4,1.8625
29.45,1.8621
29.5,1.8613
29.55,1.8588
29.6,1.8596
29.65,1.8567
29.7,1.8504
29.75,1.8479
29.8,1.8521
29.85,1.8467
29.9,1.8479
29.95,1.85
30,1.8488
30.05,1.8542
30.1,1.8467
30.15,1.8438
30.2,1.85
30.25,1.8513
30.3,1.8475
30.35,1.8463
30.4,1.8492
30.45,1.8454
30.5,1.8421
30.55,1.8375
30.6,1.8363
30.65,1.8363
30.7,1.8342
30.75,1.8358
30.8,1.835
30.85,1.8375
30.9,1.8283
30.95,1.8213
31,1.8292
31.05,1.8304
31.1,1.8283
31.15,1.83
31.2,1.8283
31.25,1.8354
31.3,1.8263
31.35,1.8229
31.4,1.8225
31.45,1.8233
31.5,1.8213
31.55,1.8196
31.6,1.8196
31.65,1.8192
31.7,1.8175
31.75,1.8108
31.8,1.8133
31.85,1.8067
31.9,1.815
31.95,1.8108
32,1.81
32.05,1.8183
32.1,1.8138
32.15,1.8038
32.2,1.8092
32.25,1.8125
32.3,1.8079
32.35,1.8079
32.4,1.81
32.45,1.8075
32.5,1.8088
32.55,1.8029
32.6,1.795
32.65,1.7958
32.7,1.8025
32.75,1.7913
32.8,1.8
32.85,1.7979
32.9,1.7979
32.95,1.7971
33,1.7913
33.05,1.7875
33.1,1.785
33.15,1.7904
33.2,1.7938
33.25,1.7946
33.3,1.7921
33.35,1.7921
33.4,1.7921
33.45,1.7858
33.5,1.7817
33.55,1.7829
33.6,1.7817
33.65,1.7821
33.7,1.7833
33.75,1.7842
33.8,1.7767
33.85,1.7771
33.9,1.7729
33.95,1.7767
34,1.7767
34.05,1.7771
34.1,1.7804
34.15,1.7792
34.2,1.7754
34.25,1.7696
34.3,1.77
34.35,1.7721
34.4,1.7696
34.45,1.7671
34.5,1.7679
34.55,1.7679
34.6,1.7654
34.65,1.7696
34.7,1.7583
34.75,1.7608
34.8,1.7625
34.85,1.7567
34.9,1.7529
34.95,1.76
35,1.7617
35.05,1.755
35.1,1.755
35.15,1.7558
35.2,1.7613
35.25,1.7588
35.3,1.7538
35.35,1.7588
35.4,1.7567
35.45,1.7533
35.5,1.7483
35.55,1.7475
35.6,1.7438
35.65,1.7488
35.7,1.7471
35.75,1.7438
35.8,1.7442
35.85,1.7392
35.9,1.7371
35.95,1.7379
36,1.7371
36.05,1.7417
36.1,1.7421
36.15,1.7396
36.2,1.7446
36.25,1.7396
36.3,1.7371
36.35,1.7342
36.4,1.7329
36.45,1.735
36.5,1.7333
36.55,1.7263
36.6,1.7338
36.65,1.7321
36.7,1.7217
36.75,1.72
36.8,1.7221
36.85,1.7238
36.9,1.72
36.95,1.7225
37,1.7292
37.05,1.7267
37.1,1.7204
37.15,1.7196
37.2,1.7233
37.25,1.7258
37.3,1.7208
37.35,1.7221
37.4,1.7275
37.45,1.7242
37.5,1.7138
37.55,1.7092
37.6,1.7092
37.65,1.7104
37.7,1.7121
37.75,1.7092
37.8,1.7088
37.85,1.7092
37.9,1.7088
37.95,1.7042
38,1.7025
38.05,1.7021
38.1,1.7021
38.15,1.7046
38.2,1.7075
38.25,1.7046
38.3,1.7033
38.35,1.7017
38.4,1.6971
38.45,1.7021
38.5,1.6958
38.55,1.6996
38.6,1.6967
38.65,1.6983
38.7,1.6946
38.75,1.6921
38.8,1.6896
38.85,1.6896
38.9,1.6913
38.95,1.6871
39,1.6917
39.05,1.6888
39.1,1.6942
39.15,1.6921
39.2,1.685
39.25,1.6842
39.3,1.6863
39.35,1.6871
39.4,1.6846
39.45,1.6879
39.5,1.6858
39.55,1.6808
39.6,1.6746
39.65,1.6746
39.7,1.6696
39.75,1.6729
39.8,1.6788
39.85,1.6746
39.9,1.6725
39.95,1.6738
40,1.6725
40.05,1.6713
40.1,1.6738
40.15,1.6708
40.2,1.6717
40.25,1.6725
40.3,1.6704
40.35,1.6775
40.4,1.6713
40.45,1.665
40.5,1.6683
40.55,1.6613
40.6,1.6638
40.65,1.66
40.7,1.6613
40.75,1.6608
40.8,1.6604
40.85,1.6562
40.9,1.6554
40.95,1.6525
41,1.6588
41.05,1.6575
41.1,1.6592
41.15,1.6617
41.2,1.6613
41.25,1.6529
41.3,1.6529
41.35,1.6492
41.4,1.6504
41.45,1.6488
41.5,1.6479
41.55,1.6508
41.6,1.65
41.65,1.6467
41.7,1.6413
41.75,1.6438
41.8,1.6429
41.85,1.6413
41.9,1.645
41.95,1.6429
42,1.6442
42.05,1.6375
42.1,1.6388
42.15,1.635
42.2,1.6379
42.25,1.6392
42.3,1.6413
42.35,1.6413
42.4,1.6433
42.45,1.6413
42.5,1.6313
42.55,1.6308
42.6,1.6308
42.65,1.6292
42.7,1.6288
42.75,1.6263
42.8,1.6279
42.85,1.6271
42.9,1.6196
42.95,1.6242
43,1.6229
43.05,1.6254
43.1,1.625
43.15,1.625
43.2,1.6267
43.25,1.6258
43.3,1.6208
43.35,1.62
43.4,1.6221
43.45,1.6183
43.5,1.62
43.55,1.6171
43.6,1.6163
43.65,1.62
43.7,1.6146
43.75,1.6108
43.8,1.6108
43.85,1.61
43.9,1.6079
43.95,1.6104
44,1.6113
44.05,1.6092
44.1,1.6108
44.15,1.6054
44.2,1.6063
44.25,1.6021
44.3,1.6067
44.35,1.6075
44.4,1.6083
44.45,1.6033
44.5,1.6054
44.55,1.5963
44.6,1.5975
44.65,1.6
44.7,1.5933
44.75,1.5933
44.8,1.5971
44.85,1.5963
44.9,1.5958
44.95,1.5904
45,1.5908
45.05,1.5925
45.1,1.5917
45.15,1.5913
45.2,1.59
45.25,1.5958
45.3,1.5908
45.35,1.5929
45.4,1.5875
45.45,1.5879
45.5,1.5804
45.55,1.5825
45.6,1.5871
45.65,1.5858
45.7,1.5813
45.75,1.5767
45.8,1.5792
45.85,1.5792
45.9,1.5767
45.95,1.5763
46,1.5779
46.05,1.5783
46.1,1.5808
46.15,1.5796
46.2,1.5779
46.25,1.5742
46.3,1.5729
46.35,1.5725
46.4,1.575
46.45,1.5738
46.5,1.5733
46.55,1.5717
46.6,1.5671
46.65,1.5663
46.7,1.5638
46.75,1.5629
46.8,1.56
46.85,1.5625
46.9,1.5642
46.95,1.5621
47,1.56
47.05,1.5608
47.1,1.5625
47.15,1.5617
47.2,1.5613
47.25,1.5617
47.3,1.5625
47.35,1.5629
47.4,1.5638
47.45,1.555
47.5,1.5558
47.55,1.5508
47.6,1.5513
47.65,1.5525
47.7,1.5513
47.75,1.5525
47.8,1.5521
47.85,1.5471
47.9,1.5433
47.95,1.5446
48,1.5446
48.05,1.5463
48.1,1.5475
48.15,1.5467
48.2,1.5517
48.25,1.5488
48.3,1.5417
48.35,1.5421
48.4,1.5454
48.45,1.5446
48.5,1.5413
48.55,1.5388
48.6,1.5388
48.65,1.5421
48.7,1.5325
48.75,1.5325
48.8,1.535
48.85,1.5329
48.9,1.5321
48.95,1.5325
49,1.5338
49.05,1.535
49.1,1.5296
49.15,1.5296
49.2,1.5304
49.25,1.5329
49.3,1.5304
49.35,1.535
49.4,1.5317
49.45,1.5325
49.5,1.5267
49.55,1.5217
49.6,1.5208
49.65,1.5221
49.7,1.5175
49.75,1.5217
49.8,1.5225
49.85,1.5196
49.9,1.5163
49.95,1.5171
50,1.5146
50.05,1.52
50.1,1.5175
50.15,1.5175
50.2,1.5183
50.25,1.5183
50.3,1.5175
50.35,1.5121
50.4,1.5146
50.45,1.5154
50.5,1.5108
50.55,1.5108
50.6,1.5108
50.65,1.5092
50.7,1.5108
50.75,1.5008
50.8,1.5054
50.85,1.5021
50.9,1.5013
50.95,1.5046
51,1.5054
51.05,1.5054
51.1,1.5071
51.15,1.5
51.2,1.5013
51.25,1.5025
51.3,1.4967
51.35,1.5004
51.4,1.4996
51.45,1.5013
51.5,1.4971
51.55,1.4954
51.6,1.4892
51.65,1.4921
51.7,1.4892
51.75,1.4908
51.8,1.4904
51.85,1.4875
51.9,1.49
51.95,1.4904
52,1.4888
52.05,1.4879
52.1,1.4879
52.15,1.4863
52.2,1.4913
52.25,1.4913
52.3,1.4875
52.35,1.4888
52.4,1.4842
52.45,1.4838
52.5,1.4796
52.55,1.48
52.6,1.4742
52.65,1.4842
52.7,1.4771
52.75,1.4783
52.8,1.4738
52.85,1.4746
52.9,1.4725
52.95,1.4721
53,1.4792
53.05,1.4742
53.1,1.4771
53.15,1.4746
53.2,1.4771
53.25,1.4713
53.3,1.47
53.35,1.4721
53.4,1.4721
53.45,1.47
53.5,1.4667
53.55,1.4692
53.6,1.4688
53.65,1.4621
53.7,1.46
53.75,1.4592
53.8,1.4608
53.85,1.4633
53.9,1.4575
53.95,1.4633
54,1.4596
54.05,1.4592
54.1,1.455
54.15,1.4587
54.2,1.4579
54.25,1.46
54.3,1.46
54.35,1.4587
54.4,1.4587
54.45,1.4592
54.5,1.4525
54.55,1.4533
54.6,1.45
54.65,1.4513
54.7,1.4479
54.75,1.4487
54.8,1.4487
54.85,1.4479
54.9,1.4433
54.95,1.4429
55,1.445
55.05,1.4433
55.1,1.4483
55.15,1.4446
55.2,1.4479
55.25,1.4483
55.3,1.4408
55.35,1.4425
55.4,1.4429
55.45,1.4425
55.5,1.4396
55.55,1.4413
55.6,1.4392
55.65,1.4396
55.7,1.4338
55.75,1.4288
55.8,1.4363
55.85,1.4346
55.9,1.43
55.95,1.4329
56,1.4338
56.05,1.4354
56.1,1.4308
56.15,1.4296
56.2,1.43
56.25,1.43
56.3,1.4313
56.35,1.4313
56.4,1.4329
56.45,1.43
56.5,1.4288
56.55,1.4229
56.6,1.4225
56.65,1.4208
56.7,1.42
56.75,1.4208
56.8,1.4192
56.85,1.42
56.9,1.4183
56.95,1.4179
57,1.4175
57.05,1.4221
57.1,1.4188
57.15,1.4167
57.2,1.4188
57.25,1.4238
57.3,1.4163
57.35,1.4146
57.4,1.4125
57.45,1.4117
57.5,1.4138
57.55,1.4108
57.6,1.4129
57.65,1.4058
57.7,1.4062
57.75,1.4058
57.8,1.4046
57.85,1.4038
57.9,1.4008
57.95,1.4062
58,1.4067
58.05,1.4079
58.1,1.4054
58.15,1.4088
58.2,1.4013
58.25,1.405
58.3,1.4042
58.35,1.4029
58.4,1.4042
58.45,1.3975
58.5,1.3992
58.55,1.4
58.6,1.3933
58.65,1.3962
58.7,1.3921
58.75,1.3942
58.8,1.3896
58.85,1.3929
58.9,1.3921
58.95,1.3967
59,1.3958
59.05,1.3904
59.1,1.3925
59.15,1.3896
59.2,1.3908
59.25,1.3921
59.3,1.3867
59.35,1.3908
59.4,1.3958
59.45,1.3858
59.5,1.3846
59.55,1.3804
59.6,1.3883
59.65,1.3838
59.7,1.3817
59.75,1.3833
59.8,1.3846
59.85,1.3788
59.9,1.3754
59.95,1.3804
60,1.3808
60.05,1.3817
60.1,1.3821
60.15,1.3808
60.2,1.3825
60.25,1.3779
60.3,1.3779
60.35,1.3738
60.4,1.3767
60.45,1.3746
60.5,1.3767
60.55,1.375
60.6,1.3733
60.65,1.3671
60.7,1.3638
60.75,1.3638
60.8,1.3667
60.85,1.3683
60.9,1.3642
60.95,1.3667
61,1.3638
61.05,1.365
61.1,1.3621
61.15,1.3642
61.2,1.365
61.25,1.3708
61.3,1.3638
61.35,1.3654
61.4,1.3671
61.45,1.3667
61.5,1.3554
61.55,1.355
61.6,1.3546
61.65,1.36
61.7,1.355
61.75,1.3533
61.8,1.3592
61.85,1.355
61.9,1.3475
61.95,1.3517
62,1.3521
62.05,1.3517
62.1,1.3517
62.15,1.3533
62.2,1.3571
62.25,1.3563
62.3,1.3483
62.35,1.3488
62.4,1.3483
62.45,1.3488
62.5,1.3504
62.55,1.3458
62.6,1.3454
62.65,1.3479
62.7,1.3438
62.75,1.34
62.8,1.3425
62.85,1.34
62.9,1.3379
62.95,1.3396
63,1.3421
63.05,1.3413
63.1,1.3454
63.15,1.3375
63.2,1.3392
63.25,1.3404
63.3,1.3379
63.35,1.3392
63.4,1.3417
63.45,1.3367
63.5,1.3375
63.55,1.3342
63.6,1.33
63.65,1.3304
63.7,1.3275
63.75,1.3283
63.8,1.3292
63.85,1.3258
63.9,1.3275
63.95,1.3275
64,1.3258
64.05,1.3229
64.1,1.325
64.15,1.33
64.2,1.3304
64.25,1.3283
64.3,1.3271
64.35,1.3304
64.4,1.3242
64.45,1.3258
64.5,1.3225
64.55,1.3208
64.6,1.3188
64.65,1.3217
64.7,1.3183
64.75,1.3171
64.8,1.3179
64.85,1.3121
64.9,1.3125
64.95,1.3137
65,1.3146
65.05,1.3167
65.1,1.3188
65.15,1.3167
65.2,1.3167
65.25,1.3146
65.3,1.3125
65.35,1.3125
65.4,1.3133
65.45,1.3113
65.5,1.31
65.55,1.3125
65.6,1.3063
65.65,1.3042
65.7,1.3017
65.75,1.3008
65.8,1.3054
65.85,1.3025
65.9,1.3013
65.95,1.3033
66,1.3029
66.05,1.3029
66.1,1.3004
66.15,1.3025
66.2,1.3025
66.25,1.3038
66.3,1.3025
66.35,1.3038
66.4,1.3029
66.45,1.2988
66.5,1.2971
66.55,1.295
66.6,1.2958
66.65,1.2954
66.7,1.2929
66.75,1.2929
66.8,1.2954
66.85,1.2879
66.9,1.2888
66.95,1.2883
67,1.2883
67.05,1.2917
67.1,1.2833
67.15,1.2888
67.2,1.2921
67.25,1.2946
67.3,1.2858
67.35,1.29
67.4,1.2867
67.45,1.2854
67.5,1.2871
67.55,1.2825
67.6,1.2842
67.65,1.2838
67.7,1.2758
67.75,1.2758
67.8,1.2771
67.85,1.2763
67.9,1.2758
67.95,1.2763
68,1.2783
68.05,1.2788
68.1,1.2775
68.15,1.2775
68.2,1.2763
68.25,1.2767
68.3,1.2763
68.35,1.2783
68.4,1.2783
68.45,1.2758
68.5,1.2767
68.55,1.2717
68.6,1.2675
68.65,1.27
68.7,1.2667
68.75,1.2663
68.8,1.2704
68.85,1.2696
68.9,1.2663
68.95,1.2654
69,1.2642
69.05,1.2667
69.1,1.2646
69.15,1.2675
69.2,1.2658
69.25,1.2696
69.3,1.2679
69.35,1.2633
69.4,1.2588
69.45,1.2608
69.5,1.2612
69.55,1.2608
69.6,1.26
69.65,1.26
69.7,1.2546
69.75,1.2558
69.8,1.255
69.85,1.2546
69.9,1.2504
69.95,1.2542
70,1.2554
70.05,1.255
70.1,1.2558
70.15,1.255
70.2,1.2538
70.25,1.2542
70.3,1.2492
70.35,1.2521
70.4,1.2529
70.45,1.2521
70.5,1.2521
70.55,1.2492
70.6,1.2454
70.65,1.2479
70.7,1.2408
70.75,1.2442
70.8,1.2417
70.85,1.2454
70.9,1.2429
70.95,1.2446
71,1.2408
71.05,1.2421
71.1,1.2442
71.15,1.2442
71.2,1.2446
71.25,1.245
71.3,1.2438
71.35,1.2442
71.4,1.2413
71.45,1.2413
71.5,1.2379
71.55,1.235
71.6,1.235
71.65,1.2346
71.7,1.2329
71.75,1.2346
71.8,1.2308
71.85,1.2288
71.9,1.23
71.95,1.1908
72,1.135
72.05,1.0529
72.1,0.99125
72.15,0.91333
72.2,0.85417
72.25,0.81125
72.3,0.78083
72.35,0.75375
72.4,0.6875
72.45,0.60917
72.5,0.49125
72.55,0.39125
72.6,0.28625
72.65,0.21083
72.7,0.18917
72.75,0.20042
72.8,0.22417
72.85,0.24125
72.9,0.19
72.95,0.093333
73,-0.062083
73.05,-0.22958
73.1,-0.34
73.15,-0.405
73.2,-0.41958
73.25,-0.40292
73.3,-0.40625
73.35,-0.46417
73.4,-0.58792
73.45,-0.74167
73.5,-0.87792
73.55,-0.9575
73.6,-0.98917
73.65,-0.95583
73.7,-0.95958
73.75,-0.99542
73.8,-1.1113
73.85,-1.2704
73.9,-1.4483
73.95,-1.56
74,-1.5729
74.05,-1.5683
74.1,-1.5442
74.15,-1.5504
74.2,-1.5967
74.25,-1.6617
74.3,-1.7433
74.35,-1.8467
74.4,-1.9354
74.45,-2.0238
74.5,-2.0792
74.55,-2.1196
74.6,-2.1546
74.65,-2.1754
74.7,-2.1604
74.75,-2.1596
74.8,-2.1679
74.85,-2.1421
74.9,1.225
74.95,1.1792
75,1.2038
75.05,1.1938
75.1,1.1938
75.15,1.1571
75.2,1.175
75.25,1.1925
75.3,1.1858
75.35,1.1733
75.4,1.1946
75.45,1.3042
75.5,1.2038
75.55,1.1729
75.6,1.1942
75.65,1.1946
75.7,1.1808
75.75,1.19
75.8,1.1863
75.85,1.1721
75.9,1.1417
75.95,1.1225
76,1.1071
76.05,1.0725
76.1,1.0613
76.15,1.1854
76.2,1.3021
76.25,1.4375
76.3,1.5829
76.35,1.7538
76.4,1.8775
76.45,1.9908
76.5,2.0892
76.55,2.1863
76.6,2.0483
76.65,1.9908
76.7,2.1708
76.75,2.2325
76.8,2.3625
76.85,2.4896
76.9,2.5596
76.95,2.6579
77,2.7471
77.05,2.8092
77.1,2.8846
77.15,2.9667
77.2,3.0413
77.25,3.1463
77.3,3.2263
77.35,3.3142
77.4,3.4142
77.45,3.4921
77.5,3.5875
77.55,3.6429
77.6,3.72
77.65,3.8217
77.7,3.9433
77.75,4.0308
77.8,4.1463
77.85,4.2496
77.9,4.3292
77.95,4.3763
78,4.3892
78.05,4.3988
78.1,4.4208
78.15,4.4138
78.2,4.3842
78.25,4.3629
78.3,4.3538
78.35,4.3542
78.4,4.2875
78.45,4.2179
78.5,1.11
78.55,1.1629
78.6,1.1583
78.65,1.1554
78.7,1.1508
78.75,1.1613
78.8,1.1713
78.85,1.1488
78.9,1.1425
78.95,1.16
79,1.1571
79.05,1.1592
79.1,1.1596
79.15,1.1558
79.2,1.155
79.25,1.1554
79.3,1.1667
79.35,1.2071
79.4,1.2542
79.45,1.1946
79.5,1.15
79.55,1.1913
79.6,1.1521
79.65,1.1554
79.7,1.2125
79.75,1.1462
79.8,1.1513
79.85,1.1442
79.9,1.1433
79.95,1.1446
80,1.1475
80.05,1.1425
80.1,1.1425
80.15,1.1433
80.2,1.1429
80.25,1.1454
80.3,1.1413
80.35,1.1433
80.4,1.1442
80.45,1.1421
80.5,1.1367
80.55,1.1371
80.6,1.1375
80.65,1.1346
80.7,1.1338
80.75,1.1342
80.8,1.1362
80.85,1.1342
80.9,1.1321
80.95,1.1321
81,1.1329
81.05,1.1329
81.1,1.1329
81.15,1.1342
81.2,1.1375
81.25,1.1383
81.3,1.1333
81.35,1.13
81.4,1.1321
81.45,1.1188
81.5,1.1092
81.55,1.1462
81.6,1.085
81.65,1.1213
81.7,1.1233
81.75,1.1283
81.8,1.1275
81.85,1.1267
81.9,1.145
81.95,1.1567
82,1.1608
82.05,1.1242
82.1,1.1246
82.15,1.1217
82.2,1.1217
82.25,1.1254
82.3,1.1229
82.35,1.1225
82.4,1.1238
82.45,1.1208
82.5,1.12
82.55,1.1196
82.6,1.1138
82.65,1.1142
82.7,1.1121
82.75,1.1133
82.8,1.115
82.85,1.11
82.9,1.1121
82.95,1.1146
83,1.1096
83.05,1.1121
83.1,1.1117
83.15,1.1108
83.2,1.1138
83.25,1.1133
83.3,1.1129
83.35,1.1138
83.4,1.1096
83.45,1.11
83.5,1.1067
83.55,1.1083
83.6,1.1046
83.65,1.1071
83.7,1.105
83.75,1.1046
83.8,1.1063
83.85,1.1013
83.9,1.1
83.95,1.1017
84,1.1025
84.05,1.1017
84.1,1.1038
84.15,1.1071
84.2,1.1042
84.25,1.1013
84.3,1.0979
84.35,1.1008
84.4,1.1046
84.45,1.0992
84.5,1.1013
84.55,1.0983
84.6,1.1004
84.65,1.0933
84.7,1.0921
84.75,1.0925
84.8,1.095
84.85,1.0925
84.9,1.0913
84.95,1.0938
85,1.0917
85.05,1.0933
85.1,1.0921
85.15,1.0917
85.2,1.0938
85.25,1.0942
85.3,1.0946
85.35,1.0933
85.4,1.0925
85.45,1.0888
85.5,1.0883
85.55,1.0871
85.6,1.0846
85.65,1.0858
85.7,1.0846
85.75,1.0825
85.8,1.0846
85.85,1.0813
85.9,1.0783
85.95,1.0829
86,1.0821
86.05,1.0833
86.1,1.0813
86.15,1.0829
86.2,1.0842
86.25,1.0858
86.3,1.08
86.35,1.0804
86.4,1.0825
86.45,1.08
86.5,1.0788
86.55,1.0792
86.6,1.0767
86.65,1.0788
86.7,1.0717
86.75,1.0713
86.8,1.075
86.85,1.0708
86.9,1.0721
86.95,1.0737
87,1.0725
87.05,1.075
87.1,1.0725
87.15,1.0704
87.2,1.0717
87.25,1.0725
87.3,1.0708
87.35,1.0725
87.4,1.0737
87.45,1.0708
87.5,1.0708
87.55,1.0671
87.6,1.065
87.65,1.065
87.7,1.065
87.75,1.0629
87.8,1.0642
87.85,1.0646
87.9,1.0633
87.95,1.0608
88,1.0604
88.05,1.0617
88.1,1.0625
88.15,1.0629
88.2,1.065
88.25,1.0663
88.3,1.0637
88.35,1.0604
88.4,1.0554
88.45,1.0588
88.5,1.0604
88.55,1.0537
88.6,1.0633
88.65,1.0571
88.7,1.0529
88.75,1.0567
88.8,1.0567
88.85,1.0508
88.9,1.05
88.95,1.0529
89,1.0529
89.05,1.0525
89.1,1.0558
89.15,1.0567
89.2,1.0537
89.25,1.0529
89.3,1.0504
89.35,1.0521
89.4,1.0558
89.45,1.0521
89.5,1.0525
89.55,1.0508
89.6,1.0475
89.65,1.0442
89.7,1.0442
89.75,1.0425
89.8,1.0446
89.85,1.045
89.9,1.0438
89.95,1.0458
90,1.0408
90.05,1.0413
90.1,1.0429
90.15,1.0429
90.2,1.0446
90.25,1.0467
90.3,1.0408
90.35,1.0442
90.4,1.0467
90.45,1.04
90.5,1.0408
90.55,1.0408
90.6,1.0379
90.65,1.0371
90.7,1.0342
90.75,1.0354
90.8,1.0417
90.85,1.0321
90.9,1.0317
90.95,1.0342
91,1.0333
91.05,1.0354
91.1,1.0358
91.15,1.0367
91.2,1.0367
91.25,1.0342
91.3,1.0329
91.35,1.0346
91.4,1.0321
91.45,1.0333
91.5,1.0288
91.55,1.0325
91.6,1.0296
91.65,1.0242
91.7,1.0246
91.75,1.0242
91.8,1.0271
91.85,1.0221
91.9,1.0233
91.95,1.0254
92,1.0275
92.05,1.0271
92.1,1.0229
92.15,1.0242
92.2,1.0242
92.25,1.0271
92.3,1.0267
92.35,1.0275
92.4,1.0267
92.45,1.0254
92.5,1.0192
92.55,1.0217
92.6,1.0258
92.65,1.0196
92.7,1.0167
92.75,1.015
92.8,1.0192
92.85,1.0175
92.9,1.0108
92.95,1.0142
93,1.015
93.05,1.0163
93.1,1.0167
93.15,1.015
93.2,1.0183
93.25,1.0188
93.3,1.0175
93.35,1.015
93.4,1.0154
93.45,1.0121
93.5,1.0104
93.55,1.0133
93.6,1.0112
93.65,1.0104
93.7,1.0096
93.75,1.0054
93.8,1.0071
93.85,1.0054
93.9,1.0071
93.95,1.0058
94,1.0075
94.05,1.0071
94.1,1.0079
94.15,1.0054
94.2,1.0054
94.25,1.0083
94.3,1.0054
94.35,1.0075
94.4,1.0079
94.45,1.0054
94.5,1.0054
94.55,1.0021
94.6,0.99875
94.65,0.99875
94.7,0.9975
94.75,1.0025
94.8,0.99875
94.85,0.99958
94.9,0.99833
94.95,0.9975
95,0.99833
95.05,0.99625
95.1,0.99875
95.15,0.99833
95.2,1.0008
95.25,1.0017
95.3,0.99917
95.35,0.99708
95.4,0.99583
95.45,0.99417
95.5,0.99458
95.55,0.99333
95.6,0.9925
95.65,0.9925
95.7,0.99
95.75,0.99125
95.8,0.98958
95.85,0.99
95.9,0.9875
95.95,0.98917
96,0.98958
96.05,0.99042
96.1,0.99125
96.15,0.99208
96.2,0.99083
96.25,0.98958
96.3,0.98875
96.35,0.99
96.4,0.98958
96.45,0.98875
96.5,0.98875
96.55,0.98875
96.6,0.98458
96.65,0.9825
96.7,0.98042
96.75,0.98
96.8,0.98083
96.85,0.9825
96.9,0.98
96.95,0.9825
97,0.985
97.05,0.98042
97.1,0.98
97.15,0.98125
97.2,0.9775
97.25,0.98333
97.3,0.98083
97.35,0.98167
97.4,0.98167
97.45,0.97833
97.5,0.9775
97.55,0.97667
97.6,0.97542
97.65,0.97292
97.7,0.97458
97.75,0.97292
97.8,0.97708
97.85,0.97458
97.9,0.96833
97.95,0.97125
98,0.97167
98.05,0.97167
98.1,0.97333
98.15,0.97458
98.2,0.97417
98.25,0.97583
98.3,0.97042
98.35,0.97083
98.4,0.97167
98.45,0.97
98.5,0.96917
98.55,0.96958
98.6,0.9675
98.65,0.96667
98.7,0.9625
98.75,0.9625
98.8,0.96333
98.85,0.9625
98.9,0.95958
98.95,0.96417
99,0.965
99.05,0.96458
99.1,0.96458
99.15,0.96417
99.2,0.96542
99.25,0.96542
99.3,0.9625
99.35,0.96292
99.4,0.96583
99.45,0.9625
99.5,0.96
99.55,0.95792
99.6,0.9575
99.65,0.9575
99.7,0.95583
99.75,0.95625
99.8,0.9575
99.85,0.95583
99.9,0.95458
99.95,0.95417
100,0.955
100.05,0.96042
100.1,0.95458
100.15,0.95667
100.2,0.9575
100.25,0.95667
100.3,0.95583
100.35,0.95417
100.4,0.95417
100.45,0.95292
100.5,0.95208
100.55,0.95208
100.6,0.94958
100.65,0.95
100.7,0.94833
100.75,0.94583
100.8,0.94625
100.85,0.94458
100.9,0.94417
100.95,0.94708
101,0.9475
101.05,0.94708
101.1,0.95
101.15,0.94542
101.2,0.94708
101.25,0.95042
101.3,0.94958
101.35,0.94708
101.4,0.94792
101.45,0.94583
101.5,0.94458
101.55,0.945
101.6,0.93833
101.65,0.94083
101.7,0.93875
101.75,0.93833
101.8,0.93875
101.85,0.93917
101.9,0.93958
101.95,0.94
102,0.93667
102.05,0.9375
102.1,0.93833
102.15,0.93833
102.2,0.93958
102.25,0.94125
102.3,0.93917
102.35,0.94
102.4,0.93833
102.45,0.935
102.5,0.935
102.55,0.93458
102.6,0.93417
102.65,0.93292
102.7,0.93125
102.75,0.93125
102.8,0.93208
102.85,0.92917
102.9,0.92833
102.95,0.93083
103,0.93042
103.05,0.93167
103.1,0.93125
103.15,0.93208
103.2,0.93292
103.25,0.93167
103.3,0.92875
103.35,0.93
103.4,0.93
103.45,0.92917
103.5,0.92708
103.55,0.92792
103.6,0.92583
103.65,0.92292
103.7,0.92083
103.75,0.92
103.8,0.92375
103.85,0.92208
103.9,0.90417
103.95,0.88458
104,0.925
104.05,0.9225
104.1,0.91875
104.15,0.91375
104.2,0.9225
104.25,0.92667
104.3,0.91708
104.35,0.91375
104.4,0.8975
104.45,0.825
104.5,0.75708
104.55,0.68167
104.6,0.61083
104.65,0.55208
104.7,0.54625
104.75,0.51667
104.8,0.49042
104.85,0.47958
104.9,0.87125
104.95,0.91667
105,0.91167
105.05,0.90125
105.1,1.3325
105.15,1.1071
105.2,0.91708
105.25,0.91208
105.3,0.92083
105.35,0.89958
105.4,0.91125
105.45,0.89667
105.5,0.905
105.55,0.915
105.6,0.90417
105.65,0.88708
105.7,0.88417
105.75,0.905
105.8,0.905
105.85,0.90375
105.9,0.90292
105.95,0.88083
106,0.90833
106.05,0.89833
106.1,0.8475
106.15,0.89542
106.2,0.82958
106.25,0.66375
106.3,0.5425
106.35,0.89875
106.4,0.89792
106.45,0.89125
106.5,0.89708
106.55,0.89583
106.6,0.90125
106.65,0.89875
106.7,0.8925
106.75,0.8975
106.8,0.90333
106.85,0.90208
106.9,0.90083
106.95,0.90792
107,0.92167
107.05,0.90708
107.1,0.89792
107.15,0.89667
107.2,0.8975
107.25,0.89833
107.3,0.85667
107.35,0.71917
107.4,0.61417
107.45,0.51833
107.5,0.44333
107.55,0.39458
107.6,0.32958
107.65,0.28042
107.7,0.21792
107.75,0.15167
107.8,0.090417
107.85,0.03
107.9,4.1667E-4
107.95,0.77833
108,0.755
108.05,0.69625
108.1,0.61208
108.15,0.50708
108.2,0.38917
108.25,0.28625
108.3,0.22
108.35,0.18083
108.4,0.18458
108.45,0.19792
108.5,0.21208
108.55,0.17083
108.6,0.06
108.65,-0.099583
108.7,-0.24583
108.75,-0.37125
108.8,-0.43333
108.85,-0.39625
108.9,0.28708
108.95,0.28292
109,0.2275
109.05,0.099167
109.1,-0.052083
109.15,-0.18667
109.2,-0.28542
109.25,-0.3125
109.3,-0.30167
109.35,-0.31458
109.4,-0.35333
109.45,-0.47667
109.5,-0.64208
109.55,-0.82167
109.6,-0.95667
109.65,-0.97833
109.7,-0.96292
109.75,-0.94875
109.8,-0.95667
109.85,-0.4325
109.9,-0.34958
109.95,-0.43875
110,-0.55083
110.05,-0.65
110.1,-0.725
110.15,-0.78875
110.2,-0.85333
110.25,-0.89167
110.3,-0.915
110.35,-0.93875
110.4,-0.95167
110.45,-0.98042
110.5,-0.98708
110.55,-0.99583
110.6,-1.0079
110.65,-1.0321
110.7,-1.0542
110.75,-1.0771
110.8,-1.1225
110.85,-0.385
110.9,-0.43458
110.95,-0.49
111,-0.53292
111.05,-0.57125
111.1,-0.46333
111.15,-0.385
111.2,-0.46417
111.25,-0.42292
111.3,-0.44625
111.35,-0.45
111.4,-0.4625
111.45,-0.48125
111.5,-0.49708
111.55,-0.52
111.6,-0.54042
111.65,-0.5525
111.7,-0.56583
111.75,-0.59375
111.8,-0.63375
111.85,0.09875
111.9,0.0275
111.95,-0.037917
112,-0.0975
112.05,-0.15292
112.1,-0.195
112.15,-0.23167
112.2,-0.2775
112.25,-0.4575
112.3,-0.51708
112.35,-0.5275
112.4,-0.58083
112.45,-0.62917
112.5,-0.66125
112.55,-0.68958
112.6,-0.7275
112.65,-0.76167
112.7,-0.77417
112.75,-0.78583
112.8,-0.40833
112.85,-0.095417
112.9,-0.12875
112.95,-0.16333
113,-0.19208
113.05,-0.23167
113.1,-0.26292
113.15,-0.28667
113.2,-0.29208
113.25,-0.22667
113.3,-0.12833
113.35,-0.030417
113.4,0.069583
113.45,0.1675
113.5,0.29583
113.55,0.38208
113.6,0.42292
113.65,0.43208
113.7,0.475
113.75,0.50625
113.8,0.54375
113.85,0.515
113.9,0.50958
113.95,0.51833
114,0.5225
114.05,0.51833
114.1,0.4925
114.15,0.52792
114.2,0.83583
114.25,0.85458
114.3,0.84625
114.35,0.8325
114.4,0.83083
114.45,0.82125
114.5,0.80583
114.55,0.79125
114.6,0.81917
114.65,0.83125
114.7,0.83292
114.75,0.84792
114.8,0.84125
114.85,0.845
114.9,0.87167
114.95,0.90667
115,0.94708
115.05,0.98958
115.1,1.0537
115.15,1.1354
115.2,1.2288
115.25,1.3288
115.3,1.4217
115.35,1.4838
115.4,1.5179
115.45,1.53
115.5,1.5242
115.55,1.5058
115.6,1.4754
115.65,1.4704
115.7,1.4738
115.75,1.4763
115.8,2.2946
115.85,2.2696
115.9,2.2412
115.95,2.2038
116,2.1787
116.05,2.1675
116.1,2.1767
116.15,2.1996
116.2,2.2379
116.25,2.3017
116.3,2.3729
116.35,2.4267
116.4,2.4529
116.45,2.47
116.5,2.4804
116.55,0.76542
116.6,0.83083
116.65,0.82417
116.7,0.82333
116.75,0.82417
116.8,0.82458
116.85,0.82333
116.9,0.81958
116.95,0.8225
117,0.82292
117.05,0.82167
117.1,0.825
117.15,0.82458
117.2,0.82458
117.25,0.82583
117.3,0.82167
117.35,0.82167
117.4,0.82333
117.45,0.82083
117.5,0.82
117.55,0.81833
117.6,0.81792
117.65,0.81875
117.7,0.81458
117.75,0.81292
117.8,0.81542
117.85,0.81458
117.9,0.81417
117.95,0.815
118,0.815
118.05,0.81542
118.1,0.8175
118.15,0.81458
118.2,0.81583
118.25,0.8175
118.3,0.81458
118.35,0.815
118.4,0.81667
118.45,0.81333
118.5,0.81458
118.55,0.81208
118.6,0.81083
118.65,0.81083
118.7,0.80833
118.75,0.80792
118.8,0.80958
118.85,0.80833
118.9,0.80833
118.95,0.8075
119,0.8075
119.05,0.8075
119.1,0.8075
119.15,0.80833
119.2,0.81125
119.25,0.80958
119.3,0.80958
119.35,0.8075
119.4,0.80958
119.45,0.80583
119.5,0.80583
119.55,0.80583
119.6,0.80458
119.65,0.80375
119.7,0.8025
119.75,0.80125
119.8,0.80042
119.85,0.8
119.9,0.79917
119.95,0.80125
120,0.80125
120.05,0.8025
120.1,0.80417
120.15,0.8025
120.2,0.8025
120.25,0.80333
120.3,0.79958
120.35,0.8025
120.4,0.80375
120.45,0.80167
120.5,0.80167
120.55,0.80042
120.6,0.79833
120.65,0.79625
120.7,0.79375
120.75,0.79458
120.8,0.79625
120.85,0.79542
120.9,0.79417
120.95,0.79583
121,0.79458
121.05,0.79292
121.1,0.795
121.15,0.79458
121.2,0.79625
121.25,0.79667
121.3,0.79625
121.35,0.79667
121.4,0.79542
121.45,0.79083
121.5,0.79167
121.55,0.79167
121.6,0.79042
121.65,0.79
121.7,0.78833
121.75,0.78833
121.8,0.79042
121.85,0.78708
121.9,0.78583
121.95,0.78667
122,0.78708
122.05,0.78875
122.1,0.78917
122.15,0.78917
122.2,0.79167
122.25,0.78833
122.3,0.78708
122.35,0.78792
122.4,0.78833
122.45,0.78583
122.5,0.78625
122.55,0.78667
122.6,0.785
122.65,0.78417
122.7,0.77917
122.75,0.78
122.8,0.78125
122.85,0.78042
122.9,0.77958
122.95,0.78125
123,0.78208
123.05,0.78167
123.1,0.77958
123.15,0.78042
123.2,0.78208
123.25,0.7825
123.3,0.78083
123.35,0.78167
123.4,0.78417
123.45,0.78
123.5,0.77792
123.55,0.77833
123.6,0.77667
123.65,0.77542
123.7,0.77542
123.75,0.77542
123.8,0.77625
123.85,0.775
123.9,0.77167
123.95,0.77292
124,0.77333
124.05,0.77208
124.1,0.77458
124.15,0.77458
124.2,0.77625
124.25,0.77792
124.3,0.77458
124.35,0.77417
124.4,0.77458
124.45,0.7725
124.5,0.77208
124.55,0.77292
124.6,0.77125
124.65,0.76917
124.7,0.76708
124.75,0.76625
124.8,0.76792
124.85,0.76667
124.9,0.76625
124.95,0.76792
125,0.76917
125.05,0.76833
125.1,0.77
125.15,0.76625
125.2,0.76875
125.25,0.76917
125.3,0.7675
125.35,0.76875
125.4,0.77
125.45,0.7675
125.5,0.76667
125.55,0.76542
125.6,0.76417
125.65,0.76333
125.7,0.76083
125.75,0.76042
125.8,0.76167
125.85,0.76167
125.9,0.76083
125.95,0.76083
126,0.76042
126.05,0.75958
126.1,0.76208
126.15,0.76167
126.2,0.76542
126.25,0.76375
126.3,0.7625
126.35,0.76417
126.4,0.76292
126.45,0.75958
126.5,0.75917
126.55,0.75875
126.6,0.75792
126.65,0.75708
126.7,0.75583
126.75,0.75458
126.8,0.755
126.85,0.75542
126.9,0.75167
126.95,0.755
127,0.75583
127.05,0.755
127.1,0.75625
127.15,0.75667
127.2,0.75542
127.25,0.75667
127.3,0.755
127.35,0.75417
127.4,0.7575
127.45,0.75417
127.5,0.75333
127.55,0.75417
127.6,0.75375
127.65,0.74792
127.7,0.74792
127.75,0.74542
127.8,0.74875
127.85,0.74792
127.9,0.74583
127.95,0.74875
128,0.74958
128.05,0.74792
128.1,0.74792
128.15,0.74917
128.2,0.75125
128.25,0.75
128.3,0.74917
128.35,0.75042
128.4,0.75125
128.45,0.74667
128.5,0.74667
128.55,0.74542
128.6,0.74583
128.65,0.74417
128.7,0.74167
128.75,0.74292
128.8,0.74375
128.85,0.74708
128.9,0.73958
128.95,0.74292
129,0.74042
129.05,0.74208
129.1,0.74208
129.15,0.74375
129.2,0.74458
129.25,0.74208
129.3,0.74125
129.35,0.74333
129.4,0.74417
129.45,0.74083
129.5,0.74
129.55,0.74
129.6,0.74042
129.65,0.73833
129.7,0.73417
129.75,0.73458
129.8,0.73583
129.85,0.735
129.9,0.7325
129.95,0.73583
130,0.73583
130.05,0.73625
130.1,0.73458
130.15,0.73583
130.2,0.7375
130.25,0.73792
130.3,0.73583
130.35,0.73708
130.4,0.73917
130.45,0.73625
130.5,0.73417
130.55,0.73292
130.6,0.73125
130.65,0.73125
130.7,0.72917
130.75,0.72833
130.8,0.73042
130.85,0.72917
130.9,0.72833
130.95,0.72792
131,0.72792
131.05,0.72875
131.1,0.72958
131.15,0.73083
131.2,0.7325
131.25,0.73583
131.3,0.73042
131.35,0.73
131.4,0.73042
131.45,0.72833
131.5,0.72792
131.55,0.72833
131.6,0.72667
131.65,0.72583
131.7,0.72458
131.75,0.72208
131.8,0.72375
131.85,0.7225
131.9,0.72083
131.95,0.72375
132,0.72417
132.05,0.72375
132.1,0.72417
132.15,0.72667
132.2,0.72667
132.25,0.72583
132.3,0.72375
132.35,0.72458
132.4,0.72625
132.45,0.72375
132.5,0.72333
132.55,0.72375
132.6,0.71833
132.65,0.71875
132.7,0.7175
132.75,0.71667
132.8,0.71875
132.85,0.71625
132.9,0.71542
132.95,0.71792
133,0.71667
133.05,0.71583
133.1,0.7175
133.15,0.71875
133.2,0.71875
133.25,0.72042
133.3,0.71792
133.35,0.71958
133.4,0.71958
133.45,0.71583
133.5,0.71542
133.55,0.71583
133.6,0.715
133.65,0.715
133.7,0.71167
133.75,0.71
133.8,0.71458
133.85,0.70917
133.9,0.70875
133.95,0.71083
134,0.74083
134.05,0.81417
134.1,0.90125
134.15,0.845
134.2,0.72792
134.25,0.73292
134.3,0.73
134.35,0.71583
134.4,0.71833
134.45,0.72583
134.5,0.74792
134.55,0.75708
134.6,0.71292
134.65,0.70542
134.7,0.71125
134.75,0.71125
134.8,0.71667
134.85,0.72958
134.9,0.87333
134.95,0.79042
135,0.72708
135.05,0.70125
135.1,0.69708
135.15,0.70375
135.2,0.71
135.25,0.70875
135.3,0.70958
135.35,0.71125
135.4,0.71083
135.45,0.70375
135.5,0.70208
135.55,0.70333
135.6,0.70125
135.65,0.70125
135.7,0.70042
135.75,0.70083
135.8,0.7025
135.85,0.70042
135.9,0.69792
135.95,0.69917
136,0.7
136.05,0.6975
136.1,0.70125
136.15,0.7
136.2,0.70208
136.25,0.70292
136.3,0.6975
136.35,0.7
136.4,0.70083
136.45,0.69833
136.5,0.69833
136.55,0.69917
136.6,0.69667
136.65,0.69708
136.7,0.6925
136.75,0.69167
136.8,0.69375
136.85,0.69083
136.9,0.69125
136.95,0.69375
137,0.69333
137.05,0.69375
137.1,0.69458
137.15,0.69375
137.2,0.695
137.25,0.69375
137.3,0.69375
137.35,0.695
137.4,0.69542
137.45,0.69333
137.5,0.69375
137.55,0.69125
137.6,0.69
137.65,0.68875
137.7,0.68708
137.75,0.68667
137.8,0.68833
137.85,0.6875
137.9,0.68625
137.95,0.68708
138,0.68708
138.05,0.68667
138.1,0.68917
138.15,0.68917
138.2,0.69083
138.25,0.69042
138.3,0.68875
138.35,0.69042
138.4,0.68792
138.45,0.68667
138.5,0.68583
138.55,0.6875
138.6,0.685
138.65,0.68417
138.7,0.68375
138.75,0.68333
138.8,0.68167
138.85,0.68
138.9,0.67958
138.95,0.68208
139,0.68167
139.05,0.68042
139.1,0.68292
139.15,0.68292
139.2,0.68333
139.25,0.68333
139.3,0.68208
139.35,0.68292
139.4,0.68458
139.45,0.68167
139.5,0.68
139.55,0.68167
139.6,0.67917
139.65,0.67667
139.7,0.67625
139.75,0.67583
139.8,0.68
139.85,0.67375
139.9,0.67583
139.95,0.67583
140,0.67542
140.05,0.67417
140.1,0.67583
140.15,0.67667
140.2,0.67708
140.25,0.67875
140.3,0.67625
140.35,0.6775
140.4,0.67875
140.45,0.67583
140.5,0.67333
140.55,0.67542
140.6,0.67292
140.65,0.6725
140.7,0.66958
140.75,0.66875
140.8,0.6725
140.85,0.66875
140.9,0.66708
140.95,0.66958
141,0.67083
141.05,0.67125
141.1,0.67167
141.15,0.67208
141.2,0.67292
141.25,0.66958
141.3,0.67
141.35,0.6725
141.4,0.67083
141.45,0.66917
141.5,0.66958
141.55,0.67
141.6,0.66875
141.65,0.66625
141.7,0.66375
141.75,0.66375
141.8,0.66458
141.85,0.66333
141.9,0.66292
141.95,0.66542
142,0.66667
142.05,0.66583
142.1,0.66208
142.15,0.66583
142.2,0.66625
142.25,0.6675
142.3,0.66542
142.35,0.66625
142.4,0.66667
142.45,0.66458
142.5,0.66042
142.55,0.66083
142.6,0.66167
142.65,0.66042
142.7,0.66
142.75,0.65833
142.8,0.65917
142.85,0.65875
142.9,0.65833
142.95,0.65833
143,0.65833
143.05,0.65833
143.1,0.66
143.15,0.66167
143.2,0.66292
143.25,0.66292
143.3,0.66208
143.35,0.66042
143.4,0.66167
143.45,0.65917
143.5,0.65833
143.55,0.65875
143.6,0.6575
143.65,0.6575
143.7,0.65583
143.75,0.65167
143.8,0.65458
143.85,0.65292
143.9,0.6525
143.95,0.65375
144,0.65542
144.05,0.65583
144.1,0.65417
144.15,0.655
144.2,0.655
144.25,0.65583
144.3,0.65458
144.35,0.655
144.4,0.65708
144.45,0.65375
144.5,0.65458
144.55,0.6525
144.6,0.64958
144.65,0.65
144.7,0.64917
144.75,0.64833
144.8,0.64833
144.85,0.64833
144.9,0.64708
144.95,0.64958
145,0.6475
145.05,0.64708
145.1,0.64917
145.15,0.64917
145.2,0.65125
145.25,0.65208
145.3,0.64958
145.35,0.65083
145.4,0.65
145.45,0.64625
145.5,0.64625
145.55,0.64833
145.6,0.64583
145.65,0.64583
145.7,0.64375
145.75,0.64292
145.8,0.63958
145.85,0.64167
145.9,0.64083
145.95,0.64208
146,0.64292
146.05,0.64167
146.1,0.64458
146.15,0.64417
146.2,0.64458
146.25,0.64417
146.3,0.6425
146.35,0.645
146.4,0.64542
146.45,0.6425
146.5,0.64167
146.55,0.6425
146.6,0.64208
146.65,0.63875
146.7,0.63708
146.75,0.63625
146.8,0.63917
146.85,0.63542
146.9,0.63583
146.95,0.63792
147,0.63917
147.05,0.63583
147.1,0.63833
147.15,0.63792
147.2,0.63958
147.25,0.64042
147.3,0.63958
147.35,0.64
147.4,0.64083
147.45,0.63875
147.5,0.63625
147.55,0.63583
147.6,0.63542
147.65,0.63417
147.7,0.6325
147.75,0.63208
147.8,0.63333
147.85,0.63333
147.9,0.62875
147.95,0.63208
148,0.63
148.05,0.63083
148.1,0.63667
148.15,0.63583
148.2,0.63458
148.25,0.63625
148.3,0.63125
148.35,0.63375
148.4,0.63375
148.45,0.63208
148.5,0.63125
148.55,0.63167
148.6,0.63042
148.65,0.62917
148.7,0.6275
148.75,0.625
148.8,0.62625
148.85,0.62583
148.9,0.62458
148.95,0.62625
149,0.6275
149.05,0.62583
149.1,0.6275
149.15,0.6275
149.2,0.62917
149.25,0.63042
149.3,0.62792
149.35,0.62917
149.4,0.63042
149.45,0.62792
149.5,0.6275
149.55,0.62708
149.6,0.62417
149.65,0.62375
149.7,0.62125
149.75,0.62125
149.8,0.62333
149.85,0.62167
149.9,0.62125
149.95,0.6225
150,0.6225
150.05,0.62125
150.1,0.62208
150.15,0.6225
150.2,0.62375
150.25,0.625
150.3,0.625
150.35,0.62167
150.4,0.625
150.45,0.62
150.5,0.62125
150.55,0.62208
150.6,0.62083
150.65,0.61958
150.7,0.61875
150.75,0.61542
150.8,0.61542
150.85,0.61458
150.9,0.61333
150.95,0.61667
151,0.61708
151.05,0.61583
151.1,0.61792
151.15,0.61833
151.2,0.61833
151.25,0.61667
151.3,0.6175
151.35,0.61792
151.4,0.62
151.45,0.61667
151.5,0.61583
151.55,0.61667
151.6,0.61333
151.65,0.61333
151.7,0.61208
151.75,0.61042
151.8,0.61167
151.85,0.61208
151.9,0.60917
151.95,0.61333
152,0.61
152.05,0.61167
152.1,0.61208
152.15,0.6125
152.2,0.61375
152.25,0.61333
152.3,0.61375
152.35,0.61333
152.4,0.61542
152.45,0.61
152.5,0.60917
152.55,0.60958
152.6,0.60917
152.65,0.60875
152.7,0.60792
152.75,0.60333
152.8,0.60625
152.85,0.60625
152.9,0.60292
152.95,0.60583
153,0.60625
153.05,0.60625
153.1,0.60667
153.15,0.60792
153.2,0.6075
153.25,0.60917
153.3,0.60792
153.35,0.60792
153.4,0.60958
153.45,0.60667
153.5,0.60583
153.55,0.60625
153.6,0.6075
153.65,0.60417
153.7,0.60167
153.75,0.59958
153.8,0.60167
153.85,0.6
153.9,0.59917
153.95,0.60125
154,0.60333
154.05,0.59875
154.1,0.6
154.15,0.6025
154.2,0.60333
154.25,0.605
154.3,0.6025
154.35,0.60375
154.4,0.60458
154.45,0.6025
154.5,0.60042
154.55,0.59917
154.6,0.6
154.65,0.59833
154.7,0.59708
154.75,0.595
154.8,0.59708
154.85,0.59625
154.9,0.59375
154.95,0.59542
155,0.59583
155.05,0.595
155.1,0.59667
155.15,0.59667
155.2,0.59958
155.25,0.59958
155.3,0.59708
155.35,0.59708
155.4,0.59958
155.45,0.59667
155.5,0.59625
155.55,0.59708
155.6,0.59625
155.65,0.59417
155.7,0.59417
155.75,0.59083
155.8,0.59208
155.85,0.59125
155.9,0.58958
155.95,0.59125
156,0.59292
156.05,0.59208
156.1,0.59292
156.15,0.59167
156.2,0.59333
156.25,0.59292
156.3,0.59292
156.35,0.59208
156.4,0.59542
156.45,0.59167
156.5,0.59125
156.55,0.59
156.6,0.58875
156.65,0.58792
156.7,0.58833
156.75,0.58542
156.8,0.58708
156.85,0.585
156.9,0.58667
156.95,0.58958
157,0.585
157.05,0.58375
157.1,0.58667
157.15,0.58875
157.2,0.58917
157.25,0.58917
157.3,0.58833
157.35,0.58917
157.4,0.58917
157.45,0.58667
157.5,0.58583
157.55,0.58625
157.6,0.585
157.65,0.58458
157.7,0.58333
157.75,0.58208
157.8,0.58167
157.85,0.58042
157.9,0.57875
157.95,0.58208
158,0.58083
158.05,0.58208
158.1,0.58333
158.15,0.58333
158.2,0.585
158.25,0.585
158.3,0.58333
158.35,0.58292
158.4,0.585
158.45,0.5825
158.5,0.5825
158.55,0.5825
158.6,0.58042
158.65,0.58
158.7,0.57625
158.75,0.57708
158.8,0.57792
158.85,0.5775
158.9,0.57375
158.95,0.5775
159,0.5775
159.05,0.57458
159.1,0.57583
159.15,0.5775
159.2,0.57792
159.25,0.57958
159.3,0.57917
159.35,0.57917
159.4,0.58125
159.45,0.57708
159.5,0.57625
159.55,0.57667
159.6,0.575
159.65,0.57458
159.7,0.57292
159.75,0.5725
159.8,0.57417
159.85,0.57042
159.9,0.56917
159.95,0.57375
160,0.57333
160.05,0.57125
160.1,0.57458
160.15,0.57333
160.2,0.57542
160.25,0.57583
160.3,0.57292
160.35,0.57417
160.4,0.57542
160.45,0.57333
160.5,0.57208
160.55,0.57458
160.6,0.57083
160.65,0.57083
160.7,0.56708
160.75,0.56667
160.8,0.56708
160.85,0.56667
160.9,0.56583
160.95,0.56833
161,0.5675
161.05,0.5675
161.1,0.56708
161.15,0.56792
161.2,0.56583
161.25,0.56833
161.3,0.56875
161.35,0.57
161.4,0.57
161.45,0.56833
161.5,0.56583
161.55,0.56667
161.6,0.56625
161.65,0.56417
161.7,0.56375
161.75,0.56208
161.8,0.56375
161.85,0.56208
161.9,0.55958
161.95,0.56292
162,0.5625
162.05,0.56167
162.1,0.56292
162.15,0.56417
162.2,0.56583
162.25,0.56708
162.3,0.565
162.35,0.56417
162.4,0.56667
162.45,0.56417
162.5,0.56292
162.55,0.56333
162.6,0.56167
162.65,0.5625
162.7,0.56042
162.75,0.55792
162.8,0.55875
162.85,0.55708
162.9,0.55625
162.95,0.55875
163,0.55958
163.05,0.55833
163.1,0.55958
163.15,0.56
163.2,0.55917
163.25,0.56083
163.3,0.55917
163.35,0.56125
163.4,0.56167
163.45,0.55833
163.5,0.55875
163.55,0.56
163.6,0.55625
163.65,0.55542
163.7,0.55333
163.75,0.55375
163.8,0.55375
163.85,0.55292
163.9,0.55208
163.95,0.55458
164,0.55375
164.05,0.55208
164.1,0.555
164.15,0.55458
164.2,0.55625
164.25,0.55583
164.3,0.555
164.35,0.5575
164.4,0.55667
164.45,0.55375
164.5,0.55333
164.55,0.555
164.6,0.5525
164.65,0.55292
164.7,0.55
164.75,0.55042
164.8,0.54875
164.85,0.54667
164.9,0.54667
164.95,0.54875
165,0.54917
165.05,0.54833
165.1,0.55042
165.15,0.55042
165.2,0.55292
165.25,0.55042
165.3,0.54875
165.35,0.55167
165.4,0.55292
165.45,0.54875
165.5,0.54333
165.55,0.55125
165.6,0.54875
165.65,0.5475
165.7,0.54542
165.75,0.54542
165.8,0.54542
165.85,0.54458
165.9,0.54458
165.95,0.54583
166,0.54667
166.05,0.54292
166.1,0.54542
166.15,0.54625
166.2,0.54542
166.25,0.54708
166.3,0.54542
166.35,0.54625
166.4,0.54833
166.45,0.54583
166.5,0.54583
166.55,0.54292
166.6,0.54458
166.65,0.54208
166.7,0.54083
166.75,0.54125
166.8,0.54167
166.85,0.54042
166.9,0.53667
166.95,0.54
167,0.54
167.05,0.53875
167.1,0.54042
167.15,0.54125
167.2,0.54333
167.25,0.54458
167.3,0.54167
167.35,0.54292
167.4,0.54292
167.45,0.54125
167.5,0.54
167.55,0.54167
167.6,0.54
167.65,0.53958
167.7,0.5375
167.75,0.53417
167.8,0.535
167.85,0.53458
167.9,0.53417
167.95,0.53542
168,0.53708
168.05,0.53667
168.1,0.53917
168.15,0.53625
168.2,0.53708
168.25,0.53792
168.3,0.53667
168.35,0.53708
168.4,0.53917
168.45,0.53625
168.5,0.53625
168.55,0.53542
168.6,0.53292
168.65,0.53333
168.7,0.53167
168.75,0.53083
168.8,0.53208
168.85,0.53125
168.9,0.53083
168.95,0.53125
169,0.53083
169.05,0.53083
169.1,0.5325
169.15,0.53333
169.2,0.53375
169.25,0.53375
169.3,0.535
169.35,0.5325
169.4,0.535
169.45,0.53167
169.5,0.5325
169.55,0.5325
169.6,0.53083
169.65,0.53125
169.7,0.52958
169.75,0.525
169.8,0.52625
169.85,0.52625
169.9,0.52458
169.95,0.52667
170,0.52583
170.05,0.52625
170.1,0.52833
170.15,0.52833
170.2,0.52875
170.25,0.53
170.3,0.52833
170.35,0.52958
170.4,0.53042
170.45,0.52792
170.5,0.52792
170.55,0.52833
170.6,0.525
170.65,0.525
170.7,0.525
170.75,0.52292
170.8,0.52417
170.85,0.5225
170.9,0.52125
170.95,0.52417
171,0.52375
171.05,0.52292
171.1,0.52417
171.15,0.52375
171.2,0.52458
171.25,0.52625
171.3,0.52583
171.35,0.52583
171.4,0.52083
171.45,0.5225
171.5,0.52167
171.55,0.52292
171.6,0.52167
171.65,0.52125
171.7,0.52042
171.75,0.51833
171.8,0.52042
171.85,0.5175
171.9,0.51542
171.95,0.51917
172,0.51917
172.05,0.51667
172.1,0.51917
172.15,0.52083
172.2,0.52167
172.25,0.52125
172.3,0.52
172.35,0.52
172.4,0.52292
172.45,0.51833
172.5,0.51833
172.55,0.52042
172.6,0.51833
172.65,0.5175
172.7,0.51542
172.75,0.51458
172.8,0.51542
172.85,0.51417
172.9,0.51208
172.95,0.51583
173,0.515
173.05,0.51542
173.1,0.51458
173.15,0.51625
173.2,0.51625
173.25,0.51875
173.3,0.51625
173.35,0.51875
173.4,0.51875
173.45,0.51542
173.5,0.51708
173.55,0.51625
173.6,0.51417
173.65,0.51333
173.7,0.51292
173.75,0.51125
173.8,0.51208
173.85,0.51125
173.9,0.5075
173.95,0.50417
174,0.50958
174.05,0.51208
174.1,0.50958
174.15,0.51125
174.2,0.51417
174.25,0.51292
174.3,0.5125
174.35,0.51333
174.4,0.51417
174.45,0.51125
174.5,0.51042
174.55,0.51125
174.6,0.50958
174.65,0.50875
174.7,0.5075
174.75,0.50542
174.8,0.50667
174.85,0.50583
174.9,0.50417
174.95,0.50708
175,0.50667
175.05,0.50542
175.1,0.50833
175.15,0.50667
175.2,0.50792
175.25,0.50875
175.3,0.50792
175.35,0.50833
175.4,0.51
175.45,0.50667
175.5,0.50667
175.55,0.50667
175.6,0.50417
175.65,0.5025
175.7,0.50167
175.75,0.50167
175.8,0.50333
175.85,0.50167
175.9,0.50042
175.95,0.50333
176,0.50208
176.05,0.50083
176.1,0.50292
176.15,0.50292
176.2,0.50375
176.25,0.50542
176.3,0.505
176.35,0.505
176.4,0.50625
176.45,0.50333
176.5,0.50083
176.55,0.50292
176.6,0.50208
176.65,0.50083
176.7,0.50042
176.75,0.49792
176.8,0.4975
176.85,0.49542
176.9,0.49708
176.95,0.49708
177,0.49875
177.05,0.4975
177.1,0.49917
177.15,0.5
177.2,0.50083
177.25,0.50083
177.3,0.49875
177.35,0.5
177.4,0.50208
177.45,0.49792
177.5,0.4975
177.55,0.49833
177.6,0.49792
177.65,0.49542
177.7,0.49417
177.75,0.49375
177.8,0.49458
177.85,0.49333
177.9,0.49167
177.95,0.49375
178,0.49458
178.05,0.49208
178.1,0.49417
178.15,0.49542
178.2,0.49167
178.25,0.49458
178.3,0.49708
178.35,0.49667
178.4,0.4975
178.45,0.49417
178.5,0.49458
178.55,0.49458
178.6,0.49292
178.65,0.49125
178.7,0.49125
178.75,0.49
178.8,0.49083
178.85,0.48917
178.9,0.48708
178.95,0.48958
179,0.48958
179.05,0.48875
179.1,0.49125
179.15,0.49208
179.2,0.49208
179.25,0.49208
179.3,0.49208
179.35,0.49208
179.4,0.49208
179.45,0.49042
179.5,0.49083
179.55,0.49
179.6,0.48958
179.65,0.48875
179.7,0.48583
179.75,0.48667
179.8,0.48583
179.85,0.48417
179.9,0.48375
179.95,0.48708
180,0.48708
180.05,0.48667
180.1,0.48625
180.15,0.48667
180.2,0.48708
180.25,0.48875
180.3,0.48875
180.35,0.48958
180.4,0.49042
180.45,0.48708
180.5,0.48667
180.55,0.4875
180.6,0.48458
180.65,0.48417
180.7,0.48333
180.75,0.48167
180.8,0.48292
180.85,0.4825
180.9,0.48208
180.95,0.48167
181,0.4825
181.05,0.48042
181.1,0.48208
181.15,0.48375
181.2,0.485
181.25,0.48542
181.3,0.48458
181.35,0.48375
181.4,0.48542
181.45,0.48333
181.5,0.48167
181.55,0.48292
181.6,0.48125
181.65,0.48083
181.7,0.48
181.75,0.47958
181.8,0.47875
181.85,0.4775
181.9,0.47625
181.95,0.47792
182,0.47917
182.05,0.47958
182.1,0.48
182.15,0.48083
182.2,0.48042
182.25,0.48042
182.3,0.48083
182.35,0.48167
182.4,0.48292
182.45,0.47958
182.5,0.47917
182.55,0.4825
182.6,0.47833
182.65,0.47667
182.7,0.47625
182.75,0.47417
182.8,0.47458
182.85,0.47333
182.9,0.47333
182.95,0.47542
183,0.475
183.05,0.47417
183.1,0.47667
183.15,0.47625
183.2,0.47667
183.25,0.47875
183.3,0.47708
183.35,0.47833
183.4,0.47917
183.45,0.47458
183.5,0.47458
183.55,0.47625
183.6,0.47958
183.65,0.47333
183.7,0.47167
183.75,0.47208
183.8,0.47125
183.85,0.47042
183.9,0.46875
183.95,0.47042
184,0.47042
184.05,0.47042
184.1,0.47167
184.15,0.47333
184.2,0.47333
184.25,0.47375
184.3,0.47208
184.35,0.47375
184.4,0.47417
184.45,0.47208
184.5,0.47167
184.55,0.47333
184.6,0.47167
184.65,0.47042
184.7,0.4675
184.75,0.46667
184.8,0.46792
184.85,0.465
184.9,0.465
184.95,0.4675
185,0.4675
185.05,0.46583
185.1,0.46667
185.15,0.46792
185.2,0.46917
185.25,0.47
185.3,0.46917
185.35,0.47083
185.4,0.47042
185.45,0.46958
185.5,0.46708
185.55,0.46792
185.6,0.4675
185.65,0.46625
185.7,0.46375
185.75,0.46458
185.8,0.465
185.85,0.46375
185.9,0.46125
185.95,0.46208
186,0.46375
186.05,0.46208
186.1,0.46292
186.15,0.465
186.2,0.46542
186.25,0.46708
186.3,0.46458
186.35,0.46542
186.4,0.46625
186.45,0.46333
186.5,0.46333
186.55,0.46542
186.6,0.46458
186.65,0.46208
186.7,0.46125
186.75,0.45875
186.8,0.46
186.85,0.45833
186.9,0.45875
186.95,0.46083
187,0.45708
187.05,0.45917
187.1,0.46
187.15,0.46042
187.2,0.46125
187.25,0.46125
187.3,0.46125
187.35,0.4625
187.4,0.46417
187.45,0.46125
187.5,0.46083
187.55,0.46042
187.6,0.45875
187.65,0.4575
187.7,0.45667
187.75,0.45542
187.8,0.45667
187.85,0.45583
187.9,0.45375
187.95,0.45792
188,0.45583
188.05,0.45375
188.1,0.45542
188.15,0.45708
188.2,0.45792
188.25,0.45875
188.3,0.45875
188.35,0.46
188.4,0.45917
188.45,0.45708
188.5,0.45708
188.55,0.45625
188.6,0.45667
188.65,0.455
188.7,0.45583
188.75,0.45333
188.8,0.45417
188.85,0.45083
188.9,0.45042
188.95,0.45417
189,0.45333
189.05,0.45125
189.1,0.45333
189.15,0.45458
189.2,0.45375
189.25,0.45583
189.3,0.455
189.35,0.45542
189.4,0.4575
189.45,0.45375
189.5,0.4525
189.55,0.45542
189.6,0.45167
189.65,0.45042
189.7,0.45042
189.75,0.4475
189.8,0.45
189.85,0.44833
189.9,0.4475
189.95,0.44917
190,0.45
190.05,0.44833
190.1,0.44875
190.15,0.44958
190.2,0.45125
190.25,0.4525
190.3,0.45208
190.35,0.45125
190.4,0.45417
190.45,0.45042
190.5,0.44875
190.55,0.44958
190.6,0.4475
190.65,0.44708
190.7,0.44625
190.75,0.44667
190.8,0.44625
190.85,0.44375
190.9,0.44167
190.95,0.445
191,0.44542
191.05,0.445
191.1,0.44625
191.15,0.44625
191.2,0.45083
191.25,0.45292
191.3,0.44625
191.35,0.4475
191.4,0.44792
191.45,0.44667
191.5,0.44542
191.55,0.4475
191.6,0.44542
191.65,0.44458
191.7,0.44333
191.75,0.44042
191.8,0.44167
191.85,0.44125
191.9,0.44042
191.95,0.44125
192,0.44292
192.05,0.44083
192.1,0.44125
192.15,0.44125
192.2,0.44333
192.25,0.44375
192.3,0.44375
192.35,0.445
192.4,0.445
192.45,0.44208
192.5,0.44333
192.55,0.44333
192.6,0.44042
192.65,0.44083
192.7,0.43917
192.75,0.43792
192.8,0.43833
192.85,0.43792
192.9,0.43792
192.95,0.4375
193,0.43917
193.05,0.4375
193.1,0.43875
193.15,0.43917
193.2,0.44167
193.25,0.44083
193.3,0.44167
193.35,0.44083
193.4,0.44208
193.45,0.44042
193.5,0.43917
193.55,0.44042
193.6,0.43833
193.65,0.43667
193.7,0.43583
193.75,0.43417
193.8,0.43417
193.85,0.43375
193.9,0.43208
193.95,0.43458
194,0.43542
194.05,0.435
194.1,0.43625
194.15,0.43625
194.2,0.43542
194.25,0.43583
194.3,0.43583
194.35,0.43792
194.4,0.44
194.45,0.43542
194.5,0.43583
194.55,0.4375
194.6,0.43375
194.65,0.43292
194.7,0.43125
194.75,0.43042
194.8,0.43125
194.85,0.42958
194.9,0.42958
194.95,0.43167
195,0.43042
195.05,0.42917
195.1,0.43125
195.15,0.43208
195.2,0.4325
195.25,0.43417
195.3,0.43333
195.35,0.435
195.4,0.4375
195.45,0.43667
195.5,0.43167
195.55,0.43292
195.6,0.43125
195.65,0.43
195.7,0.42958
195.75,0.42875
195.8,0.42708
195.85,0.42667
195.9,0.42625
195.95,0.42667
196,0.42792
196.05,0.42708
196.1,0.42917
196.15,0.43042
196.2,0.43125
196.25,0.42958
196.3,0.42875
196.35,0.43083
196.4,0.4325
196.45,0.42917
196.5,0.42833
196.55,0.42958
196.6,0.42917
196.65,0.42542
196.7,0.42417
196.75,0.42375
196.8,0.42458
196.85,0.42333
196.9,0.42208
196.95,0.42417
197,0.42458
197.05,0.42292
197.1,0.42375
197.15,0.425
197.2,0.42542
197.25,0.42667
197.3,0.42708
197.35,0.4275
197.4,0.42875
197.45,0.42708
197.5,0.42583
197.55,0.42708
197.6,0.42458
197.65,0.4225
197.7,0.42208
197.75,0.4225
197.8,0.42208
197.85,0.42042
197.9,0.41875
197.95,0.42125
198,0.41958
198.05,0.42042
198.1,0.42208
198.15,0.42292
198.2,0.4225
198.25,0.42542
198.3,0.42458
198.35,0.425
198.4,0.42667
198.45,0.42292
198.5,0.42333
198.55,0.42458
198.6,0.42208
198.65,0.42167
198.7,0.41958
198.75,0.41792
198.8,0.41917
198.85,0.41625
198.9,0.41625
198.95,0.41792
199,0.41875
199.05,0.41708
199.1,0.41875
199.15,0.41958
199.2,0.41875
199.25,0.41958
199.3,0.41958
199.35,0.42083
199.4,0.4225
199.45,0.41917
199.5,0.42083
199.55,0.41958
199.6,0.41833
199.65,0.42208
199.7,0.41875
199.75,0.41542
199.8,0.41667
199.85,0.41542
199.9,0.4125
199.95,0.41417
200,0.41542
200.05,0.41375
200.1,0.415
200.15,0.41583
200.2,0.41875
200.25,0.41708
200.3,0.4175
200.35,0.41833
200.4,0.41917
200.45,0.41583
200.5,0.41625
200.55,0.41667
200.6,0.41625
200.65,0.41417
200.7,0.41375
200.75,0.4125
200.8,0.41208
200.85,0.41
200.9,0.40917
200.95,0.41083
201,0.41292
201.05,0.41
201.1,0.4125
201.15,0.41333
201.2,0.41375
201.25,0.41417
201.3,0.41375
201.35,0.41625
201.4,0.41625
201.45,0.41375
201.5,0.415
201.55,0.41583
201.6,0.41292
201.65,0.41
201.7,0.41042
201.75,0.40958
201.8,0.40958
201.85,0.4075
201.9,0.40583
201.95,0.40833
202,0.41
202.05,0.40667
202.1,0.40958
202.15,0.41
202.2,0.41083
202.25,0.41125
202.3,0.41083
202.35,0.4125
202.4,0.41208
202.45,0.40958
202.5,0.40917
202.55,0.41
202.6,0.40833
202.65,0.4075
202.7,0.40625
202.75,0.40542
202.8,0.40667
202.85,0.405
202.9,0.40417
202.95,0.40542
203,0.40583
203.05,0.40458
203.1,0.40708
203.15,0.4075
203.2,0.40792
203.25,0.40875
203.3,0.40667
203.35,0.40875
203.4,0.40875
203.45,0.4075
203.5,0.40708
203.55,0.40792
203.6,0.40667
203.65,0.40417
203.7,0.40292
203.75,0.40208
203.8,0.40208
203.85,0.40083
203.9,0.40125
203.95,0.4025
204,0.40417
204.05,0.4
204.1,0.40208
204.15,0.405
204.2,0.4075
204.25,0.40417
204.3,0.40417
204.35,0.40625
204.4,0.40708
204.45,0.40458
204.5,0.40292
204.55,0.40417
204.6,0.40333
204.65,0.40042
204.7,0.40125
204.75,0.4
204.8,0.40125
204.85,0.39833
204.9,0.39625
204.95,0.39792
205,0.39833
205.05,0.3975
205.1,0.39875
205.15,0.40042
205.2,0.40083
205.25,0.40083
205.3,0.40125
205.35,0.4025
205.4,0.4025
205.45,0.40167
205.5,0.40042
205.55,0.4025
205.6,0.40042
205.65,0.39833
205.7,0.39792
205.75,0.39542
205.8,0.39625
205.85,0.395
205.9,0.39333
205.95,0.39583
206,0.3975
206.05,0.395
206.1,0.39792
206.15,0.39667
206.2,0.39792
206.25,0.39792
206.3,0.3975
206.35,0.4
206.4,0.39958
206.45,0.3975
206.5,0.39792
206.55,0.39792
206.6,0.39625
206.65,0.395
206.7,0.39458
206.75,0.39417
206.8,0.39417
206.85,0.39333
206.9,0.39167
206.95,0.39417
207,0.39208
207.05,0.39208
207.1,0.39333
207.15,0.395
207.2,0.39458
207.25,0.395
207.3,0.39583
207.35,0.39542
207.4,0.39667
207.45,0.395
207.5,0.39417
207.55,0.39458
207.6,0.3925
207.65,0.39292
207.7,0.39208
207.75,0.39
207.8,0.38875
207.85,0.38833
207.9,0.38875
207.95,0.39
208,0.39
208.05,0.38958
208.1,0.39167
208.15,0.39125
208.2,0.39208
208.25,0.39208
208.3,0.39208
208.35,0.39375
208.4,0.39375
208.45,0.38458
208.5,0.39167
208.55,0.39333
208.6,0.38958
208.65,0.38792
208.7,0.38875
208.75,0.38667
208.8,0.38667
208.85,0.38583
208.9,0.38542
208.95,0.38625
209,0.38833
209.05,0.38583
209.1,0.3875
209.15,0.38875
209.2,0.38875
209.25,0.38917
209.3,0.38917
209.35,0.39
209.4,0.39208
209.45,0.38708
209.5,0.38667
209.55,0.38958
209.6,0.38875
209.65,0.38667
209.7,0.38667
209.75,0.38375
209.8,0.38583
209.85,0.38375
209.9,0.38
209.95,0.38417
210,0.38417
210.05,0.38292
210.1,0.38292
210.15,0.38625
210.2,0.38625
210.25,0.38667
210.3,0.38583
210.35,0.38708
210.4,0.38833
210.45,0.38583
210.5,0.38542
210.55,0.38667
210.6,0.385
210.65,0.38292
210.7,0.38208
210.75,0.38167
210.8,0.38083
210.85,0.38083
210.9,0.37917
210.95,0.38083
211,0.38208
211.05,0.38167
211.1,0.38042
211.15,0.38208
211.2,0.38292
211.25,0.38375
211.3,0.38333
211.35,0.385
211.4,0.385
211.45,0.38292
211.5,0.38292
211.55,0.3825
211.6,0.38083
211.65,0.37917
211.7,0.38
211.75,0.37708
211.8,0.3775
211.85,0.37708
211.9,0.37708
211.95,0.37708
212,0.37792
212.05,0.37708
212.1,0.37958
212.15,0.37792
212.2,0.38
212.25,0.38167
212.3,0.38167
212.35,0.38042
212.4,0.38208
212.45,0.38
212.5,0.38042
212.55,0.38
212.6,0.38042
212.65,0.37833
212.7,0.37583
212.75,0.37667
212.8,0.37333
212.85,0.37375
212.9,0.37292
212.95,0.37458
213,0.37625
213.05,0.37417
213.1,0.37583
213.15,0.37583
213.2,0.37708
213.25,0.37625
213.3,0.3775
213.35,0.37708
213.4,0.38
213.45,0.3775
213.5,0.37708
213.55,0.37875
213.6,0.37458
213.65,0.37375
213.7,0.37417
213.75,0.37375
213.8,0.37375
213.85,0.37083
213.9,0.37083
213.95,0.37292
214,0.37333
214.05,0.37
214.1,0.37292
214.15,0.37458
214.2,0.375
214.25,0.37583
214.3,0.375
214.35,0.37667
214.4,0.37708
214.45,0.37333
214.5,0.37292
214.55,0.375
214.6,0.37375
214.65,0.37167
214.7,0.37083
214.75,0.37042
214.8,0.37083
214.85,0.36833
214.9,0.36667
214.95,0.36958
215,0.37125
215.05,0.36792
215.1,0.37042
215.15,0.37083
215.2,0.37083
215.25,0.37333
215.3,0.37083
215.35,0.37292
215.4,0.37333
215.45,0.37167
215.5,0.37125
215.55,0.37292
215.6,0.37167
215.65,0.36792
215.7,0.36833
215.75,0.36625
215.8,0.36708
215.85,0.36542
215.9,0.36375
215.95,0.36667
216,0.36625
216.05,0.36583
216.1,0.36792
216.15,0.36792
216.2,0.36792
216.25,0.36875
216.3,0.36917
216.35,0.36917
216.4,0.3725
216.45,0.36958
216.5,0.36875
216.55,0.36875
216.6,0.36667
216.65,0.365
216.7,0.365
216.75,0.365
216.8,0.36333
216.85,0.36417
216.9,0.36167
216.95,0.36542
217,0.36417
217.05,0.36208
217.1,0.36542
217.15,0.365
217.2,0.365
217.25,0.3675
217.3,0.36625
217.35,0.36542
217.4,0.3675
217.45,0.36542
217.5,0.36542
217.55,0.36583
217.6,0.36458
217.65,0.36375
217.7,0.3625
217.75,0.36083
217.8,0.36125
217.85,0.35958
217.9,0.35792
217.95,0.36083
218,0.36167
218.05,0.35958
218.1,0.36292
218.15,0.36208
218.2,0.36208
218.25,0.36375
218.3,0.36458
218.35,0.365
218.4,0.3675
218.45,0.36375
218.5,0.3625
218.55,0.36458
218.6,0.36167
218.65,0.36083
218.7,0.35833
218.75,0.35958
218.8,0.36
218.85,0.35667
218.9,0.35667
218.95,0.35875
219,0.35833
219.05,0.35708
219.1,0.35875
219.15,0.36042
219.2,0.35917
219.25,0.36042
219.3,0.36125
219.35,0.35958
219.4,0.3625
219.45,0.35917
219.5,0.35917
219.55,0.36042
219.6,0.35875
219.65,0.35708
219.7,0.3575
219.75,0.355
219.8,0.35583
219.85,0.35458
219.9,0.35417
219.95,0.35583
220,0.35583
220.05,0.35458
220.1,0.35583
220.15,0.3575
220.2,0.35625
220.25,0.35792
220.3,0.35708
220.35,0.35917
220.4,0.35958
220.45,0.35792
220.5,0.3575
220.55,0.35792
220.6,0.35667
220.65,0.35417
220.7,0.355
220.75,0.3525
220.8,0.3525
220.85,0.35292
220.9,0.35083
220.95,0.3525
221,0.35417
221.05,0.35125
221.1,0.35333
221.15,0.35375
221.2,0.34833
221.25,0.35583
221.3,0.35625
221.35,0.3575
221.4,0.3575
221.45,0.35333
221.5,0.35375
221.55,0.355
221.6,0.35292
221.65,0.3525
221.7,0.35208
221.75,0.35042
221.8,0.35
221.85,0.35208
221.9,0.3475
221.95,0.34917
222,0.35042
222.05,0.34875
222.1,0.35083
222.15,0.3525
222.2,0.35292
222.25,0.35292
222.3,0.35292
222.35,0.35417
222.4,0.35458
222.45,0.35292
222.5,0.35083
222.55,0.35458
222.6,0.35208
222.65,0.35
222.7,0.34833
222.75,0.34792
222.8,0.34833
222.85,0.34667
222.9,0.345
222.95,0.34917
223,0.3475
223.05,0.34667
223.1,0.34833
223.15,0.34833
223.2,0.35083
223.25,0.35
223.3,0.35042
223.35,0.3525
223.4,0.3525
223.45,0.35
223.5,0.34958
223.55,0.35
223.6,0.34917
223.65,0.34667
223.7,0.34583
223.75,0.34667
223.8,0.34583
223.85,0.34375
223.9,0.34208
223.95,0.345
224,0.34458
224.05,0.34375
224.1,0.34542
224.15,0.34625
224.2,0.34792
224.25,0.34667
224.3,0.3475
224.35,0.34625
224.4,0.35
224.45,0.34667
224.5,0.3475
224.55,0.3475
224.6,0.34667
224.65,0.34417
224.7,0.34542
224.75,0.34417
224.8,0.3425
224.85,0.34083
224.9,0.34
224.95,0.34208
225,0.34333
225.05,0.34125
225.1,0.3425
225.15,0.34333
225.2,0.34375
225.25,0.34458
225.3,0.34458
225.35,0.34583
225.4,0.3475
225.45,0.34708
225.5,0.34667
225.55,0.34583
225.6,0.34208
225.65,0.34083
225.7,0.3425
225.75,0.34083
225.8,0.33958
225.85,0.33917
225.9,0.33708
225.95,0.34083
226,0.34042
226.05,0.33667
226.1,0.34083
226.15,0.34167
226.2,0.34083
226.25,0.34292
226.3,0.34167
226.35,0.34375
226.4,0.34333
226.45,0.34375
226.5,0.34083
226.55,0.34375
226.6,0.34
226.65,0.33958
226.7,0.34083
226.75,0.33917
226.8,0.33792
226.85,0.33583
226.9,0.33333
226.95,0.33792
227,0.33792
227.05,0.33667
227.1,0.3375
227.15,0.33833
227.2,0.34042
227.25,0.33917
227.3,0.34
227.35,0.34
227.4,0.34333
227.45,0.34042
227.5,0.33917
227.55,0.34083
227.6,0.33917
227.65,0.33708
227.7,0.335
227.75,0.33458
227.8,0.33458
227.85,0.33333
227.9,0.33292
227.95,0.335
228,0.33583
228.05,0.33208
228.1,0.33458
228.15,0.33583
228.2,0.335
228.25,0.33667
228.3,0.33625
228.35,0.33917
228.4,0.33917
228.45,0.33667
228.5,0.33625
228.55,0.3375
228.6,0.33542
228.65,0.3325
228.7,0.335
228.75,0.3325
228.8,0.33417
228.85,0.33083
228.9,0.32917
228.95,0.33167
229,0.33292
229.05,0.33
229.1,0.33167
229.15,0.33333
229.2,0.33417
229.25,0.33667
229.3,0.33292
229.35,0.33542
229.4,0.33583
229.45,0.33458
229.5,0.33458
229.55,0.33583
229.6,0.33333
229.65,0.3325
229.7,0.33083
229.75,0.33167
229.8,0.33167
229.85,0.32875
229.9,0.32792
229.95,0.32875
230,0.33042
230.05,0.32833
230.1,0.33
230.15,0.32958
230.2,0.33
230.25,0.33167
230.3,0.33167
230.35,0.33333
230.4,0.33375
230.45,0.33167
230.5,0.33208
230.55,0.33167
230.6,0.32958
230.65,0.33042
230.7,0.33
230.75,0.3275
230.8,0.3275
230.85,0.32667
230.9,0.32542
230.95,0.32625
231,0.3275
231.05,0.32667
231.1,0.32708
231.15,0.32958
231.2,0.32833
231.25,0.33
231.3,0.33042
231.35,0.33208
231.4,0.33042
231.45,0.32917
231.5,0.3275
231.55,0.32875
231.6,0.32667
231.65,0.32833
231.7,0.32708
231.75,0.32542
231.8,0.32333
231.85,0.32417
231.9,0.3225
231.95,0.32417
232,0.32458
232.05,0.32333
232.1,0.32458
232.15,0.32542
232.2,0.32583
232.25,0.32583
232.3,0.32542
232.35,0.3275
232.4,0.32875
232.45,0.32625
232.5,0.32625
232.55,0.3275
232.6,0.32583
232.65,0.32333
232.7,0.32292
232.75,0.3225
232.8,0.32083
232.85,0.32
232.9,0.31958
232.95,0.3225
233,0.32292
233.05,0.32
233.1,0.32125
233.15,0.32417
233.2,0.32417
233.25,0.32542
233.3,0.32375
233.35,0.32625
233.4,0.32667
233.45,0.32333
233.5,0.325
233.55,0.32583
233.6,0.32333
233.65,0.32125
233.7,0.32208
233.75,0.32167
233.8,0.32208
233.85,0.31833
233.9,0.31667
233.95,0.32167
234,0.31917
234.05,0.31667
234.1,0.31958
234.15,0.32167
234.2,0.32083
234.25,0.32417
234.3,0.32167
234.35,0.32292
234.4,0.32375
234.45,0.3225
234.5,0.3225
234.55,0.32167
234.6,0.32042
234.65,0.31875
234.7,0.31917
234.75,0.3175
234.8,0.31833
234.85,0.31667
234.9,0.31417
234.95,0.31792
235,0.31917
235.05,0.31667
235.1,0.31708
235.15,0.31917
235.2,0.3175
235.25,0.32083
235.3,0.32
235.35,0.32125
235.4,0.3225
235.45,0.31958
235.5,0.31958
235.55,0.32
235.6,0.31792
235.65,0.3175
235.7,0.31667
235.75,0.31625
235.8,0.31583
235.85,0.31542
235.9,0.31208
235.95,0.315
236,0.315
236.05,0.31292
236.1,0.31458
236.15,0.31667
236.2,0.31542
236.25,0.31708
236.3,0.3175
236.35,0.3175
236.4,0.31958
236.45,0.3175
236.5,0.31708
236.55,0.31833
236.6,0.315
236.65,0.315
236.7,0.31417
236.75,0.31333
236.8,0.31333
236.85,0.31042
236.9,0.3075
236.95,0.3125
237,0.31333
237.05,0.31083
237.1,0.31208
237.15,0.3125
237.2,0.315
237.25,0.31375
237.3,0.315
237.35,0.315
237.4,0.31708
237.45,0.315
237.5,0.31375
237.55,0.31667
237.6,0.31375
237.65,0.31208
237.7,0.31167
237.75,0.31083
237.8,0.31125
237.85,0.31
237.9,0.30833
237.95,0.31042
238,0.31042
238.05,0.30833
238.1,0.31042
238.15,0.3125
238.2,0.31167
238.25,0.31292
238.3,0.31375
238.35,0.31458
238.4,0.31625
238.45,0.30792
238.5,0.31083
238.55,0.31417
238.6,0.31042
238.65,0.31125
238.7,0.31042
238.75,0.30917
238.8,0.30833
238.85,0.3075
238.9,0.30542
238.95,0.30833
239,0.30792
239.05,0.3075
239.1,0.3075
239.15,0.31083
239.2,0.30875
239.25,0.31
239.3,0.31042
239.35,0.31208
239.4,0.31333
239.45,0.31083
239.5,0.31042
239.55,0.31125
239.6,0.31042
239.65,0.3075
239.7,0.3075
239.75,0.30667
239.8,0.30458
239.85,0.30458
239.9,0.30417
239.95,0.30542
240,0.30583
240.05,0.30333
240.1,0.30458
240.15,0.3075
240.2,0.30708
240.25,0.30875
240.3,0.30792
240.35,0.30833
240.4,0.30917
240.45,0.30792
240.5,0.3075
240.55,0.30833
240.6,0.3075
240.65,0.30583
240.7,0.30583
240.75,0.30375
240.8,0.3025
240.85,0.30458
240.9,0.30083
240.95,0.30375
241,0.30417
241.05,0.30167
241.1,0.30458
241.15,0.30458
241.2,0.30542
241.25,0.30542
241.3,0.30625
241.35,0.30708
241.4,0.30917
241.45,0.305
241.5,0.30542
241.55,0.30667
241.6,0.30583
241.65,0.30458
241.7,0.30292
241.75,0.30208
241.8,0.30167
241.85,0.3
241.9,0.29875
241.95,0.30083
242,0.30167
242.05,0.3
242.1,0.30083
242.15,0.3025
242.2,0.30125
242.25,0.30292
242.3,0.30375
242.35,0.30583
242.4,0.30542
242.45,0.30417
242.5,0.30208
242.55,0.305
242.6,0.2975
242.65,0.29958
242.7,0.30167
242.75,0.3
242.8,0.3
242.85,0.29875
242.9,0.29833
242.95,0.29833
243,0.29833
243.05,0.29833
243.1,0.29833
243.15,0.30167
243.2,0.3
243.25,0.30083
243.3,0.30125
243.35,0.30292
243.4,0.30417
243.45,0.30208
243.5,0.3
243.55,0.3025
243.6,0.30167
243.65,0.29875
243.7,0.30042
243.75,0.29833
243.8,0.29792
243.85,0.29583
243.9,0.295
243.95,0.29708
244,0.29792
244.05,0.29667
244.1,0.29708
244.15,0.3
244.2,0.29958
244.25,0.29875
244.3,0.29917
244.35,0.30125
244.4,0.30167
244.45,0.3
244.5,0.29833
244.55,0.30042
244.6,0.29792
244.65,0.295
244.7,0.29667
244.75,0.29583
244.8,0.29542
244.85,0.29333
244.9,0.29333
244.95,0.29375
245,0.295
245.05,0.29417
245.1,0.29417
245.15,0.29542
245.2,0.29542
245.25,0.29667
245.3,0.29792
245.35,0.29833
245.4,0.2975
245.45,0.29833
245.5,0.29625
245.55,0.29708
245.6,0.29625
245.65,0.29375
245.7,0.29542
245.75,0.29417
245.8,0.29375
245.85,0.29167
245.9,0.28875
245.95,0.2925
246,0.29208
246.05,0.29125
246.1,0.29208
246.15,0.29333
246.2,0.2925
246.25,0.29417
246.3,0.29458
246.35,0.29542
246.4,0.29708
246.45,0.29458
246.5,0.29333
246.55,0.295
246.6,0.295
246.65,0.29208
246.7,0.2925
246.75,0.29083
246.8,0.29042
246.85,0.28917
246.9,0.28458
246.95,0.28917
247,0.29083
247.05,0.28958
247.1,0.29042
247.15,0.29083
247.2,0.29042
247.25,0.2925
247.3,0.29292
247.35,0.29375
247.4,0.29625
247.45,0.2925
247.5,0.29083
247.55,0.29333
247.6,0.29083
247.65,0.28958
247.7,0.28958
247.75,0.28875
247.8,0.28833
247.85,0.28792
247.9,0.28417
247.95,0.28667
248,0.28708
248.05,0.28583
248.1,0.28875
248.15,0.29042
248.2,0.28917
248.25,0.29083
248.3,0.29083
248.35,0.29208
248.4,0.29333
248.45,0.28958
248.5,0.28958
248.55,0.29208
248.6,0.28958
248.65,0.2875
248.7,0.2875
248.75,0.28542
248.8,0.28667
248.85,0.28542
248.9,0.28292
248.95,0.285
249,0.28583
249.05,0.285
249.1,0.28583
249.15,0.28708
249.2,0.28625
249.25,0.28625
249.3,0.2875
249.35,0.28958
249.4,0.29
249.45,0.28792
249.5,0.28875
249.55,0.28917
249.6,0.28792
249.65,0.28458
249.7,0.28458
249.75,0.28625
249.8,0.28417
249.85,0.28333
249.9,0.28125
249.95,0.28333
250,0.2825
250.05,0.28167
250.1,0.28417
250.15,0.28542
250.2,0.28542
250.25,0.28542
250.3,0.28625
250.35,0.28833
250.4,0.28875
250.45,0.28583
250.5,0.28542
250.55,0.28667
250.6,0.28542
250.65,0.28292
250.7,0.28417
250.75,0.28333
250.8,0.28083
250.85,0.28042
250.9,0.28042
250.95,0.28042
251,0.28083
251.05,0.28042
251.1,0.28125
251.15,0.28167
251.2,0.28042
251.25,0.28083
251.3,0.28417
251.35,0.285
251.4,0.28542
251.45,0.285
251.5,0.285
251.55,0.28625
251.6,0.28375
251.65,0.28042
251.7,0.28125
251.75,0.28042
251.8,0.28042
251.85,0.27833
251.9,0.27792
251.95,0.28
252,0.27958
252.05,0.2775
252.1,0.27875
252.15,0.27917
252.2,0.27792
252.25,0.28208
252.3,0.28208
252.35,0.28333
252.4,0.28375
252.45,0.28125
252.5,0.28208
252.55,0.28292
252.6,0.28208
252.65,0.27833
252.7,0.27917
252.75,0.27833
252.8,0.27792
252.85,0.27625
252.9,0.27417
252.95,0.2775
253,0.27833
253.05,0.27458
253.1,0.27667
253.15,0.28
253.2,0.27917
253.25,0.28
253.3,0.28
253.35,0.28042
253.4,0.28167
253.45,0.28
253.5,0.28
253.55,0.28167
253.6,0.27875
253.65,0.27667
253.7,0.2775
253.75,0.27667
253.8,0.27542
253.85,0.275
253.9,0.27417
253.95,0.27625
254,0.27417
254.05,0.27417
254.1,0.27417
254.15,0.27667
254.2,0.27708
254.25,0.27833
254.3,0.2775
254.35,0.27833
254.4,0.27958
254.45,0.27917
254.5,0.2775
254.55,0.28042
254.6,0.27708
254.65,0.275
254.7,0.275
254.75,0.27583
254.8,0.27417
254.85,0.27417
254.9,0.27375
254.95,0.27292
255,0.27375
255.05,0.27167
255.1,0.27292
255.15,0.27625
255.2,0.27417
255.25,0.27583
255.3,0.27708
255.35,0.27708
255.4,0.27792
255.45,0.27583
255.5,0.28
255.55,0.27792
255.6,0.27542
255.65,0.27458
255.7,0.275
255.75,0.27167
255.8,0.27417
255.85,0.27042
255.9,0.26917
255.95,0.27125
256,0.27167
256.05,0.27042
256.1,0.27125
256.15,0.27417
256.2,0.2725
256.25,0.27417
256.3,0.27375
256.35,0.27583
256.4,0.27708
256.45,0.27458
256.5,0.27417
256.55,0.275
256.6,0.27208
256.65,0.27125
256.7,0.27125
256.75,0.27125
256.8,0.27042
256.85,0.26792
256.9,0.26833
256.95,0.27
257,0.26917
257.05,0.26833
257.1,0.27
257.15,0.27125
257.2,0.27083
257.25,0.27125
257.3,0.2725
257.35,0.27333
257.4,0.27417
257.45,0.27125
257.5,0.27167
257.55,0.27208
257.6,0.27125
257.65,0.27
257.7,0.26958
257.75,0.26958
257.8,0.26792
257.85,0.26708
257.9,0.26583
257.95,0.26875
258,0.26667
258.05,0.26667
258.1,0.26917
258.15,0.27
258.2,0.27
258.25,0.26833
258.3,0.26917
258.35,0.27042
258.4,0.27208
258.45,0.26833
258.5,0.26833
258.55,0.27042
258.6,0.26875
258.65,0.26583
258.7,0.26792
258.75,0.2675
258.8,0.26542
258.85,0.26417
258.9,0.26292
258.95,0.26542
259,0.26583
259.05,0.26333
259.1,0.26583
259.15,0.2675
259.2,0.26625
259.25,0.26792
259.3,0.26875
259.35,0.26917
259.4,0.27083
259.45,0.2675
259.5,0.26792
259.55,0.26875
259.6,0.26792
259.65,0.26625
259.7,0.26583
259.75,0.26542
259.8,0.265
259.85,0.26042
259.9,0.25917
259.95,0.26292
260,0.26333
260.05,0.26125
260.1,0.2625
260.15,0.26542
260.2,0.26625
260.25,0.26542
260.3,0.26625
260.35,0.26542
260.4,0.2675
260.45,0.26583
260.5,0.26333
260.55,0.26833
260.6,0.26542
260.65,0.26333
260.7,0.26208
260.75,0.26167
260.8,0.26042
260.85,0.25917
260.9,0.26042
260.95,0.26042
261,0.26125
261.05,0.25958
261.1,0.26125
261.15,0.2625
261.2,0.26292
261.25,0.26333
261.3,0.26333
261.35,0.26542
261.4,0.26542
261.45,0.26333
261.5,0.26375
261.55,0.265
261.6,0.26375
261.65,0.26167
261.7,0.26208
261.75,0.26042
261.8,0.25917
261.85,0.25875
261.9,0.25792
261.95,0.25833
262,0.25917
262.05,0.2575
262.1,0.25917
262.15,0.25917
262.2,0.25958
262.25,0.26125
262.3,0.26167
262.35,0.2625
262.4,0.26292
262.45,0.26208
262.5,0.26125
262.55,0.26417
262.6,0.26083
262.65,0.25917
262.7,0.25958
262.75,0.25917
262.8,0.25708
262.85,0.25667
262.9,0.25458
262.95,0.25625
263,0.25667
263.05,0.25792
263.1,0.25833
263.15,0.25833
263.2,0.25917
263.25,0.25792
263.3,0.26
263.35,0.26083
263.4,0.26208
263.45,0.26042
263.5,0.26
263.55,0.2625
263.6,0.26083
263.65,0.25667
263.7,0.25833
263.75,0.25792
263.8,0.25625
263.85,0.25542
263.9,0.25667
263.95,0.25542
264,0.25458
264.05,0.25292
264.1,0.25625
264.15,0.2575
264.2,0.25625
264.25,0.25833
264.3,0.25833
264.35,0.25917
264.4,0.26167
264.45,0.25792
264.5,0.2575
264.55,0.25958
264.6,0.2575
264.65,0.25542
264.7,0.25583
264.75,0.25375
264.8,0.25583
264.85,0.25292
264.9,0.25125
264.95,0.25333
265,0.25375
265.05,0.25292
265.1,0.25333
265.15,0.25625
265.2,0.25542
265.25,0.255
265.3,0.25542
265.35,0.25625
265.4,0.25917
265.45,0.255
265.5,0.25833
265.55,0.25667
265.6,0.25583
265.65,0.25333
265.7,0.25333
265.75,0.25292
265.8,0.2525
265.85,0.25083
265.9,0.24917
265.95,0.25042
266,0.25208
266.05,0.24958
266.1,0.25292
266.15,0.25333
266.2,0.25292
266.25,0.25292
266.3,0.25042
266.35,0.25542
266.4,0.25667
266.45,0.255
266.5,0.25417
266.55,0.255
266.6,0.25333
266.65,0.25167
266.7,0.25292
266.75,0.25167
266.8,0.25042
266.85,0.25042
266.9,0.24917
266.95,0.24958
267,0.24958
267.05,0.2475
267.1,0.25042
267.15,0.25208
267.2,0.24917
267.25,0.25167
267.3,0.25417
267.35,0.25167
267.4,0.25375
267.45,0.2525
267.5,0.25208
267.55,0.25417
267.6,0.25125
267.65,0.25042
267.7,0.25292
267.75,0.24875
267.8,0.24958
267.85,0.2475
267.9,0.24708
267.95,0.24875
268,0.25
268.05,0.24708
268.1,0.25
268.15,0.25042
268.2,0.25042
268.25,0.25042
268.3,0.25042
268.35,0.2525
268.4,0.25333
268.45,0.24875
268.5,0.25042
268.55,0.25333
268.6,0.24917
268.65,0.24875
268.7,0.24958
268.75,0.24792
268.8,0.24792
268.85,0.24583
268.9,0.245
268.95,0.24458
269,0.245
269.05,0.24417
269.1,0.24625
269.15,0.24708
269.2,0.24708
269.25,0.24708
269.3,0.24792
269.35,0.25042
269.4,0.25042
269.45,0.24833
269.5,0.24875
269.55,0.25083
269.6,0.25
269.65,0.24792
269.7,0.24708
269.75,0.24625
269.8,0.24583
269.85,0.24417
269.9,0.24333
269.95,0.245
270,0.24542
270.05,0.24333
270.1,0.24458
270.15,0.24667
270.2,0.24667
270.25,0.24667
270.3,0.24667
270.35,0.24875
270.4,0.24875
270.45,0.24792
270.5,0.2475
270.55,0.24917
270.6,0.24708
270.65,0.24667
270.7,0.245
270.75,0.24458
270.8,0.24417
270.85,0.24167
270.9,0.24125
270.95,0.24375
271,0.24333
271.05,0.24125
271.1,0.24208
271.15,0.245
271.2,0.24458
271.25,0.24417
271.3,0.24458
271.35,0.24708
271.4,0.2475
271.45,0.24625
271.5,0.24583
271.55,0.245
271.6,0.245
271.65,0.24292
271.7,0.24417
271.75,0.24375
271.8,0.24208
271.85,0.24208
271.9,0.23875
271.95,0.23875
272,0.24167
272.05,0.23833
272.1,0.24125
272.15,0.24375
272.2,0.24167
272.25,0.24375
272.3,0.24333
272.35,0.245
272.4,0.24583
272.45,0.245
272.5,0.24292
272.55,0.24458
272.6,0.2425
272.65,0.23833
272.7,0.24125
272.75,0.24208
272.8,0.24042
272.85,0.24042
272.9,0.23708
272.95,0.24083
273,0.23958
273.05,0.23833
273.1,0.23958
273.15,0.24042
273.2,0.23958
273.25,0.24125
273.3,0.24208
273.35,0.24125
273.4,0.245
273.45,0.2425
273.5,0.2425
273.55,0.24417
273.6,0.24125
273.65,0.24083
273.7,0.24167
273.75,0.23833
273.8,0.23875
273.85,0.23833
273.9,0.2375
273.95,0.23667
274,0.23875
274.05,0.23583
274.1,0.23833
274.15,0.24042
274.2,0.23958
274.25,0.24083
274.3,0.24125
274.35,0.24125
274.4,0.24292
274.45,0.24167
274.5,0.24125
274.55,0.24167
274.6,0.24125
274.65,0.2375
274.7,0.23917
274.75,0.23792
274.8,0.23708
274.85,0.23583
274.9,0.235
274.95,0.23542
275,0.23667
275.05,0.23542
275.1,0.23667
275.15,0.23875
275.2,0.23667
275.25,0.23708
275.3,0.23958
275.35,0.23833
275.4,0.24042
275.45,0.23958
275.5,0.23833
275.55,0.24083
275.6,0.23875
275.65,0.235
275.7,0.2375
275.75,0.23542
275.8,0.235
275.85,0.23208
275.9,0.23292
275.95,0.23417
276,0.235
276.05,0.23208
276.1,0.23375
276.15,0.23667
276.2,0.235
276.25,0.23625
276.3,0.23667
276.35,0.23917
276.4,0.24042
276.45,0.23667
276.5,0.23625
276.55,0.23875
276.6,0.23708
276.65,0.23458
276.7,0.23542
276.75,0.235
276.8,0.23458
276.85,0.23125
276.9,0.23125
276.95,0.22917
277,0.23125
277.05,0.23167
277.1,0.2325
277.15,0.23458
277.2,0.23375
277.25,0.23375
277.3,0.23458
277.35,0.23542
277.4,0.23792
277.45,0.23667
277.5,0.23667
277.55,0.23667
277.6,0.23333
277.65,0.23208
277.7,0.23292
277.75,0.23208
277.8,0.23125
277.85,0.23125
277.9,0.22875
277.95,0.23167
278,0.23
278.05,0.22958
278.1,0.23083
278.15,0.2325
278.2,0.23083
278.25,0.23208
278.3,0.23208
278.35,0.23417
278.4,0.23625
278.45,0.23458
278.5,0.23458
278.55,0.235
278.6,0.23333
278.65,0.23208
278.7,0.2325
278.75,0.23208
278.8,0.23125
278.85,0.22917
278.9,0.22792
278.95,0.22917
279,0.22958
279.05,0.22792
279.1,0.23
279.15,0.23208
279.2,0.23125
279.25,0.23208
279.3,0.2325
279.35,0.23333
279.4,0.23333
279.45,0.2325
279.5,0.2325
279.55,0.23417
279.6,0.23167
279.65,0.23125
279.7,0.23
279.75,0.22917
279.8,0.22833
279.85,0.22708
279.9,0.22792
279.95,0.2275
280,0.22875
280.05,0.2275
280.1,0.22875
280.15,0.22958
280.2,0.2275
280.25,0.22875
280.3,0.23042
280.35,0.23167
280.4,0.23333
280.45,0.23167
280.5,0.23125
280.55,0.23125
280.6,0.23083
280.65,0.22875
280.7,0.22792
280.75,0.22833
280.8,0.22708
280.85,0.22583
280.9,0.225
280.95,0.225
281,0.22625
281.05,0.22417
281.1,0.225
281.15,0.2275
281.2,0.23083
281.25,0.22958
281.3,0.22875
281.35,0.23083
281.4,0.23208
281.45,0.22917
281.5,0.22958
281.55,0.23125
281.6,0.22917
281.65,0.2275
281.7,0.22708
281.75,0.2275
281.8,0.22458
281.85,0.22417
281.9,0.22292
281.95,0.22458
282,0.22458
282.05,0.22333
282.1,0.22583
282.15,0.22792
282.2,0.22583
282.25,0.22625
282.3,0.2275
282.35,0.22833
282.4,0.22917
282.45,0.2275
282.5,0.22792
282.55,0.23
282.6,0.22667
282.65,0.22458
282.7,0.22583
282.75,0.22333
282.8,0.22417
282.85,0.22208
282.9,0.22208
282.95,0.22333
283,0.22292
283.05,0.22083
283.1,0.22292
283.15,0.22458
283.2,0.22375
283.25,0.22542
283.3,0.22625
283.35,0.22583
283.4,0.22875
283.45,0.225
283.5,0.225
283.55,0.22708
283.6,0.225
283.65,0.22292
283.7,0.22375
283.75,0.22333
283.8,0.22292
283.85,0.22
283.9,0.21917
283.95,0.22
284,0.22
284.05,0.21875
284.1,0.22208
284.15,0.22292
284.2,0.2225
284.25,0.22375
284.3,0.22333
284.35,0.22458
284.4,0.22583
284.45,0.22375
284.5,0.22375
284.55,0.22625
284.6,0.22375
284.65,0.22125
284.7,0.2225
284.75,0.22083
284.8,0.21875
284.85,0.21958
284.9,0.21708
284.95,0.22
285,0.22083
285.05,0.2175
285.1,0.22
285.15,0.22167
285.2,0.21875
285.25,0.22125
285.3,0.22125
285.35,0.22292
285.4,0.22333
285.45,0.2225
285.5,0.22458
285.55,0.2225
285.6,0.22083
285.65,0.22
285.7,0.22042
285.75,0.21958
285.8,0.21875
285.85,0.21708
285.9,0.21583
285.95,0.21792
286,0.21792
286.05,0.21708
286.1,0.21875
286.15,0.21917
286.2,0.21958
286.25,0.22
286.3,0.22083
286.35,0.22208
286.4,0.22292
286.45,0.22042
286.5,0.22042
286.55,0.22208
286.6,0.22042
286.65,0.21917
286.7,0.22
286.75,0.21833
286.8,0.2175
286.85,0.21667
286.9,0.215
286.95,0.21583
287,0.21667
287.05,0.21542
287.1,0.21542
287.15,0.22
287.2,0.21708
287.25,0.21792
287.3,0.2175
287.35,0.22
287.4,0.22083
287.45,0.22042
287.5,0.21917
287.55,0.22042
287.6,0.21875
287.65,0.21708
287.7,0.21667
287.75,0.215
287.8,0.21667
287.85,0.21375
287.9,0.21333
287.95,0.21542
288,0.21333
288.05,0.21417
288.1,0.215
288.15,0.21708
288.2,0.21667
288.25,0.21583
288.3,0.21833
288.35,0.21792
288.4,0.22
288.45,0.21875
288.5,0.2175
288.55,0.21958
288.6,0.21708
288.65,0.21583
288.7,0.21625
288.75,0.21542
288.8,0.21417
288.85,0.21167
288.9,0.21125
288.95,0.21333
289,0.21375
289.05,0.21167
289.1,0.21333
289.15,0.21583
289.2,0.21542
289.25,0.215
289.3,0.215
289.35,0.21708
289.4,0.21875
289.45,0.21708
289.5,0.21625
289.55,0.21708
289.6,0.21542
289.65,0.21375
289.7,0.21375
289.75,0.21667
289.8,0.215
289.85,0.21042
289.9,0.21042
289.95,0.21125
290,0.2125
290.05,0.21125
290.1,0.2125
290.15,0.21417
290.2,0.21208
290.25,0.21458
290.3,0.21625
290.35,0.21583
290.4,0.21667
290.45,0.21667
290.5,0.21625
290.55,0.21625
290.6,0.21333
290.65,0.2125
290.7,0.21417
290.75,0.21208
290.8,0.21167
290.85,0.21083
290.9,0.20875
290.95,0.21042
291,0.21
291.05,0.20792
291.1,0.21083
291.15,0.21208
291.2,0.21125
291.25,0.21292
291.3,0.2125
291.35,0.21417
291.4,0.21458
291.45,0.21458
291.5,0.21417
291.55,0.21542
291.6,0.21333
291.65,0.21208
291.7,0.2125
291.75,0.21083
291.8,0.20917
291.85,0.20875
291.9,0.20917
291.95,0.21
292,0.20833
292.05,0.20667
292.1,0.20958
292.15,0.21
292.2,0.21042
292.25,0.21083
292.3,0.2125
292.35,0.2125
292.4,0.21292
292.45,0.21208
292.5,0.21125
292.55,0.21375
292.6,0.21125
292.65,0.21
292.7,0.21083
292.75,0.20792
292.8,0.20792
292.85,0.20667
292.9,0.20583
292.95,0.20792
293,0.20792
293.05,0.205
293.1,0.20833
293.15,0.20958
293.2,0.20792
293.25,0.20917
293.3,0.21042
293.35,0.2125
293.4,0.2125
293.45,0.21083
293.5,0.21125
293.55,0.2125
293.6,0.21042
293.65,0.20875
293.7,0.20958
293.75,0.20583
293.8,0.20708
293.85,0.20583
293.9,0.20417
293.95,0.20542
294,0.20583
294.05,0.205
294.1,0.20625
294.15,0.20542
294.2,0.20458
294.25,0.20792
294.3,0.20875
294.35,0.20917
294.4,0.21083
294.45,0.20917
294.5,0.20958
294.55,0.21083
294.6,0.20792
294.65,0.20625
294.7,0.20708
294.75,0.20708
294.8,0.20583
294.85,0.20458
294.9,0.20292
294.95,0.205
295,0.20417
295.05,0.2025
295.1,0.2025
295.15,0.20583
295.2,0.20542
295.25,0.20542
295.3,0.20542
295.35,0.2075
295.4,0.21
295.45,0.20667
295.5,0.20833
295.55,0.20792
295.6,0.20792
295.65,0.205
295.7,0.2075
295.75,0.20542
295.8,0.20458
295.85,0.2025
295.9,0.20125
295.95,0.20167
296,0.2025
296.05,0.20208
296.1,0.20125
296.15,0.205
296.2,0.205
296.25,0.205
296.3,0.20542
296.35,0.205
296.4,0.20792
296.45,0.20667
296.5,0.20708
296.55,0.2075
296.6,0.20583
296.65,0.205
296.7,0.205
296.75,0.20375
296.8,0.20292
296.85,0.20167
296.9,0.20208
296.95,0.20167
297,0.20167
297.05,0.20125
297.1,0.20125
297.15,0.20375
297.2,0.2025
297.25,0.20458
297.3,0.20542
297.35,0.20542
297.4,0.20583
297.45,0.20708
297.5,0.20417
297.55,0.20583
297.6,0.205
297.65,0.20208
297.7,0.20458
297.75,0.20208
297.8,0.20125
297.85,0.20042
297.9,0.19708
297.95,0.20042
298,0.2
298.05,0.19833
298.1,0.2
298.15,0.20167
298.2,0.20042
298.25,0.20208
298.3,0.20375
298.35,0.20167
298.4,0.20458
298.45,0.20167
298.5,0.20167
298.55,0.20542
298.6,0.2025
298.65,0.20042
298.7,0.20125
298.75,0.20167
298.8,0.20042
298.85,0.19792
298.9,0.19833
298.95,0.19875
299,0.19875
299.05,0.19708
299.1,0.19917
299.15,0.2
299.2,0.19875
299.25,0.20083
299.3,0.2
299.35,0.20208
299.4,0.20375
299.45,0.20333
299.5,0.2025
299.55,0.20292
299.6,0.20167
299.65,0.19875
299.7,0.20042
299.75,0.19958
299.8,0.19875
299.85,0.19792
299.9,0.19583
299.95,0.19833
300,0.19625
300.05,0.19583
300.1,0.19708
300.15,0.19917
300.2,0.19833
300.25,0.19875
300.3,0.19917
300.35,0.20208
300.4,0.20167
300.45,0.20083
300.5,0.20125
300.55,0.20292
300.6,0.2
300.65,0.19792
300.7,0.19875
300.75,0.19875
300.8,0.19667
300.85,0.19542
300.9,0.19583
300.95,0.19583
301,0.19583
301.05,0.19417
301.1,0.19583
301.15,0.2
301.2,0.19708
301.25,0.19667
301.3,0.19792
301.35,0.2
301.4,0.20083
301.45,0.19917
301.5,0.19792
301.55,0.20167
301.6,0.19917
301.65,0.19625
301.7,0.19667
301.75,0.19583
301.8,0.19583
301.85,0.19458
301.9,0.19708
301.95,0.19458
302,0.195
302.05,0.19167
302.1,0.19583
302.15,0.19625
302.2,0.19542
302.25,0.19625
302.3,0.19792
302.35,0.19833
302.4,0.20042
302.45,0.19458
302.5,0.19792
302.55,0.20042
302.6,0.19708
302.65,0.195
302.7,0.19542
302.75,0.19708
302.8,0.19417
302.85,0.19417
302.9,0.19208
302.95,0.19292
303,0.19292
303.05,0.19167
303.1,0.19333
303.15,0.19542
303.2,0.19417
303.25,0.19542
303.3,0.19625
303.35,0.19708
303.4,0.19875
303.45,0.1975
303.5,0.19625
303.55,0.19792
303.6,0.19542
303.65,0.19458
303.7,0.19625
303.75,0.19417
303.8,0.19417
303.85,0.19292
303.9,0.19
303.95,0.19292
304,0.19167
304.05,0.19125
304.1,0.19125
304.15,0.19417
304.2,0.1925
304.25,0.19417
304.3,0.19583
304.35,0.195
304.4,0.19625
304.45,0.19583
304.5,0.19583
304.55,0.19583
304.6,0.19417
304.65,0.19292
304.7,0.19375
304.75,0.19292
304.8,0.19
304.85,0.19083
304.9,0.19
304.95,0.19
305,0.19
305.05,0.1875
305.1,0.18958
305.15,0.19208
305.2,0.19042
305.25,0.1925
305.3,0.19292
305.35,0.19458
305.4,0.195
305.45,0.19542
305.5,0.19417
305.55,0.19458
305.6,0.19375
305.65,0.1925
305.7,0.19292
305.75,0.19208
305.8,0.19
305.85,0.18792
305.9,0.18708
305.95,0.1875
306,0.18917
306.05,0.18792
306.1,0.19
306.15,0.19125
306.2,0.18958
306.25,0.19042
306.3,0.19208
306.35,0.19333
306.4,0.19292
306.45,0.19292
306.5,0.19208
306.55,0.19292
306.6,0.1925
306.65,0.19083
306.7,0.19042
306.75,0.19
306.8,0.18875
306.85,0.1875
306.9,0.19167
306.95,0.18958
307,0.19
307.05,0.18542
307.1,0.18833
307.15,0.19
307.2,0.18875
307.25,0.18958
307.3,0.19167
307.35,0.19125
307.4,0.19125
307.45,0.19
307.5,0.19125
307.55,0.19125
307.6,0.19083
307.65,0.18833
307.7,0.19
307.75,0.18875
307.8,0.18708
307.85,0.18542
307.9,0.18458
307.95,0.18625
308,0.18458
308.05,0.18417
308.1,0.19
308.15,0.18792
308.2,0.18625
308.25,0.18833
308.3,0.18833
308.35,0.19
308.4,0.19125
308.45,0.18792
308.5,0.19125
308.55,0.19167
308.6,0.19
308.65,0.18583
308.7,0.1875
308.75,0.18667
308.8,0.18542
308.85,0.185
308.9,0.18375
308.95,0.18458
309,0.18458
309.05,0.18208
309.1,0.18542
309.15,0.18708
309.2,0.18625
309.25,0.18708
309.3,0.19
309.35,0.18875
309.4,0.18958
309.45,0.19
309.5,0.18792
309.55,0.19083
309.6,0.18792
309.65,0.18458
309.7,0.1875
309.75,0.18625
309.8,0.18583
309.85,0.185
309.9,0.18208
309.95,0.18375
310,0.18333
310.05,0.1825
310.1,0.18292
310.15,0.18667
310.2,0.185
310.25,0.18583
310.3,0.18625
310.35,0.18583
310.4,0.18875
310.45,0.18833
310.5,0.18708
310.55,0.18917
310.6,0.18625
310.65,0.18625
310.7,0.18667
310.75,0.185
310.8,0.18292
310.85,0.18375
310.9,0.1825
310.95,0.18208
311,0.18292
311.05,0.18083
311.1,0.18375
311.15,0.18542
311.2,0.18375
311.25,0.18167
311.3,0.18375
311.35,0.18625
311.4,0.18833
311.45,0.18708
311.5,0.18667
311.55,0.18833
311.6,0.18625
311.65,0.18458
311.7,0.18458
311.75,0.18375
311.8,0.18333
311.85,0.18208
311.9,0.18125
311.95,0.18542
312,0.18083
312.05,0.18
312.1,0.18083
312.15,0.18333
312.2,0.18208
312.25,0.18208
312.3,0.18458
312.35,0.18625
312.4,0.18667
312.45,0.18542
312.5,0.18583
312.55,0.1875
312.6,0.18458
312.65,0.1825
312.7,0.18417
312.75,0.18333
312.8,0.18167
312.85,0.18083
312.9,0.17958
312.95,0.17958
313,0.18083
313.05,0.17875
313.1,0.18125
313.15,0.18417
313.2,0.18083
313.25,0.18083
313.3,0.18292
313.35,0.18375
313.4,0.18458
313.45,0.18417
313.5,0.18292
313.55,0.18625
313.6,0.18292
313.65,0.18208
313.7,0.1825
313.75,0.18125
313.8,0.18042
313.85,0.18667
313.9,0.17833
313.95,0.17958
314,0.18
314.05,0.17708
314.1,0.18042
314.15,0.18125
314.2,0.18083
314.25,0.18125
314.3,0.18333
314.35,0.18333
314.4,0.18417
314.45,0.18167
314.5,0.18333
314.55,0.18417
314.6,0.1825
314.65,0.18
314.7,0.18083
314.75,0.18042
314.8,0.17958
314.85,0.1775
314.9,0.17542
314.95,0.17792
315,0.17667
315.05,0.17583
315.1,0.17792
315.15,0.17792
315.2,0.17792
315.25,0.17875
315.3,0.18042
315.35,0.17958
315.4,0.18083
315.45,0.18083
315.5,0.18083
315.55,0.1825
315.6,0.1775
315.65,0.17833
315.7,0.18208
315.75,0.17917
315.8,0.1775
315.85,0.17542
315.9,0.17583
315.95,0.17625
316,0.17667
316.05,0.17458
316.1,0.17583
316.15,0.17667
316.2,0.17625
316.25,0.17792
316.3,0.18
316.35,0.18083
316.4,0.18083
316.45,0.18083
316.5,0.18
316.55,0.18208
316.6,0.18042
316.65,0.17792
316.7,0.17917
316.75,0.1775
316.8,0.17625
316.85,0.17542
316.9,0.17417
316.95,0.175
317,0.175
317.05,0.17333
317.1,0.175
317.15,0.17792
317.2,0.17542
317.25,0.17708
317.3,0.17833
317.35,0.17833
317.4,0.18042
317.45,0.17958
317.5,0.17917
317.55,0.18083
317.6,0.17917
317.65,0.17583
317.7,0.17792
317.75,0.17583
317.8,0.175
317.85,0.17417
317.9,0.17292
317.95,0.17458
318,0.17417
318.05,0.1725
318.1,0.17417
318.15,0.17583
318.2,0.17458
318.25,0.17458
318.3,0.17708
318.35,0.17667
318.4,0.17875
318.45,0.17708
318.5,0.17792
318.55,0.17958
318.6,0.1775
318.65,0.175
318.7,0.17583
318.75,0.17583
318.8,0.17458
318.85,0.1725
318.9,0.1725
318.95,0.17167
319,0.1725
319.05,0.17042
319.1,0.17333
319.15,0.17458
319.2,0.17417
319.25,0.17375
319.3,0.17625
319.35,0.17708
319.4,0.17667
319.45,0.17667
319.5,0.17625
319.55,0.17833
319.6,0.17667
319.65,0.17208
319.7,0.17417
319.75,0.15667
319.8,0.17375
319.85,0.16833
319.9,0.16958
319.95,0.17292
320,0.16958
320.05,0.16958
320.1,0.17125
320.15,0.17208
320.2,0.17292
320.25,0.17292
320.3,0.175
320.35,0.17542
320.4,0.17583
320.45,0.17458
320.5,0.17667
320.55,0.17708
320.6,0.17542
320.65,0.17208
320.7,0.17292
320.75,0.17167
320.8,0.17125
320.85,0.17167
320.9,0.16875
320.95,0.16958
321,0.17083
321.05,0.16875
321.1,0.17083
321.15,0.17292
321.2,0.17125
321.25,0.17167
321.3,0.17333
321.35,0.17375
321.4,0.17375
321.45,0.175
321.5,0.17333
321.55,0.175
321.6,0.17333
321.65,0.17042
321.7,0.1725
321.75,0.17292
321.8,0.17083
321.85,0.16583
321.9,0.16792
321.95,0.16792
322,0.16833
322.05,0.16583
322.1,0.16875
322.15,0.17167
322.2,0.17042
322.25,0.17083
322.3,0.17167
322.35,0.17167
322.4,0.17375
322.45,0.17292
322.5,0.17333
322.55,0.175
322.6,0.17292
322.65,0.17042
322.7,0.17292
322.75,0.16958
322.8,0.17
322.85,0.16875
322.9,0.16667
322.95,0.16875
323,0.16833
323.05,0.16625
323.1,0.16833
323.15,0.16958
323.2,0.16875
323.25,0.17
323.3,0.17167
323.35,0.17167
323.4,0.1725
323.45,0.17167
323.5,0.17125
323.55,0.17375
323.6,0.17125
323.65,0.16875
323.7,0.17042
323.75,0.16958
323.8,0.16708
323.85,0.16625
323.9,0.16667
323.95,0.16583
324,0.16625
324.05,0.16458
324.1,0.16792
324.15,0.16792
324.2,0.16708
324.25,0.17042
324.3,0.17417
324.35,0.17
324.4,0.17208
324.45,0.17125
324.5,0.16958
324.55,0.17167
324.6,0.17083
324.65,0.16875
324.7,0.16958
324.75,0.16875
324.8,0.16583
324.85,0.16625
324.9,0.16167
324.95,0.16542
325,0.16583
325.05,0.16417
325.1,0.165
325.15,0.16792
325.2,0.16583
325.25,0.16708
325.3,0.16833
325.35,0.16833
325.4,0.16958
325.45,0.16875
325.5,0.16875
325.55,0.17
325.6,0.16875
325.65,0.16667
325.7,0.16833
325.75,0.16625
325.8,0.165
325.85,0.16458
325.9,0.16417
325.95,0.16417
326,0.16458
326.05,0.16167
326.1,0.16542
326.15,0.16625
326.2,0.16583
326.25,0.16583
326.3,0.16792
326.35,0.16958
326.4,0.16875
326.45,0.16875
326.5,0.16875
326.55,0.17
326.6,0.16875
326.65,0.16625
326.7,0.16667
326.75,0.16583
326.8,0.16542
326.85,0.16292
326.9,0.16208
326.95,0.16167
327,0.16333
327.05,0.1625
327.1,0.16375
327.15,0.16583
327.2,0.16375
327.25,0.16292
327.3,0.16583
327.35,0.16667
327.4,0.16708
327.45,0.16625
327.5,0.1675
327.55,0.16708
327.6,0.16583
327.65,0.16458
327.7,0.165
327.75,0.165
327.8,0.16292
327.85,0.16292
327.9,0.16167
327.95,0.16292
328,0.16208
328.05,0.16042
328.1,0.16083
328.15,0.16458
328.2,0.16292
328.25,0.16417
328.3,0.16542
328.35,0.16583
328.4,0.16542
328.45,0.16625
328.5,0.16208
328.55,0.16625
328.6,0.16583
328.65,0.16333
328.7,0.16417
328.75,0.16333
328.8,0.16167
328.85,0.16083
328.9,0.15958
328.95,0.16125
329,0.16083
329.05,0.16
329.1,0.16208
329.15,0.16208
329.2,0.1625
329.25,0.1625
329.3,0.16458
329.35,0.16417
329.4,0.16417
329.45,0.16333
329.5,0.16458
329.55,0.16625
329.6,0.16292
329.65,0.1625
329.7,0.16292
329.75,0.16292
329.8,0.15917
329.85,0.15958
329.9,0.15875
329.95,0.16
330,0.15958
330.05,0.15875
330.1,0.16042
330.15,0.16208
330.2,0.15875
330.25,0.16
330.3,0.16208
330.35,0.16292
330.4,0.16333
330.45,0.16333
330.5,0.16333
330.55,0.165
330.6,0.16375
330.65,0.16125
330.7,0.16292
330.75,0.16125
330.8,0.15958
330.85,0.15958
330.9,0.15958
330.95,0.1575
331,0.15792
331.05,0.15625
331.1,0.1575
331.15,0.16
331.2,0.15958
331.25,0.16
331.3,0.16125
331.35,0.1625
331.4,0.16375
331.45,0.16292
331.5,0.16292
331.55,0.165
331.6,0.16292
331.65,0.17167
331.7,0.15917
331.75,0.16167
331.8,0.15917
331.85,0.15792
331.9,0.15625
331.95,0.1575
332,0.15792
332.05,0.15583
332.1,0.15875
332.15,0.16
332.2,0.15833
332.25,0.15875
332.3,0.15958
332.35,0.16167
332.4,0.16125
332.45,0.16167
332.5,0.16167
332.55,0.16292
332.6,0.16
332.65,0.15792
332.7,0.15958
332.75,0.15917
332.8,0.15792
332.85,0.15667
332.9,0.15625
332.95,0.15667
333,0.15625
333.05,0.15375
333.1,0.15667
333.15,0.1575
333.2,0.15708
333.25,0.15667
333.3,0.15958
333.35,0.16042
333.4,0.16167
333.45,0.15958
333.5,0.16125
333.55,0.1625
333.6,0.15958
333.65,0.1575
333.7,0.16
333.75,0.15917
333.8,0.15792
333.85,0.15583
333.9,0.15458
333.95,0.15458
334,0.15583
334.05,0.15375
334.1,0.15667
334.15,0.15708
334.2,0.15583
334.25,0.1575
334.3,0.15875
334.35,0.16
334.4,0.15958
334.45,0.15958
334.5,0.16
334.55,0.16125
334.6,0.15917
334.65,0.15833
334.7,0.15667
334.75,0.15708
334.8,0.15417
334.85,0.15667
334.9,0.1525
334.95,0.155
335,0.15375
335.05,0.15375
335.1,0.15375
335.15,0.15458
335.2,0.15625
335.25,0.15583
335.3,0.15792
335.35,0.15708
335.4,0.15833
335.45,0.15833
335.5,0.15833
335.55,0.15875
335.6,0.15875
335.65,0.15583
335.7,0.15792
335.75,0.15625
335.8,0.15417
335.85,0.1525
335.9,0.1525
335.95,0.15333
336,0.15375
336.05,0.15083
336.1,0.15375
336.15,0.15375
336.2,0.15375
336.25,0.15375
336.3,0.15625
336.35,0.15667
336.4,0.15708
336.45,0.15667
336.5,0.15792
336.55,0.15833
336.6,0.1575
336.65,0.15583
336.7,0.15667
336.75,0.15375
336.8,0.15333
336.85,0.1525
336.9,0.15167
336.95,0.15208
337,0.15292
337.05,0.15083
337.1,0.15042
337.15,0.15167
337.2,0.15375
337.25,0.15375
337.3,0.15667
337.35,0.15583
337.4,0.1575
337.45,0.15583
337.5,0.15625
337.55,0.1575
337.6,0.15667
337.65,0.15375
337.7,0.15458
337.75,0.15375
337.8,0.1525
337.85,0.15125
337.9,0.15125
337.95,0.15083
338,0.15083
338.05,0.15083
338.1,0.15167
338.15,0.15333
338.2,0.15208
338.25,0.15375
338.3,0.15583
338.35,0.155
338.4,0.15583
338.45,0.15417
338.5,0.155
338.55,0.15583
338.6,0.15458
338.65,0.15208
338.7,0.15375
338.75,0.15333
338.8,0.15083
338.85,0.15083
338.9,0.15
338.95,0.14833
339,0.14958
339.05,0.14792
339.1,0.15
339.15,0.1525
339.2,0.15083
339.25,0.15125
339.3,0.15375
339.35,0.15333
339.4,0.15542
339.45,0.15333
339.5,0.15375
339.55,0.15667
339.6,0.15375
339.65,0.15083
339.7,0.15292
339.75,0.15167
339.8,0.15
339.85,0.14958
339.9,0.14792
339.95,0.14875
340,0.14958
340.05,0.14708
340.1,0.14958
340.15,0.15167
340.2,0.14958
340.25,0.15083
340.3,0.15292
340.35,0.15125
340.4,0.15417
340.45,0.15375
340.5,0.15292
340.55,0.15375
340.6,0.15167
340.65,0.15083
340.7,0.15167
340.75,0.15083
340.8,0.14917
340.85,0.14958
340.9,0.14667
340.95,0.1475
341,0.1475
341.05,0.145
341.1,0.1475
341.15,0.15042
341.2,0.14792
341.25,0.14458
341.3,0.15042
341.35,0.15083
341.4,0.1525
341.45,0.15292
341.5,0.15208
341.55,0.15375
341.6,0.15125
341.65,0.14875
341.7,0.15083
341.75,0.14958
341.8,0.1475
341.85,0.14708
341.9,0.14625
341.95,0.14667
342,0.14667
342.05,0.145
342.1,0.1475
342.15,0.14875
342.2,0.14833
342.25,0.14875
342.3,0.14958
342.35,0.15
342.4,0.15125
342.45,0.15208
342.5,0.15167
342.55,0.15292
342.6,0.15
342.65,0.1475
342.7,0.14875
342.75,0.1475
342.8,0.14625
342.85,0.14542
342.9,0.14542
342.95,0.14708
343,0.145
343.05,0.14458
343.1,0.14708
343.15,0.14833
343.2,0.1475
343.25,0.1475
343.3,0.14958
343.35,0.14917
343.4,0.15042
343.45,0.15
343.5,0.14833
343.55,0.15167
343.6,0.14958
343.65,0.14708
343.7,0.14792
343.75,0.14833
343.8,0.14625
343.85,0.14542
343.9,0.14583
343.95,0.14625
344,0.14458
344.05,0.14292
344.1,0.145
344.15,0.14625
344.2,0.14458
344.25,0.14583
344.3,0.1475
344.35,0.14792
344.4,0.14958
344.45,0.14792
344.5,0.14833
344.55,0.15083
344.6,0.1475
344.65,0.1475
344.7,0.14792
344.75,0.14708
344.8,0.14542
344.85,0.14583
344.9,0.14292
344.95,0.14458
345,0.14458
345.05,0.1425
345.1,0.14417
345.15,0.14625
345.2,0.14417
345.25,0.14583
345.3,0.14792
345.35,0.14833
345.4,0.14875
345.45,0.1475
345.5,0.1475
345.55,0.14917
345.6,0.14833
345.65,0.14667
345.7,0.1475
345.75,0.14417
345.8,0.14417
345.85,0.14542
345.9,0.14375
345.95,0.14417
346,0.14333
346.05,0.14167
346.1,0.14333
346.15,0.14583
346.2,0.14458
346.25,0.14625
346.3,0.14667
346.35,0.14625
346.4,0.14833
346.45,0.1475
346.5,0.1475
346.55,0.15042
346.6,0.1475
346.65,0.14333
346.7,0.14542
346.75,0.145
346.8,0.14375
346.85,0.14375
346.9,0.14208
346.95,0.14208
347,0.14167
347.05,0.14042
347.1,0.14208
347.15,0.14458
347.2,0.14417
347.25,0.14417
347.3,0.14542
347.35,0.14667
347.4,0.14583
347.45,0.14708
347.5,0.14667
347.55,0.1475
347.6,0.14625
347.65,0.14375
347.7,0.14583
347.75,0.14458
347.8,0.14167
347.85,0.14208
347.9,0.14083
347.95,0.14125
348,0.14125
348.05,0.13958
348.1,0.14167
348.15,0.14208
348.2,0.1425
348.25,0.14375
348.3,0.145
348.35,0.14375
348.4,0.14458
348.45,0.14417
348.5,0.145
348.55,0.14625
348.6,0.145
348.65,0.1425
348.7,0.14458
348.75,0.14375
348.8,0.14083
348.85,0.14167
348.9,0.14
348.95,0.14125
349,0.14
349.05,0.14
349.1,0.14083
349.15,0.14083
349.2,0.14042
349.25,0.14125
349.3,0.1425
349.35,0.14333
349.4,0.14125
349.45,0.14417
349.5,0.14458
349.55,0.145
349.6,0.14458
349.65,0.1425
349.7,0.14333
349.75,0.1425
349.8,0.14042
349.85,0.14042
349.9,0.13958
349.95,0.13583
350,0.13625
350.05,0.13708
350.1,0.13875
350.15,0.14167
350.2,0.13875
350.25,0.14042
350.3,0.14167
350.35,0.14208
350.4,0.14375
350.45,0.14333
350.5,0.14292
350.55,0.14542
350.6,0.14292
350.65,0.14125
350.7,0.14208
350.75,0.14167
350.8,0.14
350.85,0.13917
350.9,0.13667
350.95,0.13917
351,0.13792
351.05,0.13542
351.1,0.13833
351.15,0.14042
351.2,0.13958
351.25,0.13833
351.3,0.14167
351.35,0.14
351.4,0.14167
351.45,0.14167
351.5,0.14208
351.55,0.14417
351.6,0.14167
351.65,0.13917
351.7,0.14125
351.75,0.14
351.8,0.1375
351.85,0.13833
351.9,0.13792
351.95,0.1375
352,0.1375
352.05,0.13625
352.1,0.13792
352.15,0.14042
352.2,0.13833
352.25,0.13917
352.3,0.14
352.35,0.14167
352.4,0.14167
352.45,0.14125
352.5,0.14083
352.55,0.14292
352.6,0.14042
352.65,0.13917
352.7,0.14083
352.75,0.13917
352.8,0.1375
352.85,0.13667
352.9,0.13625
352.95,0.13667
353,0.13667
353.05,0.135
353.1,0.13625
353.15,0.13917
353.2,0.13667
353.25,0.13875
353.3,0.13833
353.35,0.14
353.4,0.14083
353.45,0.14042
353.5,0.14125
353.55,0.14167
353.6,0.14083
353.65,0.13875
353.7,0.14
353.75,0.13875
353.8,0.13708
353.85,0.13625
353.9,0.13583
353.95,0.13542
354,0.13542
354.05,0.13333
354.1,0.13625
354.15,0.13667
354.2,0.13583
354.25,0.13667
354.3,0.13958
354.35,0.13875
354.4,0.13917
354.45,0.13917
354.5,0.14042
354.55,0.14042
354.6,0.14
354.65,0.1375
354.7,0.1375
354.75,0.13875
354.8,0.13542
354.85,0.13458
354.9,0.135
354.95,0.1325
355,0.13542
355.05,0.13125
355.1,0.13417
355.15,0.13708
355.2,0.13417
355.25,0.13542
355.3,0.1375
355.35,0.13792
355.4,0.13958
355.45,0.13833
355.5,0.13875
355.55,0.14042
355.6,0.13792
355.65,0.13625
355.7,0.13917
355.75,0.13792
355.8,0.13458
355.85,0.135
355.9,0.13292
355.95,0.13458
356,0.13333
356.05,0.13208
356.1,0.13333
356.15,0.13542
356.2,0.135
356.25,0.135
356.3,0.13792
356.35,0.13708
356.4,0.13792
356.45,0.13792
356.5,0.1375
356.55,0.13958
356.6,0.13667
356.65,0.13458
356.7,0.13625
356.75,0.135
356.8,0.1325
356.85,0.13333
356.9,0.1325
356.95,0.1325
357,0.13167
357.05,0.12958
357.1,0.1325
357.15,0.13417
357.2,0.1325
357.25,0.13417
357.3,0.13625
357.35,0.13583
357.4,0.13458
357.45,0.13542
357.5,0.13625
357.55,0.13833
357.6,0.13583
357.65,0.135
357.7,0.13458
357.75,0.13458
357.8,0.1325
357.85,0.13208
357.9,0.13208
357.95,0.13125
358,0.13167
358.05,0.13083
358.1,0.13208
358.15,0.13375
358.2,0.13292
358.25,0.13458
358.3,0.13417
358.35,0.13458
358.4,0.13875
358.45,0.13625
358.5,0.13667
358.55,0.13833
358.6,0.13542
358.65,0.1325
358.7,0.13375
358.75,0.13458
358.8,0.13167
358.85,0.13333
358.9,0.13083
358.95,0.13083
359,0.13125
359.05,0.12875
359.1,0.13167
359.15,0.13208
359.2,0.13
359.25,0.13167
359.3,0.13333
359.35,0.13417
359.4,0.13375
359.45,0.13542
359.5,0.135
359.55,0.13542
359.6,0.13375
359.65,0.13125
359.7,0.13333
359.75,0.13375
359.8,0.13042
359.85,0.13125
359.9,0.12833
359.95,0.12917
360,0.13
360.05,0.1275
360.1,0.12958
360.15,0.1325
360.2,0.12917
360.25,0.13125
360.3,0.1325
360.35,0.13208
360.4,0.13458
360.45,0.13375
360.5,0.13458
360.55,0.13583
360.6,0.13458
360.65,0.13125
360.7,0.13375
360.75,0.13167
360.8,0.12875
360.85,0.12958
360.9,0.12917
360.95,0.12833
361,0.1275
361.05,0.12667
361.1,0.12875
361.15,0.13042
361.2,0.13042
361.25,0.13042
361.3,0.13208
361.35,0.1325
361.4,0.13292
361.45,0.13333
361.5,0.13292
361.55,0.135
361.6,0.13292
361.65,0.13208
361.7,0.13208
361.75,0.13208
361.8,0.12958
361.85,0.13125
361.9,0.12833
361.95,0.12917
362,0.12875
362.05,0.12708
362.1,0.1275
362.15,0.13
362.2,0.12708
362.25,0.13
362.3,0.13208
362.35,0.13167
362.4,0.1325
362.45,0.13292
362.5,0.1325
362.55,0.13375
362.6,0.1325
362.65,0.13083
362.7,0.1325
362.75,0.13
362.8,0.12875
362.85,0.12917
362.9,0.12958
362.95,0.12083
363,0.12958
363.05,0.12667
363.1,0.12792
363.15,0.13042
363.2,0.12875
363.25,0.12875
363.3,0.13042
363.35,0.13042
363.4,0.13167
363.45,0.13125
363.5,0.13208
363.55,0.13375
363.6,0.13167
363.65,0.13
363.7,0.13208
363.75,0.13083
363.8,0.12833
363.85,0.12792
363.9,0.12875
363.95,0.12667
364,0.1275
364.05,0.12417
364.1,0.12667
364.15,0.12875
364.2,0.12667
364.25,0.12708
364.3,0.12958
364.35,0.12958
364.4,0.13042
364.45,0.12958
364.5,0.13
364.55,0.1325
364.6,0.12958
364.65,0.12875
364.7,0.12958
364.75,0.12917
364.8,0.12583
364.85,0.12625
364.9,0.125
364.95,0.12458
365,0.12542
365.05,0.12417
365.1,0.12542
365.15,0.12708
365.2,0.12542
365.25,0.12583
365.3,0.12875
365.35,0.12958
365.4,0.12958
365.45,0.12833
365.5,0.12958
365.55,0.13083
365.6,0.13
365.65,0.1275
365.7,0.12958
365.75,0.12833
365.8,0.125
365.85,0.125
365.9,0.12458
365.95,0.12458
366,0.12417
366.05,0.12292
366.1,0.12333
366.15,0.12708
366.2,0.12625
366.25,0.12708
366.3,0.12875
366.35,0.12917
366.4,0.12958
366.45,0.12958
366.5,0.12958
366.55,0.13
366.6,0.12833
366.65,0.12542
366.7,0.12792
366.75,0.12667
366.8,0.12417
366.85,0.125
366.9,0.125
366.95,0.12333
367,0.12333
367.05,0.1225
367.1,0.12042
367.15,0.12458
367.2,0.12417
367.25,0.12542
367.3,0.12958
367.35,0.12708
367.4,0.12833
367.45,0.12792
367.5,0.12833
367.55,0.12833
367.6,0.12833
367.65,0.12583
367.7,0.1275
367.75,0.12583
367.8,0.12417
367.85,0.12458
367.9,0.12417
367.95,0.12333
368,0.12333
368.05,0.12083
368.1,0.12333
368.15,0.12542
368.2,0.12333
368.25,0.12458
368.3,0.12583
368.35,0.12625
368.4,0.12667
368.45,0.12708
368.5,0.12708
368.55,0.12875
368.6,0.12667
368.65,0.12417
368.7,0.12583
368.75,0.12583
368.8,0.12333
368.85,0.12375
368.9,0.12292
368.95,0.12333
369,0.12167
369.05,0.12
369.1,0.1225
369.15,0.12333
369.2,0.12125
369.25,0.12375
369.3,0.12542
369.35,0.125
369.4,0.12542
369.45,0.12625
369.5,0.12542
369.55,0.1275
369.6,0.12625
369.65,0.125
369.7,0.12583
369.75,0.12417
369.8,0.12292
369.85,0.1225
369.9,0.12292
369.95,0.12083
370,0.12042
370.05,0.11958
370.1,0.12167
370.15,0.12375
370.2,0.12208
370.25,0.1225
370.3,0.12375
370.35,0.12292
370.4,0.12375
370.45,0.12583
370.5,0.12625
370.55,0.12708
370.6,0.12542
370.65,0.12417
370.7,0.12375
370.75,0.12417
370.8,0.1225
370.85,0.12125
370.9,0.12125
370.95,0.12042
371,0.12042
371.05,0.11792
371.1,0.12042
371.15,0.12042
371.2,0.11958
371.25,0.12125
371.3,0.12375
371.35,0.12333
371.4,0.12667
371.45,0.12417
371.5,0.12375
371.55,0.12625
371.6,0.12333
371.65,0.12167
371.7,0.12292
371.75,0.12208
371.8,0.11958
371.85,0.12042
371.9,0.11833
371.95,0.11958
372,0.11833
372.05,0.1175
372.1,0.11917
372.15,0.12167
372.2,0.11958
372.25,0.12333
372.3,0.12042
372.35,0.12292
372.4,0.12167
372.45,0.12292
372.5,0.12333
372.55,0.12583
372.6,0.12292
372.65,0.12083
372.7,0.12333
372.75,0.12083
372.8,0.11875
372.85,0.11917
372.9,0.11958
372.95,0.11958
373,0.11792
373.05,0.11583
373.1,0.11875
373.15,0.12083
373.2,0.11875
373.25,0.12042
373.3,0.12208
373.35,0.12208
373.4,0.1225
373.45,0.12208
373.5,0.12333
373.55,0.12417
373.6,0.12333
373.65,0.12167
373.7,0.12333
373.75,0.12125
373.8,0.11917
373.85,0.11958
373.9,0.11875
373.95,0.1175
374,0.11792
374.05,0.11458
374.1,0.11667
374.15,0.11958
374.2,0.11792
374.25,0.11958
374.3,0.12208
374.35,0.12083
374.4,0.12125
374.45,0.12167
374.5,0.12208
374.55,0.12417
374.6,0.1225
374.65,0.12083
374.7,0.12083
374.75,0.12042
374.8,0.11625
374.85,0.11708
374.9,0.11708
374.95,0.11667
375,0.11625
375.05,0.11417
375.1,0.11792
375.15,0.11875
375.2,0.11708
375.25,0.11833
375.3,0.12042
375.35,0.12042
375.4,0.12042
375.45,0.12
375.5,0.12208
375.55,0.12292
375.6,0.12208
375.65,0.1175
375.7,0.12042
375.75,0.11958
375.8,0.11708
375.85,0.1175
375.9,0.11583
375.95,0.11625
376,0.11458
376.05,0.115
376.1,0.11583
376.15,0.11792
376.2,0.11667
376.25,0.11708
376.3,0.11958
376.35,0.12
376.4,0.12042
376.45,0.11958
376.5,0.12
376.55,0.12125
376.6,0.11958
376.65,0.11792
376.7,0.11917
376.75,0.11875
376.8,0.11583
376.85,0.11542
376.9,0.115
376.95,0.11583
377,0.11458
377.05,0.11292
377.1,0.11458
377.15,0.11583
377.2,0.11458
377.25,0.11458
377.3,0.11792
377.35,0.11833
377.4,0.11917
377.45,0.11833
377.5,0.12
377.55,0.12083
377.6,0.11958
377.65,0.1175
377.7,0.11833
377.75,0.11708
377.8,0.11583
377.85,0.11708
377.9,0.11542
377.95,0.115
378,0.11458
378.05,0.11375
378.1,0.1125
378.15,0.11583
378.2,0.11458
378.25,0.115
378.3,0.11792
378.35,0.1175
378.4,0.11792
378.45,0.11792
378.5,0.11792
378.55,0.12042
378.6,0.11833
378.65,0.11667
378.7,0.1175
378.75,0.1175
378.8,0.11417
378.85,0.11542
378.9,0.11458
378.95,0.11292
379,0.11333
379.05,0.11125
379.1,0.11333
379.15,0.11583
379.2,0.11292
379.25,0.11458
379.3,0.099167
379.35,0.11833
379.4,0.1175
379.45,0.11792
379.5,0.1175
379.55,0.12
379.6,0.1175
379.65,0.11625
379.7,0.11708
379.75,0.11625
379.8,0.11375
379.85,0.11417
379.9,0.11375
379.95,0.11208
380,0.11167
380.05,0.10958
380.1,0.11125
380.15,0.11542
380.2,0.11333
380.25,0.11417
380.3,0.11625
380.35,0.11583
380.4,0.1175
380.45,0.11708
380.5,0.1175
380.55,0.12
380.6,0.11833
380.65,0.11625
380.7,0.11583
380.75,0.11542
380.8,0.11375
380.85,0.11458
380.9,0.11333
380.95,0.1125
381,0.11125
381.05,0.11083
381.1,0.11167
381.15,0.11375
381.2,0.1125
381.25,0.11417
381.3,0.11625
381.35,0.11583
381.4,0.11708
381.45,0.11667
381.5,0.11708
381.55,0.11875
381.6,0.11708
381.65,0.11542
381.7,0.11667
381.75,0.11542
381.8,0.1125
381.85,0.11125
381.9,0.11208
381.95,0.11125
382,0.11083
382.05,0.11042
382.1,0.11125
382.15,0.11375
382.2,0.11208
382.25,0.1125
382.3,0.11458
382.35,0.11542
382.4,0.11542
382.45,0.11625
382.5,0.11667
382.55,0.11792
382.6,0.1175
382.65,0.11292
382.7,0.11583
382.75,0.11375
382.8,0.11125
382.85,0.11125
382.9,0.11083
382.95,0.11
383,0.11
383.05,0.10833
383.1,0.11042
383.15,0.11167
383.2,0.11125
383.25,0.11125
383.3,0.11458
383.35,0.115
383.4,0.11458
383.45,0.11375
383.5,0.11375
383.55,0.11625
383.6,0.11458
383.65,0.11333
383.7,0.115
383.75,0.11375
383.8,0.11125
383.85,0.11125
383.9,0.11125
383.95,0.10958
384,0.10917
384.05,0.10833
384.1,0.10958
384.15,0.11125
384.2,0.1125
384.25,0.11083
384.3,0.11417
384.35,0.11458
384.4,0.11333
384.45,0.11458
384.5,0.115
384.55,0.11667
384.6,0.11458
384.65,0.1125
384.7,0.11375
384.75,0.11417
384.8,0.11083
384.85,0.11125
384.9,0.11083
384.95,0.10958
385,0.10958
385.05,0.10833
385.1,0.11292
385.15,0.10958
385.2,0.11
385.25,0.10958
385.3,0.11375
385.35,0.11292
385.4,0.11292
385.45,0.1125
385.5,0.11458
385.55,0.11458
385.6,0.11333
385.65,0.11167
385.7,0.11375
385.75,0.11208
385.8,0.10833
385.85,0.11042
385.9,0.11125
385.95,0.10833
386,0.10833
386.05,0.10625
386.1,0.10792
386.15,0.10917
386.2,0.10958
386.25,0.10917
386.3,0.11208
386.35,0.11208
386.4,0.11208
386.45,0.11167
386.5,0.11208
386.55,0.11417
386.6,0.11375
386.65,0.11042
386.7,0.11125
386.75,0.11125
386.8,0.10958
386.85,0.10958
386.9,0.10833
386.95,0.10833
387,0.10833
387.05,0.10542
387.1,0.10625
387.15,0.10958
387.2,0.10792
387.25,0.10917
387.3,0.11125
387.35,0.11125
387.4,0.11167
387.45,0.11125
387.5,0.11167
387.55,0.11458
387.6,0.1125
387.65,0.10958
387.7,0.11167
387.75,0.11125
387.8,0.10917
387.85,0.10917
387.9,0.1075
387.95,0.10833
388,0.10833
388.05,0.10542
388.1,0.10542
388.15,0.10833
388.2,0.10667
388.25,0.10792
388.3,0.11
388.35,0.11042
388.4,0.11125
388.45,0.11125
388.5,0.11125
388.55,0.11667
388.6,0.11542
388.65,0.10958
388.7,0.11125
388.75,0.11
388.8,0.10667
388.85,0.10708
388.9,0.10792
388.95,0.10583
389,0.10583
389.05,0.10583
389.1,0.10708
389.15,0.10833
389.2,0.1075
389.25,0.10833
389.3,0.10875
389.35,0.10917
389.4,0.10958
389.45,0.11
389.5,0.10917
389.55,0.11208
389.6,0.11
389.65,0.10792
389.7,0.11
389.75,0.10833
389.8,0.1075
389.85,0.10833
389.9,0.10667
389.95,0.10542
390,0.105
390.05,0.10292
390.1,0.10542
390.15,0.10667
390.2,0.105
390.25,0.10625
390.3,0.10833
390.35,0.10833
390.4,0.10917
390.45,0.10917
390.5,0.11083
390.55,0.11125
390.6,0.11042
390.65,0.10833
390.7,0.10833
390.75,0.10917
390.8,0.10667
390.85,0.10625
390.9,0.10583
390.95,0.10542
391,0.10333
391.05,0.10333
391.1,0.10458
391.15,0.10583
391.2,0.105
391.25,0.105
391.3,0.10792
391.35,0.1075
391.4,0.10833
391.45,0.10875
391.5,0.10833
391.55,0.11
391.6,0.10875
391.65,0.10708
391.7,0.11042
391.75,0.1075
391.8,0.10542
391.85,0.105
391.9,0.105
391.95,0.10417
392,0.10417
392.05,0.10333
392.1,0.10292
392.15,0.105
392.2,0.10417
392.25,0.10542
392.3,0.1075
392.35,0.10708
392.4,0.10667
392.45,0.10708
392.5,0.10792
392.55,0.10958
392.6,0.10833
392.65,0.10583
392.7,0.10875
392.75,0.1075
392.8,0.10833
392.85,0.105
392.9,0.10542
392.95,0.1025
393,0.1025
393.05,0.1025
393.1,0.10375
393.15,0.105
393.2,0.10292
393.25,0.105
393.3,0.1075
393.35,0.1075
393.4,0.1075
393.45,0.10667
393.5,0.10833
393.55,0.10833
393.6,0.10708
393.65,0.10542
393.7,0.10583
393.75,0.10583
393.8,0.10375
393.85,0.10333
393.9,0.10333
393.95,0.10292
394,0.1025
394.05,0.10167
394.1,0.1025
394.15,0.10542
394.2,0.1025
394.25,0.10333
394.3,0.10583
394.35,0.105
394.4,0.10583
394.45,0.10667
394.5,0.10667
394.55,0.10833
394.6,0.10667
394.65,0.10542
394.7,0.10667
394.75,0.10542
394.8,0.10292
394.85,0.10333
394.9,0.10292
394.95,0.1025
395,0.1025
395.05,0.10125
395.1,0.10208
395.15,0.10292
395.2,0.10208
395.25,0.10333
395.3,0.10542
395.35,0.10458
395.4,0.1075
395.45,0.10708
395.5,0.10625
395.55,0.10833
395.6,0.10625
395.65,0.105
395.7,0.105
395.75,0.10458
395.8,0.1025
395.85,0.1025
395.9,0.10208
395.95,0.10167
396,0.10083
396.05,0.10042
396.1,0.10125
396.15,0.10292
396.2,0.10125
396.25,0.10292
396.3,0.105
396.35,0.10542
396.4,0.105
396.45,0.10583
396.5,0.10625
396.55,0.10625
396.6,0.10667
396.65,0.10417
396.7,0.10542
396.75,0.10458
396.8,0.10167
396.85,0.10292
396.9,0.10125
396.95,0.10042
397,0.10125
397.05,0.1
397.1,0.10083
397.15,0.1025
397.2,0.10125
397.25,0.1
397.3,0.105
397.35,0.10458
397.4,0.10292
397.45,0.105
397.5,0.10583
397.55,0.10625
397.6,0.105
397.65,0.10417
397.7,0.105
397.75,0.10417
397.8,0.10042
397.85,0.1025
397.9,0.10208
397.95,0.10042
398,0.1
398.05,0.098333
398.1,0.099583
398.15,0.1025
398.2,0.10083
398.25,0.10167
398.3,0.10375
398.35,0.1025
398.4,0.10333
398.45,0.10417
398.5,0.10458
398.55,0.10625
398.6,0.10542
398.65,0.1025
398.7,0.10333
398.75,0.10292
398.8,0.10167
398.85,0.10042
398.9,0.10042
398.95,0.099583
399,0.099583
399.05,0.098333
399.1,0.099167
399.15,0.1025
399.2,0.099167
399.25,0.10083
399.3,0.10292
399.35,0.1025
399.4,0.1025
399.45,0.10375
399.5,0.10458
399.55,0.10625
399.6,0.10417
399.65,0.10125
399.7,0.10375
399.75,0.1025
399.8,0.1
399.85,0.10125
399.9,0.1
399.95,0.099167
400,0.09875
400.05,0.0975
400.1,0.09875
400.15,0.1
400.2,0.098333
400.25,0.099583
400.3,0.1025
400.35,0.10208
400.4,0.10333
400.45,0.10333
400.5,0.10292
400.55,0.105
400.6,0.10417
400.65,0.10208
400.7,0.10417
400.75,0.1025
400.8,0.1
400.85,0.099583
400.9,0.099583
400.95,0.099167
401,0.097917
401.05,0.097083
401.1,0.0975
401.15,0.1
401.2,0.0975
401.25,0.09875
401.3,0.10208
401.35,0.1025
401.4,0.1025
401.45,0.10042
401.5,0.10333
401.55,0.10625
401.6,0.10333
401.65,0.10083
401.7,0.10208
401.75,0.10167
401.8,0.09875
401.85,0.099167
401.9,0.097917
401.95,0.098333
402,0.097083
402.05,0.09625
402.1,0.0975
402.15,0.099167
402.2,0.097917
402.25,0.098333
402.3,0.10083
402.35,0.10083
402.4,0.10083
402.45,0.10042
402.5,0.10083
402.55,0.10333
402.6,0.1025
402.65,0.10042
402.7,0.10125
402.75,0.10125
402.8,0.09875
402.85,0.098333
402.9,0.092917
402.95,0.0975
403,0.096667
403.05,0.095
403.1,0.095417
403.15,0.097083
403.2,0.096667
403.25,0.097917
403.3,0.099583
403.35,0.099583
403.4,0.099583
403.45,0.10042
403.5,0.1025
403.55,0.10208
403.6,0.10208
403.65,0.1
403.7,0.1025
403.75,0.099583
403.8,0.0975
403.85,0.097083
403.9,0.099167
403.95,0.097083
404,0.095833
404.05,0.095
404.1,0.096667
404.15,0.09625
404.2,0.095
404.25,0.097917
404.3,0.1
404.35,0.1
404.4,0.099167
404.45,0.10083
404.5,0.10042
404.55,0.10167
404.6,0.1
404.65,0.099167
404.7,0.10042
404.75,0.09875
404.8,0.09625
404.85,0.097917
404.9,0.097083
404.95,0.095417
405,0.094583
405.05,0.093333
405.1,0.095833
405.15,0.0975
405.2,0.095
405.25,0.0975
405.3,0.099167
405.35,0.099167
405.4,0.099167
405.45,0.10042
405.5,0.099167
405.55,0.1025
405.6,0.1
405.65,0.1
405.7,0.10042
405.75,0.10125
405.8,0.09875
405.85,0.095417
405.9,0.094583
405.95,0.095417
406,0.095
406.05,0.094583
406.1,0.094583
406.15,0.097083
406.2,0.095833
406.25,0.09625
406.3,0.0975
406.35,0.0975
406.4,0.099167
406.45,0.1
406.5,0.099167
406.55,0.10167
406.6,0.099167
406.65,0.09625
406.7,0.09875
406.75,0.099167
406.8,0.094583
406.85,0.095417
406.9,0.095
406.95,0.095
407,0.093333
407.05,0.093333
407.1,0.093333
407.15,0.095
407.2,0.093333
407.25,0.094167
407.3,0.096667
407.35,0.096667
407.4,0.097083
407.45,0.095833
407.5,0.097917
407.55,0.099583
407.6,0.099167
407.65,0.09625
407.7,0.097917
407.75,0.096667
407.8,0.095417
407.85,0.094167
407.9,0.090417
407.95,0.09375
408,0.092083
408.05,0.09125
408.1,0.093333
408.15,0.094167
408.2,0.093333
408.25,0.094167
408.3,0.0975
408.35,0.09625
408.4,0.095833
408.45,0.0975
408.5,0.09875
408.55,0.099167
408.6,0.099167
408.65,0.09625
408.7,0.0975
408.75,0.09625
408.8,0.09375
408.85,0.094167
408.9,0.094167
408.95,0.09375
409,0.092083
409.05,0.091667
409.1,0.092083
409.15,0.094167
409.2,0.092917
409.25,0.09375
409.3,0.095833
409.35,0.096667
409.4,0.09625
409.45,0.0975
409.5,0.09625
409.55,0.09875
409.6,0.097083
409.65,0.095833
409.7,0.096667
409.75,0.09625
409.8,0.09375
409.85,0.093333
409.9,0.092917
409.95,0.09125
410,0.0925
410.05,0.0925
410.1,0.091667
410.15,0.092917
410.2,0.090417
410.25,0.092917
410.3,0.095833
410.35,0.094583
410.4,0.09625
410.45,0.095833
410.5,0.096667
410.55,0.0975
410.6,0.097083
410.65,0.095417
410.7,0.09625
410.75,0.095833
410.8,0.093333
410.85,0.093333
410.9,0.093333
410.95,0.092083
411,0.092083
411.05,0.09
411.1,0.090417
411.15,0.092917
411.2,0.09125
411.25,0.091667
411.3,0.094167
411.35,0.094583
411.4,0.095833
411.45,0.095417
411.5,0.095417
411.55,0.09625
411.6,0.09625
411.65,0.094583
411.7,0.09625
411.75,0.09375
411.8,0.0925
411.85,0.0925
411.9,0.090833
411.95,0.0925
412,0.090417
412.05,0.090417
412.1,0.090417
412.15,0.0925
412.2,0.090417
412.25,0.092083
412.3,0.095
412.35,0.094583
412.4,0.09375
412.45,0.095
412.5,0.095833
412.55,0.096667
412.6,0.09625
412.65,0.093333
412.7,0.09625
412.75,0.094167
412.8,0.093333
412.85,0.090833
412.9,0.090417
412.95,0.090833
413,0.090417
413.05,0.089167
413.1,0.089167
413.15,0.091667
413.2,0.090833
413.25,0.09125
413.3,0.094167
413.35,0.0925
413.4,0.093333
413.45,0.093333
413.5,0.095417
413.55,0.096667
413.6,0.095417
413.65,0.094167
413.7,0.095
413.75,0.09375
413.8,0.092083
413.85,0.090417
413.9,0.090833
413.95,0.090417
414,0.089583
414.05,0.088333
414.1,0.089583
414.15,0.092917
414.2,0.090833
414.25,0.09
414.3,0.09375
414.35,0.093333
414.4,0.0925
414.45,0.09375
414.5,0.095
414.55,0.095417
414.6,0.095417
414.65,0.093333
414.7,0.09375
414.75,0.092917
414.8,0.090417
414.85,0.090833
414.9,0.090833
414.95,0.090833
415,0.088333
415.05,0.0875
415.1,0.090417
415.15,0.090417
415.2,0.089583
415.25,0.089583
415.3,0.09375
415.35,0.093333
415.4,0.093333
415.45,0.094167
415.5,0.094167
415.55,0.09625
415.6,0.094167
415.65,0.093333
415.7,0.094583
415.75,0.093333
415.8,0.090417
415.85,0.09
415.9,0.09125
415.95,0.08875
416,0.089583
416.05,0.087083
416.1,0.088333
416.15,0.089583
416.2,0.089167
416.25,0.090417
416.3,0.092083
416.35,0.0925
416.4,0.092917
416.45,0.09375
416.5,0.092917
416.55,0.093333
416.6,0.094167
416.65,0.091667
416.7,0.092917
416.75,0.092083
416.8,0.089583
416.85,0.09125
416.9,0.090417
416.95,0.09
417,0.087917
417.05,0.0875
417.1,0.088333
417.15,0.090417
417.2,0.087917
417.25,0.089167
417.3,0.0925
417.35,0.091667
417.4,0.090833
417.45,0.091667
417.5,0.092917
417.55,0.094167
417.6,0.093333
417.65,0.090417
417.7,0.093333
417.75,0.092083
417.8,0.08875
417.85,0.090417
417.9,0.089167
417.95,0.08875
418,0.08875
418.05,0.086667
418.1,0.087917
418.15,0.089583
418.2,0.0875
418.25,0.088333
418.3,0.090417
418.35,0.090417
418.4,0.090417
418.45,0.091667
418.5,0.090833
418.55,0.09375
418.6,0.092917
418.65,0.089167
418.7,0.092083
418.75,0.08875
418.8,0.085833
418.85,0.09
418.9,0.087917
418.95,0.086667
419,0.087917
419.05,0.086667
419.1,0.087083
419.15,0.089583
419.2,0.0875
419.25,0.0875
419.3,0.091667
419.35,0.09
419.4,0.090417
419.45,0.091667
419.5,0.09125
419.55,0.0925
419.6,0.09125
419.65,0.090417
419.7,0.090417
419.75,0.090417
419.8,0.087917
419.85,0.088333
419.9,0.0875
419.95,0.0875
420,0.0875
420.05,0.084583
420.1,0.085
420.15,0.0875
420.2,0.08625
420.25,0.086667
420.3,0.090833
420.35,0.089167
420.4,0.090417
420.45,0.090833
420.5,0.09125
420.55,0.0925
420.6,0.09125
420.65,0.089167
420.7,0.0925
420.75,0.089583
420.8,0.0875
420.85,0.0875
420.9,0.086667
420.95,0.08625
421,0.087083
421.05,0.085833
421.1,0.08625
421.15,0.087083
421.2,0.087083
421.25,0.08625
421.3,0.08875
421.35,0.089583
421.4,0.088333
421.45,0.089167
421.5,0.090833
421.55,0.09125
421.6,0.09125
421.65,0.09
421.7,0.090417
421.75,0.089167
421.8,0.08625
421.85,0.087083
421.9,0.087083
421.95,0.085833
422,0.085833
422.05,0.085
422.1,0.084583
422.15,0.087083
422.2,0.085417
422.25,0.08625
422.3,0.090417
422.35,0.089167
422.4,0.089583
422.45,0.09
422.5,0.089583
422.55,0.0925
422.6,0.090417
422.65,0.089583
422.7,0.090417
422.75,0.088333
422.8,0.08625
422.85,0.085833
422.9,0.08625
422.95,0.085417
423,0.084167
423.05,0.083333
423.1,0.085
423.15,0.08625
423.2,0.084167
423.25,0.085833
423.3,0.0875
423.35,0.088333
423.4,0.0875
423.45,0.088333
423.5,0.089583
423.55,0.090833
423.6,0.09
423.65,0.088333
423.7,0.089583
423.75,0.08875
423.8,0.085
423.85,0.085833
423.9,0.085833
423.95,0.08625
424,0.08375
424.05,0.082917
424.1,0.0825
424.15,0.085833
424.2,0.084583
424.25,0.085417
424.3,0.087917
424.35,0.087083
424.4,0.08625
424.45,0.0875
424.5,0.088333
424.55,0.09
424.6,0.09
424.65,0.0875
424.7,0.09
424.75,0.088333
424.8,0.084167
424.85,0.084583
424.9,0.084583
424.95,0.082917
425,0.0825
425.05,0.0825
425.1,0.0825
425.15,0.084583
425.2,0.084167
425.25,0.083333
425.3,0.0875
425.35,0.086667
425.4,0.0875
425.45,0.086667
425.5,0.088333
425.55,0.089583
425.6,0.08875
425.65,0.08625
425.7,0.089583
425.75,0.087083
425.8,0.085
425.85,0.084167
425.9,0.084583
425.95,0.083333
426,0.08375
426.05,0.081667
426.1,0.082083
426.15,0.082917
426.2,0.081667
426.25,0.083333
426.3,0.086667
426.35,0.085833
426.4,0.086667
426.45,0.0875
426.5,0.0875
426.55,0.088333
426.6,0.0875
426.65,0.0875
426.7,0.0875
426.75,0.085833
426.8,0.084167
426.85,0.08375
426.9,0.08375
426.95,0.082917
427,0.082917
427.05,0.083333
427.1,0.080833
427.15,0.082917
427.2,0.08125
427.25,0.08375
427.3,0.086667
427.35,0.08625
427.4,0.085833
427.45,0.087083
427.5,0.08625
427.55,0.08875
427.6,0.088333
427.65,0.085
427.7,0.086667
427.75,0.08625
427.8,0.083333
427.85,0.084167
427.9,0.083333
427.95,0.081667
428,0.081667
428.05,0.080417
428.1,0.081667
428.15,0.08375
428.2,0.081667
428.25,0.082083
428.3,0.084583
428.35,0.084167
428.4,0.084167
428.45,0.08625
428.5,0.085417
428.55,0.088333
428.6,0.086667
428.65,0.085833
428.7,0.08625
428.75,0.086667
428.8,0.08125
428.85,0.082083
428.9,0.083333
428.95,0.08
429,0.08
429.05,0.079167
429.1,0.079583
429.15,0.081667
429.2,0.079583
429.25,0.081667
429.3,0.08375
429.35,0.081667
429.4,0.084167
429.45,0.084167
429.5,0.085417
429.55,0.086667
429.6,0.085417
429.65,0.085417
429.7,0.084583
429.75,0.084167
429.8,0.082917
429.85,0.083333
429.9,0.0825
429.95,0.080833
430,0.080833
430.05,0.080833
430.1,0.08125
430.15,0.082083
430.2,0.08
430.25,0.081667
430.3,0.084167
430.35,0.084167
430.4,0.084167
430.45,0.085417
430.5,0.085417
430.55,0.0875
430.6,0.085417
430.65,0.08375
430.7,0.085417
430.75,0.084583
430.8,0.0825
430.85,0.083333
430.9,0.08125
430.95,0.08125
431,0.08
431.05,0.07875
431.1,0.08
431.15,0.080833
431.2,0.080417
431.25,0.08125
431.3,0.08375
431.35,0.08375
431.4,0.08375
431.45,0.082917
431.5,0.084583
431.55,0.08875
431.6,0.084167
431.65,0.083333
431.7,0.085417
431.75,0.085
431.8,0.080833
431.85,0.0825
431.9,0.081667
431.95,0.080833
432,0.078333
432.05,0.07875
432.1,0.08
432.15,0.08125
432.2,0.08
432.25,0.08125
432.3,0.085417
432.35,0.08375
432.4,0.08375
432.45,0.084167
432.5,0.084583
432.55,0.08625
432.6,0.084167
432.65,0.083333
432.7,0.083333
432.75,0.08375
432.8,0.080417
432.85,0.079583
432.9,0.079583
432.95,0.079583
433,0.077917
433.05,0.078333
433.1,0.078333
433.15,0.079583
433.2,0.078333
433.25,0.07875
433.3,0.081667
433.35,0.082083
433.4,0.082917
433.45,0.084167
433.5,0.084167
433.55,0.08375
433.6,0.083333
433.65,0.082917
433.7,0.085417
433.75,0.08375
433.8,0.081667
433.85,0.081667
433.9,0.08125
433.95,0.079167
434,0.078333
434.05,0.076667
434.1,0.078333
434.15,0.078333
434.2,0.078333
434.25,0.078333
434.3,0.08125
434.35,0.082083
434.4,0.0825
434.45,0.0825
434.5,0.08375
434.55,0.084167
434.6,0.0825
434.65,0.082917
434.7,0.084167
434.75,0.08125
434.8,0.07875
434.85,0.08
434.9,0.080833
434.95,0.079167
435,0.0775
435.05,0.076667
435.1,0.079167
435.15,0.080833
435.2,0.078333
435.25,0.078333
435.3,0.081667
435.35,0.08125
435.4,0.08125
435.45,0.081667
435.5,0.082083
435.55,0.084167
435.6,0.08375
435.65,0.08125
435.7,0.0825
435.75,0.082083
435.8,0.08
435.85,0.079167
435.9,0.08
435.95,0.078333
436,0.07875
436.05,0.075417
436.1,0.077083
436.15,0.078333
436.2,0.07875
436.25,0.0775
436.3,0.08125
436.35,0.080833
436.4,0.08125
436.45,0.08125
436.5,0.082083
436.55,0.084167
436.6,0.0825
436.65,0.081667
436.7,0.0825
436.75,0.081667
436.8,0.077917
436.85,0.07875
436.9,0.078333
436.95,0.078333
437,0.077083
437.05,0.076667
437.1,0.0775
437.15,0.08
437.2,0.075833
437.25,0.0775
437.3,0.080833
437.35,0.07875
437.4,0.08
437.45,0.08125
437.5,0.082083
437.55,0.083333
437.6,0.08125
437.65,0.08
437.7,0.0825
437.75,0.081667
437.8,0.0775
437.85,0.08
437.9,0.079167
437.95,0.076667
438,0.076667
438.05,0.07625
438.1,0.07625
438.15,0.077917
438.2,0.0775
438.25,0.077917
438.3,0.080417
438.35,0.08125
438.4,0.080417
438.45,0.082083
438.5,0.0825
438.55,0.081667
438.6,0.082083
438.65,0.080417
438.7,0.082917
438.75,0.08125
438.8,0.07875
438.85,0.077917
438.9,0.07875
438.95,0.076667
439,0.075833
439.05,0.075833
439.1,0.075417
439.15,0.076667
439.2,0.075
439.25,0.07625
439.3,0.079167
439.35,0.08
439.4,0.079583
439.45,0.081667
439.5,0.08125
439.55,0.08125
439.6,0.08
439.65,0.08
439.7,0.079583
439.75,0.080417
439.8,0.077083
439.85,0.078333
439.9,0.07875
439.95,0.075833
440,0.077917
440.05,0.0775
440.1,0.069583
440.15,0.077917
440.2,0.07625
440.25,0.076667
440.3,0.078333
440.35,0.078333
440.4,0.078333
440.45,0.080417
440.5,0.08125
440.55,0.080833
440.6,0.080833
440.65,0.078333
440.7,0.07875
440.75,0.080833
440.8,0.0775
440.85,0.076667
440.9,0.077083
440.95,0.077083
441,0.075417
441.05,0.074583
441.1,0.075417
441.15,0.075833
441.2,0.075417
441.25,0.075417
441.3,0.078333
441.35,0.077083
441.4,0.078333
441.45,0.08
441.5,0.08125
441.55,0.080833
441.6,0.080833
441.65,0.079167
441.7,0.08125
441.75,0.079583
441.8,0.075833
441.85,0.075417
441.9,0.075833
441.95,0.075
442,0.074167
442.05,0.072917
442.1,0.075
442.15,0.075833
442.2,0.07375
442.25,0.073333
442.3,0.077917
442.35,0.07875
442.4,0.078333
442.45,0.076667
442.5,0.07875
442.55,0.08125
442.6,0.079583
442.65,0.07875
442.7,0.080417
442.75,0.079167
442.8,0.075
442.85,0.077083
442.9,0.075
442.95,0.074167
443,0.073333
443.05,0.0725
443.1,0.074167
443.15,0.075417
443.2,0.0725
443.25,0.074583
443.3,0.0775
443.35,0.077083
443.4,0.0775
443.45,0.078333
443.5,0.078333
443.55,0.078333
443.6,0.078333
443.65,0.0775
443.7,0.078333
443.75,0.078333
443.8,0.075
443.85,0.074167
443.9,0.074583
443.95,0.072917
444,0.075417
444.05,0.073333
444.1,0.073333
444.15,0.075
444.2,0.07375
444.25,0.074167
444.3,0.07875
444.35,0.075417
444.4,0.07625
444.45,0.078333
444.5,0.076667
444.55,0.07875
444.6,0.08
444.65,0.076667
444.7,0.078333
444.75,0.077917
444.8,0.074167
444.85,0.074583
444.9,0.07375
444.95,0.0725
445,0.072083
445.05,0.072917
445.1,0.072917
445.15,0.075
445.2,0.07375
445.25,0.072917
445.3,0.075417
445.35,0.075417
445.4,0.075833
445.45,0.078333
445.5,0.078333
445.55,0.078333
445.6,0.077083
445.65,0.076667
445.7,0.0775
445.75,0.0775
445.8,0.074167
445.85,0.075417
445.9,0.074167
445.95,0.072917
446,0.07375
446.05,0.072083
446.1,0.0725
446.15,0.0725
446.2,0.072083
446.25,0.072917
446.3,0.077083
446.35,0.07625
446.4,0.076667
446.45,0.076667
446.5,0.07875
446.55,0.079167
446.6,0.078333
446.65,0.077083
446.7,0.0775
446.75,0.076667
446.8,0.073333
446.85,0.073333
446.9,0.074167
446.95,0.07375
447,0.072083
447.05,0.070833
447.1,0.072083
447.15,0.072917
447.2,0.072917
447.25,0.072083
447.3,0.07625
447.35,0.075417
447.4,0.074583
447.45,0.075417
447.5,0.077917
447.55,0.078333
447.6,0.07625
447.65,0.075417
447.7,0.078333
447.75,0.076667
447.8,0.073333
447.85,0.073333
447.9,0.074583
447.95,0.072083
448,0.072083
448.05,0.07125
448.1,0.070833
448.15,0.072083
448.2,0.070833
448.25,0.071667
448.3,0.073333
448.35,0.074167
448.4,0.072917
448.45,0.074583
448.5,0.078333
448.55,0.077083
448.6,0.077083
448.65,0.075
448.7,0.077083
448.75,0.073333
448.8,0.0725
448.85,0.0725
448.9,0.072083
448.95,0.071667
449,0.07125
449.05,0.072083
449.1,0.072083
449.15,0.0725
449.2,0.070417
449.25,0.072083
449.3,0.074583
449.35,0.075833
449.4,0.073333
449.45,0.075
449.5,0.075417
449.55,0.076667
449.6,0.075833
449.65,0.073333
449.7,0.075417
449.75,0.075417
449.8,0.071667
449.85,0.0725
449.9,0.0725
449.95,0.07125
450,0.070833
450.05,0.069167
450.1,0.070417
450.15,0.07125
450.2,0.070833
450.25,0.071667
450.3,0.073333
450.35,0.073333
450.4,0.07375
450.45,0.074583
450.5,0.075417
450.55,0.076667
450.6,0.075417
450.65,0.073333
450.7,0.074583
450.75,0.075
450.8,0.0725
450.85,0.072083
450.9,0.072083
450.95,0.072083
451,0.069167
451.05,0.069167
451.1,0.07
451.15,0.072083
451.2,0.070833
451.25,0.072917
451.3,0.07375
451.35,0.07375
451.4,0.07375
451.45,0.07375
451.5,0.074583
451.55,0.075417
451.6,0.07625
451.65,0.074167
451.7,0.075417
451.75,0.074583
451.8,0.071667
451.85,0.0725
451.9,0.072083
451.95,0.071667
452,0.07
452.05,0.07
452.1,0.069167
452.15,0.07
452.2,0.069583
452.25,0.070417
452.3,0.072917
452.35,0.072083
452.4,0.072083
452.45,0.074167
452.5,0.075
452.55,0.075
452.6,0.07375
452.65,0.072917
452.7,0.075417
452.75,0.0725
452.8,0.07125
452.85,0.07
452.9,0.073333
452.95,0.072083
453,0.07
453.05,0.068333
453.1,0.07
453.15,0.07125
453.2,0.069583
453.25,0.070417
453.3,0.072083
453.35,0.071667
453.4,0.0725
453.45,0.07375
453.5,0.075
453.55,0.07375
453.6,0.074167
453.65,0.072917
453.7,0.07625
453.75,0.073333
453.8,0.070417
453.85,0.069583
453.9,0.07125
453.95,0.069167
454,0.067917
454.05,0.067083
454.1,0.068333
454.15,0.07
454.2,0.0675
454.25,0.067917
454.3,0.0725
454.35,0.071667
454.4,0.072083
454.45,0.073333
454.5,0.0725
454.55,0.07375
454.6,0.074583
454.65,0.072083
454.7,0.074583
454.75,0.074583
454.8,0.069583
454.85,0.07
454.9,0.072083
454.95,0.068333
455,0.0675
455.05,0.0675
455.1,0.068333
455.15,0.069167
455.2,0.066667
455.25,0.068333
455.3,0.072917
455.35,0.07
455.4,0.070833
455.45,0.0725
455.5,0.074167
455.55,0.073333
455.6,0.07375
455.65,0.07125
455.7,0.07375
455.75,0.0725
455.8,0.069583
455.85,0.070833
455.9,0.069583
455.95,0.067917
456,0.068333
456.05,0.066667
456.1,0.068333
456.15,0.07
456.2,0.068333
456.25,0.069167
456.3,0.072083
456.35,0.072083
456.4,0.070417
456.45,0.0725
456.5,0.07375
456.55,0.075417
456.6,0.073333
456.65,0.072083
456.7,0.07125
456.75,0.072083
456.8,0.069167
456.85,0.07
456.9,0.07
456.95,0.067917
457,0.068333
457.05,0.064167
457.1,0.065833
457.15,0.06875
457.2,0.06625
457.25,0.0675
457.3,0.069583
457.35,0.07
457.4,0.069167
457.45,0.070833
457.5,0.072083
457.55,0.073333
457.6,0.072083
457.65,0.07125
457.7,0.073333
457.75,0.07125
457.8,0.068333
457.85,0.069583
457.9,0.069583
457.95,0.067917
458,0.066667
458.05,0.06625
458.1,0.0675
458.15,0.069167
458.2,0.066667
458.25,0.0675
458.3,0.070833
458.35,0.070417
458.4,0.06875
458.45,0.069583
458.5,0.069583
458.55,0.0725
458.6,0.07375
458.65,0.0725
458.7,0.073333
458.75,0.071667
458.8,0.067917
458.85,0.069167
458.9,0.069167
458.95,0.067083
459,0.06625
459.05,0.066667
459.1,0.067917
459.15,0.06875
459.2,0.064583
459.25,0.067083
459.3,0.069167
459.35,0.06875
459.4,0.069167
459.45,0.07
459.5,0.071667
459.55,0.0725
459.6,0.071667
459.65,0.07
459.7,0.071667
459.75,0.07125
459.8,0.067917
459.85,0.067917
459.9,0.068333
459.95,0.0675
460,0.06875
460.05,0.065
460.1,0.067083
460.15,0.066667
460.2,0.066667
460.25,0.067083
460.3,0.069167
460.35,0.069167
460.4,0.06875
460.45,0.070417
460.5,0.06875
460.55,0.07
460.6,0.070417
460.65,0.069167
460.7,0.07125
460.75,0.070417
460.8,0.067917
460.85,0.069167
460.9,0.067917
460.95,0.06625
461,0.065
461.05,0.063333
461.1,0.065
461.15,0.06625
461.2,0.06625
461.25,0.06625
461.3,0.06875
461.35,0.068333
461.4,0.075
461.45,0.07
461.5,0.07125
461.55,0.063333
461.6,0.068333
461.65,0.067917
461.7,0.07125
461.75,0.069583
461.8,0.067917
461.85,0.06625
461.9,0.06875
461.95,0.06625
462,0.065833
462.05,0.065
462.1,0.064167
462.15,0.06625
462.2,0.065833
462.25,0.06625
462.3,0.069167
462.35,0.069167
462.4,0.07
462.45,0.070417
462.5,0.07
462.55,0.069583
462.6,0.069583
462.65,0.069167
462.7,0.070833
462.75,0.069583
462.8,0.065
462.85,0.068333
462.9,0.067917
462.95,0.065417
463,0.065417
463.05,0.063333
463.1,0.061667
463.15,0.065417
463.2,0.064583
463.25,0.064583
463.3,0.069167
463.35,0.0675
463.4,0.068333
463.45,0.06875
463.5,0.06875
463.55,0.069167
463.6,0.069583
463.65,0.069167
463.7,0.070417
463.75,0.069167
463.8,0.065
463.85,0.066667
463.9,0.06625
463.95,0.06375
464,0.064167
464.05,0.063333
464.1,0.065417
464.15,0.065
464.2,0.063333
464.25,0.064583
464.3,0.066667
464.35,0.0675
464.4,0.06625
464.45,0.069583
464.5,0.069167
464.55,0.07125
464.6,0.06875
464.65,0.06625
464.7,0.06875
464.75,0.069167
464.8,0.065417
464.85,0.06625
464.9,0.065833
464.95,0.065417
465,0.065
465.05,0.065
465.1,0.06375
465.15,0.065417
465.2,0.064167
465.25,0.06375
465.3,0.067917
465.35,0.0675
465.4,0.066667
465.45,0.068333
465.5,0.069167
465.55,0.07
465.6,0.069583
465.65,0.06625
465.7,0.069167
465.75,0.068333
465.8,0.069167
465.85,0.067083
465.9,0.065833
465.95,0.065833
466,0.065
466.05,0.064167
466.1,0.06375
466.15,0.062917
466.2,0.060833
466.25,0.06375
466.3,0.06625
466.35,0.06625
466.4,0.065833
466.45,0.0675
466.5,0.068333
466.55,0.067917
466.6,0.067917
466.65,0.0675
466.7,0.06875
466.75,0.068333
466.8,0.065
466.85,0.06625
466.9,0.065833
466.95,0.06375
467,0.06375
467.05,0.063333
467.1,0.065417
467.15,0.065417
467.2,0.060417
467.25,0.0625
467.3,0.065833
467.35,0.065833
467.4,0.064583
467.45,0.066667
467.5,0.066667
467.55,0.068333
467.6,0.068333
467.65,0.067083
467.7,0.06875
467.75,0.067083
467.8,0.064167
467.85,0.065
467.9,0.065
467.95,0.064167
468,0.062917
468.05,0.061667
468.1,0.0625
468.15,0.063333
468.2,0.06125
468.25,0.063333
468.3,0.065417
468.35,0.065417
468.4,0.064583
468.45,0.0675
468.5,0.0675
468.55,0.067917
468.6,0.066667
468.65,0.063333
468.7,0.068333
468.75,0.067917
468.8,0.064583
468.85,0.064167
468.9,0.064583
468.95,0.063333
469,0.062917
469.05,0.060417
469.1,0.0625
469.15,0.0625
469.2,0.062083
469.25,0.062917
469.3,0.06625
469.35,0.065417
469.4,0.065833
469.45,0.066667
469.5,0.06875
469.55,0.068333
469.6,0.067083
469.65,0.06625
469.7,0.0675
469.75,0.06625
469.8,0.065417
469.85,0.06375
469.9,0.06375
469.95,0.063333
470,0.064583
470.05,0.063333
470.1,0.062083
470.15,0.06125
470.2,0.059167
470.25,0.065417
470.3,0.065417
470.35,0.065
470.4,0.064583
470.45,0.067917
470.5,0.06875
470.55,0.066667
470.6,0.065833
470.65,0.064167
470.7,0.067083
470.75,0.066667
470.8,0.063333
470.85,0.06375
470.9,0.064583
470.95,0.063333
471,0.061667
471.05,0.06
471.1,0.06
471.15,0.062917
471.2,0.06125
471.25,0.061667
471.3,0.065
471.35,0.064167
471.4,0.065833
471.45,0.066667
471.5,0.06625
471.55,0.06625
471.6,0.06625
471.65,0.067083
471.7,0.067917
471.75,0.066667
471.8,0.063333
471.85,0.064167
471.9,0.063333
471.95,0.062083
472,0.062083
472.05,0.060417
472.1,0.060833
472.15,0.061667
472.2,0.06
472.25,0.061667
472.3,0.065833
472.35,0.064583
472.4,0.064167
472.45,0.06625
472.5,0.065833
472.55,0.064583
472.6,0.064583
472.65,0.064583
472.7,0.0675
472.75,0.067083
472.8,0.063333
472.85,0.06375
472.9,0.063333
472.95,0.062083
473,0.060417
473.05,0.059583
473.1,0.05875
473.15,0.060417
473.2,0.060417
473.25,0.060833
473.3,0.064583
473.35,0.06375
473.4,0.06375
473.45,0.065833
473.5,0.06625
473.55,0.06625
473.6,0.065833
473.65,0.064583
473.7,0.06625
473.75,0.064167
473.8,0.060833
473.85,0.0625
473.9,0.063333
473.95,0.06
474,0.060833
474.05,0.06
474.1,0.059583
474.15,0.059583
474.2,0.059167
474.25,0.06375
474.3,0.06625
474.35,0.063333
474.4,0.063333
474.45,0.06625
474.5,0.064583
474.55,0.06625
474.6,0.06625
474.65,0.062917
474.7,0.06625
474.75,0.06625
474.8,0.061667
474.85,0.0625
474.9,0.062083
474.95,0.060417
475,0.060833
475.05,0.058333
475.1,0.05875
475.15,0.060417
475.2,0.059167
475.25,0.060417
475.3,0.065417
475.35,0.0625
475.4,0.064167
475.45,0.064583
475.5,0.065833
475.55,0.067083
475.6,0.0675
475.65,0.064583
475.7,0.065833
475.75,0.064583
475.8,0.062083
475.85,0.06125
475.9,0.062917
475.95,0.060417
476,0.061667
476.05,0.06
476.1,0.06
476.15,0.060417
476.2,0.0575
476.25,0.059167
476.3,0.063333
476.35,0.061667
476.4,0.061667
476.45,0.065
476.5,0.065833
476.55,0.065833
476.6,0.064167
476.65,0.0625
476.7,0.06375
476.75,0.064167
476.8,0.0625
476.85,0.06125
476.9,0.0625
476.95,0.06
477,0.059583
477.05,0.0575
477.1,0.057083
477.15,0.059167
477.2,0.05875
477.25,0.06
477.3,0.062917
477.35,0.062083
477.4,0.062917
477.45,0.06375
477.5,0.06375
477.55,0.064167
477.6,0.06375
477.65,0.064583
477.7,0.064583
477.75,0.062917
477.8,0.06
477.85,0.060417
477.9,0.060833
477.95,0.05875
478,0.056667
478.05,0.05625
478.1,0.058333
478.15,0.060833
478.2,0.058333
478.25,0.059167
478.3,0.06125
478.35,0.0625
478.4,0.062083
478.45,0.062917
478.5,0.063333
478.55,0.062917
478.6,0.063333
478.65,0.062917
478.7,0.064583
478.75,0.06625
478.8,0.0575
478.85,0.060417
478.9,0.06125
478.95,0.059167
479,0.057917
479.05,0.057083
479.1,0.057917
479.15,0.05875
479.2,0.058333
479.25,0.05875
479.3,0.060833
479.35,0.059583
479.4,0.060417
479.45,0.062083
479.5,0.064167
479.55,0.061667
479.6,0.060833
479.65,0.062917
479.7,0.064167
479.75,0.06375
479.8,0.059583
479.85,0.059583
479.9,0.061667
479.95,0.060833
480,0.057083
480.05,0.055833
480.1,0.056667
480.15,0.057083
480.2,0.058333
480.25,0.058333
480.3,0.060833
480.35,0.06
480.4,0.06
480.45,0.061667
480.5,0.061667
480.55,0.062917
480.6,0.064583
480.65,0.063333
480.7,0.064583
480.75,0.063333
480.8,0.06
480.85,0.06
480.9,0.06
480.95,0.0575
481,0.0575
481.05,0.057917
481.1,0.058333
481.15,0.05875
481.2,0.057917
481.25,0.056667
481.3,0.060833
481.35,0.06
481.4,0.06
481.45,0.06125
481.5,0.062083
481.55,0.063333
481.6,0.062083
481.65,0.06125
481.7,0.061667
481.75,0.062083
481.8,0.059583
481.85,0.059167
481.9,0.059167
481.95,0.057083
482,0.056667
482.05,0.05625
482.1,0.057917
482.15,0.05875
482.2,0.056667
482.25,0.057917
482.3,0.061667
482.35,0.05875
482.4,0.059167
482.45,0.06125
482.5,0.060833
482.55,0.06125
482.6,0.06
482.65,0.060417
482.7,0.0625
482.75,0.06125
482.8,0.057917
482.85,0.06
482.9,0.060833
482.95,0.055833
483,0.05625
483.05,0.05625
483.1,0.057917
483.15,0.056667
483.2,0.054583
483.25,0.057083
483.3,0.060417
483.35,0.06
483.4,0.059583
483.45,0.062083
483.5,0.061667
483.55,0.06125
483.6,0.06125
483.65,0.060417
483.7,0.06125
483.75,0.060833
483.8,0.0575
483.85,0.058333
483.9,0.0575
483.95,0.058333
484,0.057083
484.05,0.056667
484.1,0.05625
484.15,0.056667
484.2,0.055833
484.25,0.056667
484.3,0.05875
484.35,0.057083
484.4,0.05875
484.45,0.060417
484.5,0.060417
484.55,0.060833
484.6,0.062083
484.65,0.061667
484.7,0.061667
484.75,0.060417
484.8,0.0575
484.85,0.057917
484.9,0.059167
484.95,0.057083
485,0.056667
485.05,0.057083
485.1,0.0575
485.15,0.057083
485.2,0.054167
485.25,0.054583
485.3,0.05875
485.35,0.059167
485.4,0.058333
485.45,0.059583
485.5,0.061667
485.55,0.064167
485.6,0.061667
485.65,0.05875
485.7,0.05875
485.75,0.05875
485.8,0.057083
485.85,0.057083
485.9,0.057083
485.95,0.056667
486,0.05625
486.05,0.055833
486.1,0.056667
486.15,0.057083
486.2,0.05375
486.25,0.055417
486.3,0.059583
486.35,0.059167
486.4,0.057917
486.45,0.060417
486.5,0.061667
486.55,0.060833
486.6,0.060417
486.65,0.057917
486.7,0.059583
486.75,0.060417
486.8,0.057083
486.85,0.057083
486.9,0.057083
486.95,0.055833
487,0.05625
487.05,0.055
487.1,0.05375
487.15,0.054583
487.2,0.04875
487.25,0.056667
487.3,0.057083
487.35,0.057917
487.4,0.059167
487.45,0.06
487.5,0.06
487.55,0.06
487.6,0.060417
487.65,0.06
487.7,0.06125
487.75,0.060417
487.8,0.05625
487.85,0.057917
487.9,0.058333
487.95,0.055833
488,0.054583
488.05,0.055417
488.1,0.057083
488.15,0.055417
488.2,0.054583
488.25,0.054583
488.3,0.05875
488.35,0.058333
488.4,0.058333
488.45,0.0575
488.5,0.06
488.55,0.06125
488.6,0.060417
488.65,0.059583
488.7,0.059583
488.75,0.06
488.8,0.057083
488.85,0.057083
488.9,0.057083
488.95,0.055833
489,0.055833
489.05,0.054167
489.1,0.054167
489.15,0.05625
489.2,0.053333
489.25,0.055
489.3,0.0575
489.35,0.0575
489.4,0.056667
489.45,0.05875
489.5,0.060417
489.55,0.06
489.6,0.05875
489.65,0.059167
489.7,0.06
489.75,0.059583
489.8,0.0575
489.85,0.057083
489.9,0.057917
489.95,0.05625
490,0.055417
490.05,0.054167
490.1,0.054167
490.15,0.055
490.2,0.054167
490.25,0.054167
490.3,0.0575
490.35,0.05625
490.4,0.057083
490.45,0.059167
490.5,0.06
490.55,0.058333
490.6,0.059583
490.65,0.059583
490.7,0.059583
490.75,0.059583
490.8,0.056667
490.85,0.05625
490.9,0.055833
490.95,0.052917
491,0.0525
491.05,0.055
491.1,0.054167
491.15,0.055833
491.2,0.05375
491.25,0.05375
491.3,0.056667
491.35,0.058333
491.4,0.055417
491.45,0.057083
491.5,0.057917
491.55,0.06
491.6,0.059167
491.65,0.0575
491.7,0.059167
491.75,0.05875
491.8,0.057083
491.85,0.05625
491.9,0.057083
491.95,0.054167
492,0.054583
492.05,0.05375
492.1,0.054167
492.15,0.054167
492.2,0.05125
492.25,0.05375
492.3,0.057083
492.35,0.05625
492.4,0.057083
492.45,0.059167
492.5,0.059583
492.55,0.059583
492.6,0.057083
492.65,0.059167
492.7,0.059167
492.75,0.059583
492.8,0.055
492.85,0.056667
492.9,0.0575
492.95,0.05375
493,0.05375
493.05,0.052917
493.1,0.0525
493.15,0.054167
493.2,0.05125
493.25,0.053333
493.3,0.055417
493.35,0.055
493.4,0.055417
493.45,0.0575
493.5,0.0575
493.55,0.057917
493.6,0.059583
493.65,0.056667
493.7,0.0575
493.75,0.057083
493.8,0.055833
493.85,0.056667
493.9,0.05625
493.95,0.054167
494,0.054583
494.05,0.0525
494.1,0.05125
494.15,0.054167
494.2,0.051667
494.25,0.05375
494.3,0.057917
494.35,0.055
494.4,0.055833
494.45,0.058333
494.5,0.059583
494.55,0.059167
494.6,0.0575
494.65,0.055417
494.7,0.05875
494.75,0.059167
494.8,0.055833
494.85,0.055833
494.9,0.056667
494.95,0.054583
495,0.055
495.05,0.054167
495.1,0.051667
495.15,0.052917
495.2,0.050417
495.25,0.053333
495.3,0.05625
495.35,0.054167
495.4,0.054583
495.45,0.057917
495.5,0.05625
495.55,0.055833
495.6,0.056667
495.65,0.057083
495.7,0.05875
495.75,0.059583
495.8,0.057083
495.85,0.05375
495.9,0.055
495.95,0.052083
496,0.052917
496.05,0.052083
496.1,0.053333
496.15,0.052917
496.2,0.051667
496.25,0.0525
496.3,0.054583
496.35,0.055
496.4,0.055417
496.45,0.056667
496.5,0.05625
496.55,0.0575
496.6,0.056667
496.65,0.056667
496.7,0.057083
496.75,0.056667
496.8,0.054167
496.85,0.05375
496.9,0.05375
496.95,0.052083
497,0.054167
497.05,0.05375
497.1,0.053333
497.15,0.052083
497.2,0.05
497.25,0.05125
497.3,0.054167
497.35,0.05375
497.4,0.05375
497.45,0.057083
497.5,0.057083
497.55,0.05625
497.6,0.054583
497.65,0.056667
497.7,0.057083
497.75,0.05625
497.8,0.053333
497.85,0.054167
497.9,0.055
497.95,0.052917
498,0.051667
498.05,0.050417
498.1,0.05125
498.15,0.054167
498.2,0.05125
498.25,0.050833
498.3,0.054167
498.35,0.054583
498.4,0.053333
498.45,0.055417
498.5,0.05625
498.55,0.055833
498.6,0.05625
498.65,0.057083
498.7,0.057083
498.75,0.05625
498.8,0.054167
498.85,0.054167
498.9,0.054167
498.95,0.05125
499,0.052083
499.05,0.05375
499.1,0.054167
499.15,0.052917
499.2,0.049583
499.25,0.05
499.3,0.054167
499.35,0.054167
499.4,0.053333
499.45,0.055
499.5,0.057083
499.55,0.05875
499.6,0.057083
499.65,0.055417
499.7,0.054167
499.75,0.054583
499.8,0.053333
499.85,0.054167
499.9,0.052917
499.95,0.051667
500,0.052917
500.05,0.051667
500.1,0.050833
500.15,0.045833
500.2,0.047917
500.25,0.050833
500.3,0.055417
500.35,0.052917
500.4,0.0525
500.45,0.055417
500.5,0.056667
500.55,0.055
500.6,0.054583
500.65,0.054167
500.7,0.057917
500.75,0.05625
500.8,0.052917
500.85,0.052917
500.9,0.054167
500.95,0.05125
501,0.05125
501.05,0.050833
501.1,0.05125
501.15,0.05125
501.2,0.050833
501.25,0.05
501.3,0.053333
501.35,0.05375
501.4,0.052917
501.45,0.055
501.5,0.055417
501.55,0.055417
501.6,0.054167
501.65,0.052917
501.7,0.05625
501.75,0.055417
501.8,0.05375
501.85,0.052083
501.9,0.052917
501.95,0.051667
502,0.050417
502.05,0.05
502.1,0.05
502.15,0.05
502.2,0.047917
502.25,0.050417
502.3,0.052083
502.35,0.05375
502.4,0.052917
502.45,0.055
502.5,0.055417
502.55,0.054583
502.6,0.054583
502.65,0.053333
502.7,0.055
502.75,0.054583
502.8,0.0525
502.85,0.052917
502.9,0.054167
502.95,0.05125
503,0.05125
503.05,0.04875
503.1,0.049583
503.15,0.051667
503.2,0.051667
503.25,0.05125
503.3,0.053333
503.35,0.05125
503.4,0.051667
503.45,0.054583
503.5,0.05375
503.55,0.054583
503.6,0.054167
503.65,0.054167
503.7,0.0575
503.75,0.055
503.8,0.052917
503.85,0.0525
503.9,0.052917
503.95,0.050833
504,0.050417
504.05,0.050417
504.1,0.050417
504.15,0.04875
504.2,0.049167
504.25,0.04875
504.3,0.051667
504.35,0.051667
504.4,0.0525
504.45,0.0525
504.5,0.05375
504.55,0.054167
504.6,0.052083
504.65,0.053333
504.7,0.05625
504.75,0.055417
504.8,0.052083
504.85,0.052083
504.9,0.052083
504.95,0.051667
505,0.05
505.05,0.04875
505.1,0.047083
505.15,0.050417
505.2,0.049583
505.25,0.05125
505.3,0.052917
505.35,0.050833
505.4,0.052917
505.45,0.054583
505.5,0.054167
505.55,0.053333
505.6,0.053333
505.65,0.055
505.7,0.05625
505.75,0.055417
505.8,0.052083
505.85,0.05125
505.9,0.05125
505.95,0.049583
506,0.049167
506.05,0.049167
506.1,0.049583
506.15,0.049583
506.2,0.049583
506.25,0.049583
506.3,0.052083
506.35,0.0525
506.4,0.050417
506.45,0.053333
506.5,0.054583
506.55,0.054167
506.6,0.054167
506.65,0.053333
506.7,0.055
506.75,0.054583
506.8,0.050833
506.85,0.052083
506.9,0.051667
506.95,0.049583
507,0.048333
507.05,0.049167
507.1,0.049583
507.15,0.049167
507.2,0.047917
507.25,0.049167
507.3,0.0525
507.35,0.051667
507.4,0.051667
507.45,0.053333
507.5,0.053333
507.55,0.052917
507.6,0.05125
507.65,0.052083
507.7,0.053333
507.75,0.054167
507.8,0.05125
507.85,0.05125
507.9,0.05125
507.95,0.047917
508,0.048333
508.05,0.04875
508.1,0.048333
508.15,0.049167
508.2,0.047917
508.25,0.04875
508.3,0.05125
508.35,0.05
508.4,0.050417
508.45,0.052083
508.5,0.0525
508.55,0.053333
508.6,0.055
508.65,0.054167
508.7,0.055
508.75,0.054167
508.8,0.050417
508.85,0.0525
508.9,0.05125
508.95,0.047917
509,0.05
509.05,0.05125
509.1,0.049167
509.15,0.048333
509.2,0.047917
509.25,0.04875
509.3,0.051667
509.35,0.050833
509.4,0.05
509.45,0.052917
509.5,0.054167
509.55,0.05375
509.6,0.054167
509.65,0.05125
509.7,0.0525
509.75,0.053333
509.8,0.049583
509.85,0.050833
509.9,0.05125
509.95,0.048333
510,0.048333
510.05,0.047917
510.1,0.048333
510.15,0.04625
510.2,0.047083
510.25,0.0475
510.3,0.052083
510.35,0.05125
510.4,0.05
510.45,0.052917
510.5,0.052917
510.55,0.052917
510.6,0.0525
510.65,0.052083
510.7,0.05375
510.75,0.05375
510.8,0.050833
510.85,0.050417
510.9,0.052083
510.95,0.047917
511,0.0475
511.05,0.047917
511.1,0.049583
511.15,0.049167
511.2,0.047083
511.25,0.0475
511.3,0.050417
511.35,0.05
511.4,0.04875
511.45,0.05125
511.5,0.052083
511.55,0.0525
511.6,0.054167
511.65,0.05375
511.7,0.055
511.75,0.051667
511.8,0.049583
511.85,0.051667
511.9,0.05125
511.95,0.047917
512,0.04875
512.05,0.047917
512.1,0.047083
512.15,0.048333
512.2,0.047083
512.25,0.047917
512.3,0.049583
512.35,0.049583
512.4,0.049167
512.45,0.050417
512.5,0.050417
512.55,0.050833
512.6,0.052917
512.65,0.05125
512.7,0.0525
512.75,0.051667
512.8,0.047917
512.85,0.05
512.9,0.049167
512.95,0.045
513,0.045833
513.05,0.047917
513.1,0.047917
513.15,0.047917
513.2,0.045833
513.25,0.04625
513.3,0.049583
513.35,0.04875
513.4,0.04875
513.45,0.05125
513.5,0.05125
513.55,0.050417
513.6,0.05125
513.65,0.051667
513.7,0.05375
513.75,0.05375
513.8,0.04875
513.85,0.050417
513.9,0.050833
513.95,0.0475
514,0.04625
514.05,0.047083
514.1,0.046667
514.15,0.048333
514.2,0.045833
514.25,0.045833
514.3,0.049167
514.35,0.048333
514.4,0.048333
514.45,0.05
514.5,0.050833
514.55,0.050833
514.6,0.05125
514.65,0.050417
514.7,0.052917
514.75,0.052083
514.8,0.049167
514.85,0.049167
514.9,0.05125
514.95,0.047083
515,0.04625
515.05,0.045833
515.1,0.044583
515.15,0.04375
515.2,0.04625
515.25,0.0475
515.3,0.047917
515.35,0.047917
515.4,0.049167
515.45,0.05125
515.5,0.050417
515.55,0.049167
515.6,0.049583
515.65,0.05125
515.7,0.052917
515.75,0.051667
515.8,0.047917
515.85,0.047917
515.9,0.049167
515.95,0.045
516,0.045417
516.05,0.04625
516.1,0.045833
516.15,0.04625
516.2,0.045
516.25,0.045
516.3,0.047917
516.35,0.047917
516.4,0.047917
516.45,0.05125
516.5,0.051667
516.55,0.05
516.6,0.05
516.65,0.04875
516.7,0.051667
516.75,0.051667
516.8,0.049167
516.85,0.047917
516.9,0.049167
516.95,0.048333
517,0.045833
517.05,0.045
517.1,0.045
517.15,0.046667
517.2,0.045833
517.25,0.044583
517.3,0.050417
517.35,0.05
517.4,0.047917
517.45,0.04875
517.5,0.049167
517.55,0.050833
517.6,0.050833
517.65,0.050833
517.7,0.05125
517.75,0.05
517.8,0.047917
517.85,0.0475
517.9,0.04875
517.95,0.047083
518,0.045
518.05,0.045
518.1,0.047083
518.15,0.0475
518.2,0.04375
518.25,0.044583
518.3,0.047917
518.35,0.047917
518.4,0.04625
518.45,0.049167
518.5,0.049583
518.55,0.049583
518.6,0.05125
518.65,0.050417
518.7,0.049583
518.75,0.05
518.8,0.04625
518.85,0.049167
518.9,0.047917
518.95,0.045
519,0.045
519.05,0.045417
519.1,0.045833
519.15,0.045833
519.2,0.044167
519.25,0.044167
519.3,0.0475
519.35,0.047083
519.4,0.047917
519.45,0.05
519.5,0.05
519.55,0.049167
519.6,0.049167
519.65,0.049167
519.7,0.050417
519.75,0.05125
519.8,0.047917
519.85,0.047917
519.9,0.04875
519.95,0.045417
520,0.045417
520.05,0.047083
520.1,0.045417
520.15,0.04625
520.2,0.045417
520.25,0.042917
520.3,0.046667
520.35,0.046667
520.4,0.045417
520.45,0.048333
520.5,0.04875
520.55,0.050417
520.6,0.050417
520.65,0.049167
520.7,0.05
520.75,0.04875
520.8,0.046667
520.85,0.0475
520.9,0.048333
520.95,0.045
521,0.045
521.05,0.044583
521.1,0.042083
521.15,0.04375
521.2,0.043333
521.25,0.045
521.3,0.047917
521.35,0.047083
521.4,0.04625
521.45,0.049583
521.5,0.050833
521.55,0.047917
521.6,0.050417
521.65,0.042083
521.7,0.05
521.75,0.05125
521.8,0.046667
521.85,0.047083
521.9,0.0475
521.95,0.045
522,0.045417
522.05,0.045
522.1,0.04375
522.15,0.042083
522.2,0.044167
522.25,0.044167
522.3,0.047083
522.35,0.047083
522.4,0.045833
522.45,0.04875
522.5,0.048333
522.55,0.047917
522.6,0.049583
522.65,0.04875
522.7,0.050833
522.75,0.05
522.8,0.0475
522.85,0.047083
522.9,0.047917
522.95,0.045
523,0.044167
523.05,0.044167
523.1,0.044167
523.15,0.045
523.2,0.044583
523.25,0.044167
523.3,0.046667
523.35,0.04625
523.4,0.0475
523.45,0.04875
523.5,0.047917
523.55,0.04875
523.6,0.048333
523.65,0.04875
523.7,0.050833
523.75,0.04875
523.8,0.0475
523.85,0.047917
523.9,0.048333
523.95,0.045
524,0.045
524.05,0.044583
524.1,0.043333
524.15,0.045
524.2,0.043333
524.25,0.044583
524.3,0.04875
524.35,0.0475
524.4,0.045833
524.45,0.047917
524.5,0.047917
524.55,0.04875
524.6,0.049583
524.65,0.047917
524.7,0.049167
524.75,0.04875
524.8,0.04625
524.85,0.0475
524.9,0.045417
524.95,0.045417
525,0.0425
525.05,0.043333
525.1,0.04375
525.15,0.0425
525.2,0.043333
525.25,0.044167
525.3,0.046667
525.35,0.04625
525.4,0.045417
525.45,0.048333
525.5,0.04875
525.55,0.047917
525.6,0.047917
525.65,0.047917
525.7,0.046667
525.75,0.048333
525.8,0.045833
525.85,0.047917
525.9,0.049583
525.95,0.045
526,0.045
526.05,0.041667
526.1,0.04375
526.15,0.04375
526.2,0.041667
526.25,0.042917
526.3,0.04625
526.35,0.045417
526.4,0.045
526.45,0.04625
526.5,0.047917
526.55,0.047917
526.6,0.0475
526.65,0.0475
526.7,0.047917
526.75,0.047083
526.8,0.04625
526.85,0.04625
526.9,0.045833
526.95,0.04375
527,0.04375
527.05,0.0425
527.1,0.042083
527.15,0.04375
527.2,0.04125
527.25,0.042917
527.3,0.045417
527.35,0.045
527.4,0.044583
527.45,0.047083
527.5,0.048333
527.55,0.047917
527.6,0.046667
527.65,0.046667
527.7,0.048333
527.75,0.048333
527.8,0.045417
527.85,0.046667
527.9,0.044583
527.95,0.045
528,0.042083
528.05,0.0425
528.1,0.040833
528.15,0.045
528.2,0.045
528.25,0.044167
528.3,0.045
528.35,0.045
528.4,0.045
528.45,0.0475
528.5,0.045833
528.55,0.045
528.6,0.047917
528.65,0.049583
528.7,0.049167
528.75,0.048333
528.8,0.044167
528.85,0.045417
528.9,0.046667
528.95,0.042917
529,0.0425
529.05,0.042917
529.1,0.043333
529.15,0.045
529.2,0.042083
529.25,0.0425
529.3,0.045
529.35,0.04625
529.4,0.045
529.45,0.047917
529.5,0.04875
529.55,0.047917
529.6,0.0475
529.65,0.047917
529.7,0.047917
529.75,0.04875
529.8,0.045
529.85,0.04625
529.9,0.046667
529.95,0.0425
530,0.044583
530.05,0.04375
530.1,0.042083
530.15,0.0425
530.2,0.041667
530.25,0.0425
530.3,0.042083
530.35,0.043333
530.4,0.04375
530.45,0.047917
530.5,0.047083
530.55,0.045417
530.6,0.04625
530.65,0.047083
530.7,0.048333
530.75,0.04875
530.8,0.045417
530.85,0.045833
530.9,0.045833
530.95,0.042083
531,0.042083
531.05,0.041667
531.1,0.0425
531.15,0.0425
531.2,0.0425
531.25,0.042083
531.3,0.044583
531.35,0.043333
531.4,0.04375
531.45,0.047917
531.5,0.046667
531.55,0.04625
531.6,0.047083
531.65,0.0475
531.7,0.047917
531.75,0.048333
531.8,0.04375
531.85,0.044583
531.9,0.045417
531.95,0.042083
532,0.042083
532.05,0.044167
532.1,0.043333
532.15,0.041667
532.2,0.039583
532.25,0.03875
532.3,0.04375
532.35,0.045
532.4,0.042917
532.45,0.044583
532.5,0.047917
532.55,0.0475
532.6,0.047083
532.65,0.045
532.7,0.044167
532.75,0.04625
532.8,0.04375
532.85,0.044583
532.9,0.045
532.95,0.042083
533,0.04375
533.05,0.042083
533.1,0.042083
533.15,0.040417
533.2,0.039167
533.25,0.04
533.3,0.045
533.35,0.043333
533.4,0.042917
533.45,0.046667
533.5,0.046667
533.55,0.0475
533.6,0.0475
533.65,0.045417
533.7,0.0475
533.75,0.046667
533.8,0.044583
533.85,0.044583
533.9,0.044583
533.95,0.040833
534,0.041667
534.05,0.04125
534.1,0.042083
534.15,0.042083
534.2,0.042083
534.25,0.041667
534.3,0.044167
534.35,0.042917
534.4,0.044167
534.45,0.04625
534.5,0.048333
534.55,0.047917
534.6,0.047083
534.65,0.044167
534.7,0.0475
534.75,0.046667
534.8,0.045
534.85,0.045
534.9,0.044583
534.95,0.042083
535,0.042083
535.05,0.042083
535.1,0.042083
535.15,0.042083
535.2,0.040833
535.25,0.04125
535.3,0.041667
535.35,0.042917
535.4,0.0425
535.45,0.044583
535.5,0.045
535.55,0.044167
535.6,0.045
535.65,0.045417
535.7,0.046667
535.75,0.045833
535.8,0.04375
535.85,0.042083
535.9,0.04375
535.95,0.04125
536,0.040417
536.05,0.041667
536.1,0.042083
536.15,0.040417
536.2,0.039167
536.25,0.039167
536.3,0.04375
536.35,0.0425
536.4,0.042083
536.45,0.045417
536.5,0.045833
536.55,0.045417
536.6,0.044167
536.65,0.043333
536.7,0.046667
536.75,0.047083
536.8,0.044583
536.85,0.04375
536.9,0.044167
536.95,0.0425
537,0.04125
537.05,0.039167
537.1,0.039583
537.15,0.039167
537.2,0.040417
537.25,0.042083
537.3,0.04375
537.35,0.0425
537.4,0.042083
537.45,0.045417
537.5,0.04375
537.55,0.044167
537.6,0.044583
537.65,0.045
537.7,0.046667
537.75,0.047917
537.8,0.044167
537.85,0.044167
537.9,0.044167
537.95,0.042083
538,0.04
538.05,0.041667
538.1,0.041667
538.15,0.042083
538.2,0.04
538.25,0.040417
538.3,0.042917
538.35,0.042083
538.4,0.043333
538.45,0.044583
538.5,0.044167
538.55,0.045
538.6,0.045
538.65,0.044583
538.7,0.045
538.75,0.0425
538.8,0.04375
538.85,0.043333
538.9,0.043333
538.95,0.04125
539,0.040417
539.05,0.04125
539.1,0.039583
539.15,0.04125
539.2,0.038333
539.25,0.039167
539.3,0.042917
539.35,0.0425
539.4,0.04125
539.45,0.044167
539.5,0.044167
539.55,0.04375
539.6,0.043333
539.65,0.043333
539.7,0.047083
539.75,0.045417
539.8,0.0425
539.85,0.042917
539.9,0.044583
539.95,0.041667
540,0.041667
540.05,0.040417
540.1,0.037917
540.15,0.042083
540.2,0.039167
540.25,0.04
540.3,0.0425
540.35,0.042917
540.4,0.041667
540.45,0.045417
540.5,0.045
540.55,0.043333
540.6,0.043333
540.65,0.043333
540.7,0.0475
540.75,0.044167
540.8,0.042083
540.85,0.04375
540.9,0.0425
540.95,0.040417
541,0.04
541.05,0.040417
541.1,0.040417
541.15,0.040417
541.2,0.039583
541.25,0.039583
541.3,0.042917
541.35,0.040417
541.4,0.040417
541.45,0.042917
541.5,0.044167
541.55,0.04375
541.6,0.044167
541.65,0.043333
541.7,0.04375
541.75,0.044583
541.8,0.040833
541.85,0.041667
541.9,0.042083
541.95,0.039167
542,0.039167
542.05,0.039583
542.1,0.039583
542.15,0.04
542.2,0.03875
542.25,0.037917
542.3,0.040833
542.35,0.04125
542.4,0.040417
542.45,0.043333
542.5,0.04375
542.55,0.044167
542.6,0.045
542.65,0.04375
542.7,0.043333
542.75,0.044167
542.8,0.042083
542.85,0.042083
542.9,0.04375
542.95,0.040417
543,0.039167
543.05,0.040417
543.1,0.039583
543.15,0.04125
543.2,0.039583
543.25,0.036667
543.3,0.040833
543.35,0.040417
543.4,0.04
543.45,0.044167
543.5,0.044583
543.55,0.04375
543.6,0.044167
543.65,0.04375
543.7,0.042917
543.75,0.04375
543.8,0.041667
543.85,0.042917
543.9,0.0425
543.95,0.039583
544,0.038333
544.05,0.04
544.1,0.04
544.15,0.039167
544.2,0.037917
544.25,0.038333
544.3,0.040833
544.35,0.041667
544.4,0.040417
544.45,0.0425
544.5,0.04375
544.55,0.04375
544.6,0.04375
544.65,0.044583
544.7,0.04375
544.75,0.043333
544.8,0.042917
544.85,0.042083
544.9,0.04125
544.95,0.039167
545,0.039167
545.05,0.040833
545.1,0.041667
545.15,0.040833
545.2,0.037917
545.25,0.03625
545.3,0.04
545.35,0.039583
545.4,0.04
545.45,0.042917
545.5,0.042917
545.55,0.042917
545.6,0.045
545.65,0.045
545.7,0.045
545.75,0.042917
545.8,0.040417
545.85,0.043333
545.9,0.042083
545.95,0.03875
546,0.037083
546.05,0.039167
546.1,0.04
546.15,0.040417
546.2,0.0375
546.25,0.0375
546.3,0.04
546.35,0.039583
546.4,0.039167
546.45,0.042083
546.5,0.042083
546.55,0.044583
546.6,0.045
546.65,0.04375
546.7,0.04375
546.75,0.042083
546.8,0.040833
546.85,0.04125
546.9,0.043333
546.95,0.03875
547,0.038333
547.05,0.039583
547.1,0.039167
547.15,0.039583
547.2,0.037083
547.25,0.037083
547.3,0.039583
547.35,0.040417
547.4,0.04125
547.45,0.042083
547.5,0.040417
547.55,0.042917
547.6,0.043333
547.65,0.044583
547.7,0.045417
547.75,0.043333
547.8,0.039583
547.85,0.042083
547.9,0.040833
547.95,0.03875
548,0.0375
548.05,0.038333
548.1,0.037083
548.15,0.039167
548.2,0.037083
548.25,0.03625
548.3,0.04
548.35,0.039167
548.4,0.039167
548.45,0.042083
548.5,0.042083
548.55,0.042083
548.6,0.043333
548.65,0.0425
548.7,0.042917
548.75,0.04375
548.8,0.039167
548.85,0.04
548.9,0.04125
548.95,0.039583
549,0.037917
549.05,0.037083
549.1,0.0375
549.15,0.03875
549.2,0.038333
549.25,0.037917
549.3,0.039583
549.35,0.039583
549.4,0.039167
549.45,0.042083
549.5,0.040833
549.55,0.042083
549.6,0.041667
549.65,0.042083
549.7,0.044167
549.75,0.045
549.8,0.040417
549.85,0.040417
549.9,0.040833
549.95,0.03875
550,0.0375
550.05,0.037083
550.1,0.037083
550.15,0.039167
550.2,0.038333
550.25,0.037083
550.3,0.039167
550.35,0.039167
550.4,0.037917
550.45,0.0425
550.5,0.042083
550.55,0.040833
550.6,0.042083
550.65,0.041667
550.7,0.044583
550.75,0.044583
550.8,0.039167
550.85,0.039167
550.9,0.039583
550.95,0.037083
551,0.035833
551.05,0.0375
551.1,0.035833
551.15,0.035833
551.2,0.037083
551.25,0.037083
551.3,0.03875
551.35,0.037917
551.4,0.0375
551.45,0.04125
551.5,0.040417
551.55,0.040417
551.6,0.042083
551.65,0.042083
551.7,0.042083
551.75,0.039583
551.8,0.039167
551.85,0.039167
551.9,0.04
551.95,0.036667
552,0.037917
552.05,0.035833
552.1,0.03625
552.15,0.036667
552.2,0.035833
552.25,0.035417
552.3,0.039167
552.35,0.037917
552.4,0.03875
552.45,0.040417
552.5,0.042083
552.55,0.040417
552.6,0.041667
552.65,0.040833
552.7,0.042083
552.75,0.042083
552.8,0.04
552.85,0.04
552.9,0.039583
552.95,0.038333
553,0.038333
553.05,0.038333
553.1,0.03625
553.15,0.037083
553.2,0.035833
553.25,0.037083
553.3,0.039583
553.35,0.03875
553.4,0.037917
553.45,0.040417
553.5,0.042917
553.55,0.040833
553.6,0.039583
553.65,0.039583
553.7,0.0425
553.75,0.04375
553.8,0.04125
553.85,0.039167
553.9,0.040833
553.95,0.03875
554,0.037917
554.05,0.0375
554.1,0.036667
554.15,0.036667
554.2,0.035833
554.25,0.03625
554.3,0.039583
554.35,0.03875
554.4,0.037917
554.45,0.041667
554.5,0.0425
554.55,0.042083
554.6,0.040833
554.65,0.040833
554.7,0.041667
554.75,0.040833
554.8,0.039167
554.85,0.039583
554.9,0.039167
554.95,0.036667
555,0.037917
555.05,0.036667
555.1,0.034583
555.15,0.035833
555.2,0.034583
555.25,0.035833
555.3,0.038333
555.35,0.0375
555.4,0.037083
555.45,0.040833
555.5,0.04125
555.55,0.040833
555.6,0.039167
555.65,0.040417
555.7,0.042083
555.75,0.042083
555.8,0.039167
555.85,0.04
555.9,0.040833
555.95,0.037917
556,0.035417
556.05,0.035833
556.1,0.035833
556.15,0.037917
556.2,0.03625
556.25,0.035833
556.3,0.038333
556.35,0.037083
556.4,0.0375
556.45,0.039167
556.5,0.04
556.55,0.040833
556.6,0.040417
556.65,0.041667
556.7,0.042917
556.75,0.041667
556.8,0.03875
556.85,0.038333
556.9,0.049583
556.95,0.036667
557,0.035833
557.05,0.035833
557.1,0.035833
557.15,0.035
557.2,0.034583
557.25,0.034583
557.3,0.037917
557.35,0.03875
557.4,0.0375
557.45,0.040417
557.5,0.039167
557.55,0.04
557.6,0.040833
557.65,0.04
557.7,0.040833
557.75,0.04
557.8,0.03875
557.85,0.039167
557.9,0.039583
557.95,0.034583
558,0.035833
558.05,0.0375
558.1,0.035833
558.15,0.035833
558.2,0.035417
558.25,0.036667
558.3,0.0375
558.35,0.035833
558.4,0.035833
558.45,0.039167
558.5,0.039167
558.55,0.03875
558.6,0.040833
558.65,0.039583
558.7,0.040833
558.75,0.04
558.8,0.03875
558.85,0.04
558.9,0.040417
558.95,0.03625
559,0.035833
559.05,0.03625
559.1,0.038333
559.15,0.037083
559.2,0.035833
559.25,0.034583
559.3,0.03875
559.35,0.0375
559.4,0.036667
559.45,0.039167
559.5,0.039167
559.55,0.039167
559.6,0.040833
559.65,0.04
559.7,0.042083
559.75,0.042083
559.8,0.04
559.85,0.04
559.9,0.039167
559.95,0.037083
560,0.035833
560.05,0.03625
560.1,0.035
560.15,0.034583
560.2,0.034583
560.25,0.035
560.3,0.037083
560.35,0.039167
560.4,0.03625
560.45,0.038333
560.5,0.04125
560.55,0.04
560.6,0.040833
560.65,0.041667
560.7,0.040833
560.75,0.04
560.8,0.037917
560.85,0.0375
560.9,0.039167
560.95,0.035417
561,0.035
561.05,0.035
561.1,0.035
561.15,0.035417
561.2,0.035417
561.25,0.035833
561.3,0.036667
561.35,0.035833
561.4,0.037083
561.45,0.040417
561.5,0.039167
561.55,0.040833
561.6,0.04
561.65,0.039583
561.7,0.040417
561.75,0.040417
561.8,0.039167
561.85,0.03875
561.9,0.039167
561.95,0.03625
562,0.03625
562.05,0.035417
562.1,0.035417
562.15,0.035
562.2,0.035417
562.25,0.034167
562.3,0.037083
562.35,0.035833
562.4,0.035833
562.45,0.038333
562.5,0.039167
562.55,0.0375
562.6,0.0375
562.65,0.039167
562.7,0.040417
562.75,0.03875
562.8,0.03625
562.85,0.0375
562.9,0.037083
562.95,0.03625
563,0.032917
563.05,0.034167
563.1,0.035
563.15,0.034583
563.2,0.034167
563.25,0.034167
563.3,0.035833
563.35,0.035833
563.4,0.035833
563.45,0.039167
563.5,0.04
563.55,0.038333
563.6,0.039167
563.65,0.039583
563.7,0.040833
563.75,0.040417
563.8,0.03875
563.85,0.03875
563.9,0.0375
563.95,0.035833
564,0.035
564.05,0.035417
564.1,0.03375
564.15,0.032917
564.2,0.034167
564.25,0.03375
564.3,0.036667
564.35,0.035833
564.4,0.035833
564.45,0.03875
564.5,0.039583
564.55,0.039167
564.6,0.039583
564.65,0.03875
564.7,0.039167
564.75,0.042083
564.8,0.03875
564.85,0.037917
564.9,0.037917
564.95,0.035
565,0.034583
565.05,0.035833
565.1,0.03375
565.15,0.035417
565.2,0.034167
565.25,0.034583
565.3,0.035833
565.35,0.035833
565.4,0.035833
565.45,0.039167
565.5,0.039167
565.55,0.03875
565.6,0.037917
565.65,0.03875
565.7,0.039167
565.75,0.039583
565.8,0.035833
565.85,0.0375
565.9,0.0375
565.95,0.03625
566,0.034167
566.05,0.035833
566.1,0.035417
566.15,0.035833
566.2,0.032917
566.25,0.033333
566.3,0.034583
566.35,0.035
566.4,0.032917
566.45,0.0375
566.5,0.039167
566.55,0.037917
566.6,0.03875
566.65,0.03875
566.7,0.039583
566.75,0.039583
566.8,0.03625
566.85,0.03875
566.9,0.037083
566.95,0.035
567,0.032917
567.05,0.03375
567.1,0.032917
567.15,0.035
567.2,0.032917
567.25,0.034167
567.3,0.035833
567.35,0.035833
567.4,0.035833
567.45,0.037917
567.5,0.03875
567.55,0.037917
567.6,0.03875
567.65,0.037083
567.7,0.039167
567.75,0.039167
567.8,0.037083
567.85,0.03625
567.9,0.037083
567.95,0.035
568,0.035
568.05,0.034583
568.1,0.032917
568.15,0.032917
568.2,0.032083
568.25,0.032083
568.3,0.035
568.35,0.03375
568.4,0.035
568.45,0.037083
568.5,0.0375
568.55,0.03625
568.6,0.037083
568.65,0.0375
568.7,0.03875
568.75,0.03875
568.8,0.035417
568.85,0.03625
568.9,0.038333
568.95,0.035417
569,0.032917
569.05,0.03875
569.1,0.03375
569.15,0.032917
569.2,0.033333
569.25,0.033333
569.3,0.035833
569.35,0.034583
569.4,0.034167
569.45,0.037917
569.5,0.036667
569.55,0.036667
569.6,0.037083
569.65,0.034583
569.7,0.039167
569.75,0.039167
569.8,0.035833
569.85,0.036667
569.9,0.0375
569.95,0.034167
570,0.0325
570.05,0.032917
570.1,0.0325
570.15,0.031667
570.2,0.031667
570.25,0.031667
570.3,0.032917
570.35,0.032917
570.4,0.034167
570.45,0.036667
570.5,0.0375
570.55,0.03625
570.6,0.036667
570.65,0.037917
570.7,0.039167
570.75,0.039167
570.8,0.037083
570.85,0.035417
570.9,0.03625
570.95,0.033333
571,0.032917
571.05,0.0325
571.1,0.03
571.15,0.03125
571.2,0.032083
571.25,0.031667
571.3,0.034167
571.35,0.033333
571.4,0.03375
571.45,0.036667
571.5,0.037917
571.55,0.037083
571.6,0.039583
571.65,0.037917
571.7,0.038333
571.75,0.037917
571.8,0.035833
571.85,0.036667
571.9,0.035833
571.95,0.03375
572,0.032083
572.05,0.032917
572.1,0.034167
572.15,0.03375
572.2,0.03375
572.25,0.03375
572.3,0.035833
572.35,0.034583
572.4,0.03375
572.45,0.03625
572.5,0.037917
572.55,0.034583
572.6,0.035833
572.65,0.035833
572.7,0.036667
572.75,0.037083
572.8,0.03625
572.85,0.03625
572.9,0.0375
572.95,0.034583
573,0.033333
573.05,0.03375
573.1,0.032917
573.15,0.0325
573.2,0.03
573.25,0.03125
573.3,0.03
573.35,0.03375
573.4,0.034583
573.45,0.03625
573.5,0.038333
573.55,0.039167
573.6,0.039167
573.65,0.039167
573.7,0.040417
573.75,0.039167
573.8,0.035417
573.85,0.035833
573.9,0.03625
573.95,0.03375
574,0.032917
574.05,0.032917
574.1,0.030833
574.15,0.0325
574.2,0.0325
574.25,0.0325
574.3,0.03375
574.35,0.0325
574.4,0.033333
574.45,0.035833
574.5,0.036667
574.55,0.037083
574.6,0.037083
574.65,0.037083
574.7,0.036667
574.75,0.0375
574.8,0.03625
574.85,0.035417
574.9,0.035833
574.95,0.032917
575,0.032083
575.05,0.033333
575.1,0.032917
575.15,0.0325
575.2,0.031667
575.25,0.0325
575.3,0.034167
575.35,0.033333
575.4,0.0325
575.45,0.035833
575.5,0.035833
575.55,0.035
575.6,0.035833
575.65,0.035417
575.7,0.037083
575.75,0.036667
575.8,0.035833
575.85,0.035833
575.9,0.035833
575.95,0.032917
576,0.032917
576.05,0.034583
576.1,0.032917
576.15,0.031667
576.2,0.030833
576.25,0.032083
576.3,0.03375
576.35,0.03375
576.4,0.032917
576.45,0.03625
576.5,0.038333
576.55,0.035833
576.6,0.037917
576.65,0.037083
576.7,0.038333
576.75,0.037083
576.8,0.034583
576.85,0.036667
576.9,0.035833
576.95,0.032917
577,0.030417
577.05,0.032917
577.1,0.031667
577.15,0.032917
577.2,0.0325
577.25,0.03125
577.3,0.03375
577.35,0.032917
577.4,0.032083
577.45,0.0375
577.5,0.036667
577.55,0.03375
577.6,0.035417
577.65,0.03625
577.7,0.03625
577.75,0.036667
577.8,0.03625
577.85,0.03625
577.9,0.03625
577.95,0.032083
578,0.032917
578.05,0.033333
578.1,0.032083
578.15,0.0325
578.2,0.03125
578.25,0.030417
578.3,0.034167
578.35,0.03375
578.4,0.0325
578.45,0.035833
578.5,0.036667
578.55,0.035833
578.6,0.036667
578.65,0.035417
578.7,0.037083
578.75,0.03625
578.8,0.033333
578.85,0.03375
578.9,0.035
578.95,0.032917
579,0.0325
579.05,0.032917
579.1,0.032083
579.15,0.030833
579.2,0.0325
579.25,0.032083
579.3,0.03375
579.35,0.033333
579.4,0.031667
579.45,0.035417
579.5,0.03625
579.55,0.035833
579.6,0.036667
579.65,0.035833
579.7,0.03625
579.75,0.035833
579.8,0.033333
579.85,0.035417
579.9,0.036667
579.95,0.032083
580,0.030833
580.05,0.0325
580.1,0.030833
580.15,0.03125
580.2,0.029583
580.25,0.030417
580.3,0.031667
580.35,0.03125
580.4,0.032917
580.45,0.035
580.5,0.037083
580.55,0.034583
580.6,0.035833
580.65,0.034583
580.7,0.037083
580.75,0.0375
580.8,0.035417
580.85,0.035417
580.9,0.03375
580.95,0.033333
581,0.032083
581.05,0.032917
581.1,0.030833
581.15,0.03
581.2,0.029583
581.25,0.03
581.3,0.0325
581.35,0.0325
581.4,0.032083
581.45,0.035
581.5,0.0375
581.55,0.035833
581.6,0.03625
581.65,0.037917
581.7,0.0375
581.75,0.03625
581.8,0.034167
581.85,0.035833
581.9,0.035417
581.95,0.032917
582,0.031667
582.05,0.0325
582.1,0.030833
582.15,0.030417
582.2,0.032083
582.25,0.032917
582.3,0.03375
582.35,0.033333
582.4,0.0325
582.45,0.035
582.5,0.035833
582.55,0.035
582.6,0.035417
582.65,0.035417
582.7,0.035833
582.75,0.034167
582.8,0.032917
582.85,0.034583
582.9,0.035417
582.95,0.0325
583,0.03
583.05,0.032083
583.1,0.03125
583.15,0.032917
583.2,0.031667
583.25,0.031667
583.3,0.032083
583.35,0.032917
583.4,0.03125
583.45,0.035833
583.5,0.0325
583.55,0.034583
583.6,0.035833
583.65,0.035
583.7,0.037917
583.75,0.03625
583.8,0.035417
583.85,0.035417
583.9,0.034583
583.95,0.031667
584,0.030833
584.05,0.032083
584.1,0.03125
584.15,0.029583
584.2,0.029167
584.25,0.028333
584.3,0.03125
584.35,0.031667
584.4,0.0325
584.45,0.032917
584.5,0.034583
584.55,0.034583
584.6,0.036667
584.65,0.035833
584.7,0.037083
584.75,0.036667
584.8,0.032917
584.85,0.034167
584.9,0.035
584.95,0.031667
585,0.030417
585.05,0.030417
585.1,0.029583
585.15,0.03
585.2,0.030417
585.25,0.03125
585.3,0.032083
585.35,0.032083
585.4,0.030417
585.45,0.034583
585.5,0.03625
585.55,0.034583
585.6,0.034167
585.65,0.034583
585.7,0.033333
585.75,0.03375
585.8,0.032083
585.85,0.033333
585.9,0.035
585.95,0.030417
586,0.03
586.05,0.030833
586.1,0.030417
586.15,0.03125
586.2,0.03125
586.25,0.030417
586.3,0.030833
586.35,0.030417
586.4,0.028333
586.45,0.033333
586.5,0.03375
586.55,0.032917
586.6,0.033333
586.65,0.035
586.7,0.03625
586.75,0.0375
586.8,0.035417
586.85,0.035417
586.9,0.034583
586.95,0.031667
587,0.030417
587.05,0.03
587.1,0.029583
587.15,0.028333
587.2,0.0275
587.25,0.027083
587.3,0.03
587.35,0.03
587.4,0.030417
587.45,0.03375
587.5,0.034167
587.55,0.033333
587.6,0.037083
587.65,0.036667
587.7,0.03625
587.75,0.035833
587.8,0.032917
587.85,0.032917
587.9,0.035
587.95,0.030833
588,0.030417
588.05,0.030417
588.1,0.029167
588.15,0.029167
588.2,0.029167
588.25,0.03
588.3,0.0325
588.35,0.03125
588.4,0.03
588.45,0.03375
588.5,0.034167
588.55,0.035
588.6,0.034583
588.65,0.035
588.7,0.03375
588.75,0.035
588.8,0.032083
588.85,0.033333
588.9,0.034167
588.95,0.030417
589,0.029167
589.05,0.030417
589.1,0.03
589.15,0.029583
589.2,0.030417
589.25,0.030417
589.3,0.03125
589.35,0.031667
589.4,0.03
589.45,0.033333
589.5,0.03375
589.55,0.032083
589.6,0.034167
589.65,0.032917
589.7,0.034583
589.75,0.034583
589.8,0.032917
589.85,0.032917
589.9,0.034167
589.95,0.03
590,0.030833
590.05,0.030417
590.1,0.029167
590.15,0.02875
590.2,0.0275
590.25,0.026667
590.3,0.030417
590.35,0.03
590.4,0.030417
590.45,0.035833
590.5,0.031667
590.55,0.033333
590.6,0.035833
590.65,0.036667
590.7,0.035833
590.75,0.035417
590.8,0.032917
590.85,0.032917
590.9,0.033333
590.95,0.029583
591,0.029167
591.05,0.03
591.1,0.026667
591.15,0.027083
591.2,0.027083
591.25,0.03
591.3,0.031667
591.35,0.030417
591.4,0.029167
591.45,0.031667
591.5,0.034167
591.55,0.033333
591.6,0.034167
591.65,0.034583
591.7,0.03375
591.75,0.033333
591.8,0.031667
591.85,0.032917
591.9,0.03375
591.95,0.03
592,0.02875
592.05,0.03
592.1,0.03
592.15,0.030833
592.2,0.03
592.25,0.029167
592.3,0.03125
592.35,0.03125
592.4,0.02875
592.45,0.032917
592.5,0.035417
592.55,0.032917
592.6,0.0325
592.65,0.032917
592.7,0.035417
592.75,0.033333
592.8,0.032917
592.85,0.03125
592.9,0.03375
592.95,0.03
593,0.03
593.05,0.03125
593.1,0.030833
593.15,0.03
593.2,0.02875
593.25,0.028333
593.3,0.03
593.35,0.03
593.4,0.03
593.45,0.032917
593.5,0.034167
593.55,0.0325
593.6,0.034167
593.65,0.035
593.7,0.03125
593.75,0.035833
593.8,0.032917
593.85,0.033333
593.9,0.032083
593.95,0.029583
594,0.03
594.05,0.029167
594.1,0.02875
594.15,0.026667
594.2,0.027083
594.25,0.028333
594.3,0.030417
594.35,0.029583
594.4,0.03
594.45,0.032083
594.5,0.034583
594.55,0.034583
594.6,0.033333
594.65,0.03125
594.7,0.035417
594.75,0.032917
594.8,0.031667
594.85,0.0325
594.9,0.033333
594.95,0.030833
595,0.029167
595.05,0.03
595.1,0.029583
595.15,0.03
595.2,0.02875
595.25,0.029583
595.3,0.03125
595.35,0.030417
595.4,0.030417
595.45,0.031667
595.5,0.03375
595.55,0.033333
595.6,0.032917
595.65,0.033333
595.7,0.033333
595.75,0.033333
595.8,0.032083
595.85,0.033333
595.9,0.033333
595.95,0.029167
596,0.029583
596.05,0.0325
596.1,0.03125
596.15,0.029583
596.2,0.029167
596.25,0.029583
596.3,0.029583
596.35,0.02875
596.4,0.0275
596.45,0.031667
596.5,0.03375
596.55,0.03
596.6,0.0325
596.65,0.032917
596.7,0.032917
596.75,0.032917
596.8,0.0325
596.85,0.033333
596.9,0.032083
596.95,0.029167
597,0.03
597.05,0.03
597.1,0.027917
597.15,0.027083
597.2,0.027917
597.25,0.027917
597.3,0.02875
597.35,0.029167
597.4,0.029167
597.45,0.0325
597.5,0.032083
597.55,0.032917
597.6,0.035833
597.65,0.03375
597.7,0.03375
597.75,0.03375
597.8,0.030417
597.85,0.032083
597.9,0.0325
597.95,0.02875
598,0.02875
598.05,0.029167
598.1,0.029167
598.15,0.029167
598.2,0.029583
598.25,0.03
598.3,0.03
598.35,0.029583
598.4,0.02875
598.45,0.032917
598.5,0.034167
598.55,0.032083
598.6,0.032917
598.65,0.03125
598.7,0.033333
598.75,0.032917
598.8,0.0325
598.85,0.032083
598.9,0.03375
598.95,0.0275
599,0.029167
599.05,0.030417
599.1,0.03
599.15,0.03
599.2,0.029167
599.25,0.028333
599.3,0.02875
599.35,0.029167
599.4,0.02875
599.45,0.031667
599.5,0.035833
599.55,0.030833
599.6,0.031667
599.65,0.031667
599.7,0.033333
599.75,0.032917
599.8,0.032083
599.85,0.031667
599.9,0.032083
599.95,0.02875
600,0.029583
600.05,0.02875
600.1,0.028333
600.15,0.027083
600.2,0.027083
600.25,0.025417
600.3,0.0275
600.35,0.027917
600.4,0.029167
600.45,0.031667
600.5,0.031667
600.55,0.031667
600.6,0.033333
600.65,0.034167
600.7,0.03375
600.75,0.0325
600.8,0.030417
600.85,0.031667
600.9,0.031667
600.95,0.02875
601,0.027083
601.05,0.0275
601.1,0.027083
601.15,0.027083
601.2,0.02875
601.25,0.029583
601.3,0.02875
601.35,0.027083
601.4,0.0275
601.45,0.030833
601.5,0.03125
601.55,0.03
601.6,0.03125
601.65,0.031667
601.7,0.032917
601.75,0.032917
601.8,0.0325
601.85,0.032917
601.9,0.032917
601.95,0.029167
602,0.0275
602.05,0.029167
602.1,0.029583
602.15,0.02875
602.2,0.026667
602.25,0.027083
602.3,0.03
602.35,0.02875
602.4,0.028333
602.45,0.030833
602.5,0.030833
602.55,0.030833
602.6,0.031667
602.65,0.0325
602.7,0.0325
602.75,0.032083
602.8,0.0325
602.85,0.03125
602.9,0.032083
602.95,0.02875
603,0.028333
603.05,0.029583
603.1,0.027083
603.15,0.025417
603.2,0.027083
603.25,0.027083
603.3,0.03
603.35,0.027917
603.4,0.028333
603.45,0.029583
603.5,0.0325
603.55,0.030417
603.6,0.030417
603.65,0.032917
603.7,0.032917
603.75,0.0325
603.8,0.031667
603.85,0.03125
603.9,0.031667
603.95,0.0275
604,0.02625
604.05,0.027083
604.1,0.025417
604.15,0.02625
604.2,0.02625
604.25,0.025833
604.3,0.028333
604.35,0.02625
604.4,0.025833
604.45,0.03
604.5,0.032083
604.55,0.03
604.6,0.03125
604.65,0.03
604.7,0.033333
604.75,0.032917
604.8,0.030833
604.85,0.032083
604.9,0.031667
604.95,0.0275
605,0.028333
605.05,0.029167
605.1,0.0275
605.15,0.027083
605.2,0.025
605.25,0.02625
605.3,0.027917
605.35,0.028333
605.4,0.026667
605.45,0.03
605.5,0.032083
605.55,0.03
605.6,0.031667
605.65,0.03125
605.7,0.030833
605.75,0.0325
605.8,0.03
605.85,0.03
605.9,0.032917
605.95,0.027917
606,0.028333
606.05,0.029167
606.1,0.027083
606.15,0.027083
606.2,0.027083
606.25,0.028333
606.3,0.0275
606.35,0.027917
606.4,0.0275
606.45,0.03
606.5,0.03
606.55,0.029583
606.6,0.031667
606.65,0.031667
606.7,0.030833
606.75,0.0325
606.8,0.029583
606.85,0.029167
606.9,0.029583
606.95,0.027083
607,0.027083
607.05,0.027917
607.1,0.027083
607.15,0.025833
607.2,0.026667
607.25,0.025833
607.3,0.029167
607.35,0.027083
607.4,0.027083
607.45,0.03
607.5,0.031667
607.55,0.027083
607.6,0.034167
607.65,0.032083
607.7,0.032917
607.75,0.034167
607.8,0.032083
607.85,0.032083
607.9,0.030833
607.95,0.027083
608,0.027083
608.05,0.027917
608.1,0.026667
608.15,0.025833
608.2,0.024583
608.25,0.024583
608.3,0.027083
608.35,0.02875
608.4,0.027083
608.45,0.029167
608.5,0.030417
608.55,0.02875
608.6,0.03125
608.65,0.031667
608.7,0.030833
608.75,0.030417
608.8,0.029167
608.85,0.029167
608.9,0.030417
608.95,0.026667
609,0.026667
609.05,0.027917
609.1,0.0275
609.15,0.02625
609.2,0.0275
609.25,0.025833
609.3,0.0275
609.35,0.028333
609.4,0.027083
609.45,0.03
609.5,0.03
609.55,0.03
609.6,0.03
609.65,0.031667
609.7,0.03125
609.75,0.030833
609.8,0.029167
609.85,0.02875
609.9,0.03
609.95,0.026667
610,0.027083
610.05,0.026667
610.1,0.02625
610.15,0.02625
610.2,0.025417
610.25,0.026667
610.3,0.027083
610.35,0.027083
610.4,0.02625
610.45,0.03
610.5,0.03125
610.55,0.030417
610.6,0.031667
610.65,0.03125
610.7,0.03125
610.75,0.030833
610.8,0.029167
610.85,0.03125
610.9,0.030833
610.95,0.027083
611,0.02625
611.05,0.0275
611.1,0.025417
611.15,0.02375
611.2,0.023333
611.25,0.024583
611.3,0.025417
611.35,0.02625
611.4,0.02625
611.45,0.03
611.5,0.030417
611.55,0.03
611.6,0.032917
611.65,0.0325
611.7,0.036667
611.75,0.030417
611.8,0.025833
611.85,0.029583
611.9,0.03
611.95,0.026667
612,0.025833
612.05,0.027083
612.1,0.027083
612.15,0.025833
612.2,0.025833
612.25,0.025417
612.3,0.0275
612.35,0.025417
612.4,0.025417
612.45,0.029167
612.5,0.03
612.55,0.02875
612.6,0.030417
612.65,0.03
612.7,0.030833
612.75,0.030417
612.8,0.029583
612.85,0.03
612.9,0.03
612.95,0.02875
613,0.02625
613.05,0.027083
613.1,0.026667
613.15,0.027083
613.2,0.027083
613.25,0.0275
613.3,0.02625
613.35,0.027917
613.4,0.02625
613.45,0.029583
613.5,0.03
613.55,0.029167
613.6,0.03
613.65,0.03
613.7,0.029583
613.75,0.029583
613.8,0.02875
613.85,0.030417
613.9,0.03
613.95,0.027083
614,0.025417
614.05,0.026667
614.1,0.025833
614.15,0.024583
614.2,0.024583
614.25,0.024167
614.3,0.026667
614.35,0.025417
614.4,0.025833
614.45,0.028333
614.5,0.02875
614.55,0.028333
614.6,0.031667
614.65,0.031667
614.7,0.03125
614.75,0.03125
614.8,0.028333
614.85,0.027917
614.9,0.029167
614.95,0.027083
615,0.025417
615.05,0.025833
615.1,0.025833
615.15,0.02625
615.2,0.026667
615.25,0.027083
615.3,0.028333
615.35,0.02625
615.4,0.02625
615.45,0.028333
615.5,0.02875
615.55,0.029583
615.6,0.029167
615.65,0.029583
615.7,0.03
615.75,0.029583
615.8,0.028333
615.85,0.029167
615.9,0.03
615.95,0.027083
616,0.02625
616.05,0.0275
616.1,0.02875
616.15,0.025
616.2,0.024167
616.25,0.025
616.3,0.0275
616.35,0.027083
616.4,0.025833
616.45,0.028333
616.5,0.03
616.55,0.029583
616.6,0.02875
616.65,0.0275
616.7,0.0275
616.75,0.02875
616.8,0.027083
616.85,0.028333
616.9,0.029167
616.95,0.02625
617,0.027083
617.05,0.0275
617.1,0.025833
617.15,0.02625
617.2,0.026667
617.25,0.027083
617.3,0.025833
617.35,0.02625
617.4,0.025417
617.45,0.029167
617.5,0.03
617.55,0.029167
617.6,0.029583
617.65,0.030833
617.7,0.03
617.75,0.03125
617.8,0.03
617.85,0.029167
617.9,0.03
617.95,0.025417
618,0.024167
618.05,0.025
618.1,0.02375
618.15,0.024167
618.2,0.024583
618.25,0.02625
618.3,0.0275
618.35,0.025
618.4,0.024583
618.45,0.0275
618.5,0.03
618.55,0.027917
618.6,0.028333
618.65,0.027083
618.7,0.0275
618.75,0.029583
618.8,0.027917
618.85,0.029583
618.9,0.029167
618.95,0.026667
619,0.027083
619.05,0.027917
619.1,0.025417
619.15,0.024167
619.2,0.024583
619.25,0.02375
619.3,0.025417
619.35,0.024167
619.4,0.025417
619.45,0.0275
619.5,0.029167
619.55,0.02625
619.6,0.028333
619.65,0.03
619.7,0.03
619.75,0.028333
619.8,0.027083
619.85,0.027917
619.9,0.02875
619.95,0.026667
620,0.02375
620.05,0.025417
620.1,0.024583
620.15,0.024167
620.2,0.025
620.25,0.025
620.3,0.025833
620.35,0.025
620.4,0.02375
620.45,0.028333
620.5,0.029583
620.55,0.0275
620.6,0.0275
620.65,0.03
620.7,0.02875
620.75,0.03
620.8,0.027917
620.85,0.028333
620.9,0.030417
620.95,0.027083
621,0.024167
621.05,0.02625
621.1,0.025
621.15,0.0225
621.2,0.021667
621.25,0.0225
621.3,0.025
621.35,0.02375
621.4,0.022917
621.45,0.02625
621.5,0.027917
621.55,0.027917
621.6,0.02875
621.65,0.029583
621.7,0.028333
621.75,0.026667
621.8,0.025833
621.85,0.0275
621.9,0.028333
621.95,0.024583
622,0.024583
622.05,0.025
622.1,0.027083
622.15,0.02625
622.2,0.025833
622.25,0.02375
622.3,0.025417
622.35,0.024583
622.4,0.024583
622.45,0.027917
622.5,0.026667
622.55,0.027083
622.6,0.027083
622.65,0.028333
622.7,0.02875
622.75,0.02875
622.8,0.028333
622.85,0.028333
622.9,0.02875
622.95,0.02625
623,0.02375
623.05,0.025417
623.1,0.022917
623.15,0.02375
623.2,0.023333
623.25,0.024167
623.3,0.02625
623.35,0.024583
623.4,0.024167
623.45,0.02625
623.5,0.02875
623.55,0.02625
623.6,0.027083
623.65,0.027083
623.7,0.0275
623.75,0.02875
623.8,0.027083
623.85,0.027917
623.9,0.028333
623.95,0.025417
624,0.024167
624.05,0.024583
624.1,0.02375
624.15,0.02375
624.2,0.02375
624.25,0.02375
624.3,0.025
624.35,0.024167
624.4,0.022917
624.45,0.027083
624.5,0.027083
624.55,0.027917
624.6,0.027917
624.65,0.03
624.7,0.029583
624.75,0.028333
624.8,0.027917
624.85,0.028333
624.9,0.03
624.95,0.024167
625,0.02375
625.05,0.024583
625.1,0.023333
625.15,0.022083
625.2,0.02375
625.25,0.02375
625.3,0.026667
625.35,0.025417
625.4,0.02375
625.45,0.026667
625.5,0.027083
625.55,0.02625
625.6,0.02875
625.65,0.0275
625.7,0.025417
625.75,0.027917
625.8,0.02625
625.85,0.0275
625.9,0.02875
625.95,0.025
626,0.024167
626.05,0.025833
626.1,0.0225
626.15,0.02375
626.2,0.0225
626.25,0.022917
626.3,0.02375
626.35,0.025
626.4,0.02375
626.45,0.027083
626.5,0.0275
626.55,0.025833
626.6,0.02875
626.65,0.029583
626.7,0.029167
626.75,0.028333
626.8,0.026667
626.85,0.026667
626.9,0.027917
626.95,0.025417
627,0.024583
627.05,0.025417
627.1,0.024583
627.15,0.024583
627.2,0.02375
627.25,0.02375
627.3,0.024167
627.35,0.024167
627.4,0.022083
627.45,0.025833
627.5,0.027917
627.55,0.025
627.6,0.0275
627.65,0.0275
627.7,0.027917
627.75,0.027083
627.8,0.027083
627.85,0.026667
627.9,0.027917
627.95,0.024583
628,0.02375
628.05,0.024167
628.1,0.023333
628.15,0.022917
628.2,0.02125
628.25,0.020833
628.3,0.02375
628.35,0.023333
628.4,0.0225
628.45,0.02625
628.5,0.02625
628.55,0.026667
628.6,0.02875
628.65,0.029167
628.7,0.029583
628.75,0.028333
628.8,0.025833
628.85,0.026667
628.9,0.02625
628.95,0.024167
629,0.025
629.05,0.0225
629.1,0.0225
629.15,0.02125
629.2,0.02375
629.25,0.024167
629.3,0.025
629.35,0.024167
629.4,0.022917
629.45,0.02375
629.5,0.027083
629.55,0.023333
629.6,0.026667
629.65,0.0275
629.7,0.027083
629.75,0.027917
629.8,0.025417
629.85,0.027083
629.9,0.027083
629.95,0.022917
630,0.022917
630.05,0.02375
630.1,0.023333
630.15,0.02125
630.2,0.020833
630.25,0.02125
630.3,0.02375
630.35,0.02375
630.4,0.023333
630.45,0.025
630.5,0.027083
630.55,0.026667
630.6,0.026667
630.65,0.027083
630.7,0.026667
630.75,0.027083
630.8,0.02625
630.85,0.027083
630.9,0.027083
630.95,0.02375
631,0.024583
631.05,0.025
631.1,0.02375
631.15,0.0225
631.2,0.0225
631.25,0.0225
631.3,0.02375
631.35,0.02375
631.4,0.022083
631.45,0.025833
631.5,0.0275
631.55,0.02625
631.6,0.027917
631.65,0.029583
631.7,0.029167
631.75,0.02875
631.8,0.026667
631.85,0.0275
631.9,0.028333
631.95,0.025
632,0.024167
632.05,0.024583
632.1,0.02375
632.15,0.020833
632.2,0.022083
632.25,0.0225
632.3,0.0225
632.35,0.0225
632.4,0.023333
632.45,0.025417
632.5,0.027083
632.55,0.024583
632.6,0.025
632.65,0.02625
632.7,0.025
632.75,0.026667
632.8,0.025417
632.85,0.02625
632.9,0.027083
632.95,0.02375
633,0.022917
633.05,0.024583
633.1,0.024167
633.15,0.022083
633.2,0.0225
633.25,0.023333
633.3,0.0275
633.35,0.021667
633.4,0.02125
633.45,0.025417
633.5,0.027083
633.55,0.025417
633.6,0.027083
633.65,0.027917
633.7,0.02875
633.75,0.027917
633.8,0.025
633.85,0.026667
633.9,0.027917
633.95,0.02375
634,0.0225
634.05,0.024167
634.1,0.022917
634.15,0.02125
634.2,0.021667
634.25,0.0225
634.3,0.02375
634.35,0.022917
634.4,0.022917
634.45,0.02625
634.5,0.025417
634.55,0.025
634.6,0.026667
634.65,0.027917
634.7,0.027083
634.75,0.025417
634.8,0.025
634.85,0.027083
634.9,0.026667
634.95,0.024167
635,0.022917
635.05,0.023333
635.1,0.02125
635.15,0.02125
635.2,0.023333
635.25,0.01875
635.3,0.0225
635.35,0.0225
635.4,0.020833
635.45,0.02625
635.5,0.025833
635.55,0.025833
635.6,0.025833
635.65,0.028333
635.7,0.027083
635.75,0.02875
635.8,0.026667
635.85,0.026667
635.9,0.027083
635.95,0.02375
636,0.023333
636.05,0.022917
636.1,0.020833
636.15,0.020833
636.2,0.020833
636.25,0.0225
636.3,0.02375
636.35,0.024167
636.4,0.02375
636.45,0.025
636.5,0.025833
636.55,0.024167
636.6,0.02625
636.65,0.02625
636.7,0.025417
636.75,0.024583
636.8,0.025
636.85,0.02625
636.9,0.0275
636.95,0.02375
637,0.022917
637.05,0.025833
637.1,0.021667
637.15,0.020833
637.2,0.020833
637.25,0.019583
637.3,0.02125
637.35,0.020833
637.4,0.020833
637.45,0.025
637.5,0.025833
637.55,0.02375
637.6,0.02625
637.65,0.025833
637.7,0.0275
637.75,0.025833
637.8,0.025
637.85,0.025833
637.9,0.025417
637.95,0.02375
638,0.023333
638.05,0.023333
638.1,0.023333
638.15,0.02125
638.2,0.02375
638.25,0.0225
638.3,0.0225
638.35,0.0225
638.4,0.020833
638.45,0.024167
638.5,0.024167
638.55,0.02375
638.6,0.025833
638.65,0.025417
638.7,0.025833
638.75,0.02625
638.8,0.024583
638.85,0.02625
638.9,0.02625
638.95,0.02375
639,0.0225
639.05,0.022917
639.1,0.0225
639.15,0.02
639.2,0.02
639.25,0.02
639.3,0.020833
639.35,0.02125
639.4,0.020417
639.45,0.02375
639.5,0.025417
639.55,0.025
639.6,0.027083
639.65,0.026667
639.7,0.027083
639.75,0.027083
639.8,0.025
639.85,0.025417
639.9,0.02625
639.95,0.023333
640,0.021667
640.05,0.023333
640.1,0.022083
640.15,0.020417
640.2,0.022083
640.25,0.02375
640.3,0.02625
640.35,0.022083
640.4,0.022083
640.45,0.02375
640.5,0.025417
640.55,0.0225
640.6,0.0225
640.65,0.024167
640.7,0.024167
640.75,0.02375
640.8,0.0225
640.85,0.02375
640.9,0.025
640.95,0.022083
641,0.02125
641.05,0.022083
641.1,0.020417
641.15,0.019583
641.2,0.018333
641.25,0.019167
641.3,0.020417
641.35,0.020417
641.4,0.02
641.45,0.024167
641.5,0.02375
641.55,0.02375
641.6,0.025833
641.65,0.025833
641.7,0.025
641.75,0.024583
641.8,0.025417
641.85,0.024167
641.9,0.027083
641.95,0.022083
642,0.0225
642.05,0.023333
642.1,0.020833
642.15,0.021667
642.2,0.022083
642.25,0.022083
642.3,0.0225
642.35,0.021667
642.4,0.020833
642.45,0.0225
642.5,0.024583
642.55,0.022917
642.6,0.024583
642.65,0.025833
642.7,0.026667
642.75,0.025833
642.8,0.02625
642.85,0.025
642.9,0.025417
642.95,0.0225
643,0.02125
643.05,0.021667
643.1,0.02125
643.15,0.01875
643.2,0.019583
643.25,0.020417
643.3,0.022917
643.35,0.02
643.4,0.019583
643.45,0.0225
643.5,0.025417
643.55,0.023333
643.6,0.025
643.65,0.025
643.7,0.025417
643.75,0.025833
643.8,0.02375
643.85,0.025
643.9,0.025833
643.95,0.022083
644,0.02125
644.05,0.0225
644.1,0.021667
644.15,0.019583
644.2,0.022917
644.25,0.022917
644.3,0.02375
644.35,0.022083
644.4,0.020833
644.45,0.023333
644.5,0.024167
644.55,0.0225
644.6,0.02375
644.65,0.023333
644.7,0.024583
644.75,0.025
644.8,0.023333
644.85,0.024583
644.9,0.025
644.95,0.022083
645,0.021667
645.05,0.0225
645.1,0.019583
645.15,0.019583
645.2,0.01875
645.25,0.020417
645.3,0.019583
645.35,0.020417
645.4,0.02
645.45,0.023333
645.5,0.02375
645.55,0.022917
645.6,0.025
645.65,0.024583
645.7,0.025
645.75,0.025
645.8,0.02375
645.85,0.024167
645.9,0.025
645.95,0.021667
646,0.020833
646.05,0.022917
646.1,0.020833
646.15,0.020417
646.2,0.0225
646.25,0.021667
646.3,0.021667
646.35,0.020833
646.4,0.02
646.45,0.024583
646.5,0.024583
646.55,0.022917
646.6,0.024583
646.65,0.025833
646.7,0.02625
646.75,0.025833
646.8,0.02375
646.85,0.025
646.9,0.02625
646.95,0.022917
647,0.020417
647.05,0.022083
647.1,0.02
647.15,0.019167
647.2,0.017917
647.25,0.02
647.3,0.020833
647.35,0.019583
647.4,0.019167
647.45,0.02375
647.5,0.023333
647.55,0.0225
647.6,0.025833
647.65,0.027083
647.7,0.025417
647.75,0.024583
647.8,0.02375
647.85,0.02375
647.9,0.025417
647.95,0.02125
648,0.020833
648.05,0.0225
648.1,0.02
648.15,0.020417
648.2,0.016667
648.25,0.020833
648.3,0.02125
648.35,0.020833
648.4,0.02125
648.45,0.02375
648.5,0.0225
648.55,0.021667
648.6,0.02375
648.65,0.024167
648.7,0.022917
648.75,0.02375
648.8,0.02375
648.85,0.025
648.9,0.025417
648.95,0.022917
649,0.0225
649.05,0.0225
649.1,0.020833
649.15,0.017917
649.2,0.018333
649.25,0.019583
649.3,0.019167
649.35,0.01875
649.4,0.018333
649.45,0.023333
649.5,0.024167
649.55,0.023333
649.6,0.025
649.65,0.02625
649.7,0.026667
649.75,0.025
649.8,0.02375
649.85,0.024583
649.9,0.025833
649.95,0.022083
650,0.021667
650.05,0.021667
650.1,0.02
650.15,0.020417
650.2,0.019583
650.25,0.020833
650.3,0.020833
650.35,0.020417
650.4,0.020833
650.45,0.02375
650.5,0.022917
650.55,0.021667
650.6,0.02375
650.65,0.025833
650.7,0.024583
650.75,0.024167
650.8,0.02375
650.85,0.024167
650.9,0.025417
650.95,0.021667
651,0.02125
651.05,0.02125
651.1,0.020417
651.15,0.019167
651.2,0.017917
651.25,0.01875
651.3,0.020833
651.35,0.020833
651.4,0.02
651.45,0.0225
651.5,0.024167
651.55,0.02375
651.6,0.024583
651.65,0.025
651.7,0.025
651.75,0.025833
651.8,0.024583
651.85,0.024167
651.9,0.024167
651.95,0.0225
652,0.020833
652.05,0.022083
652.1,0.02
652.15,0.020417
652.2,0.020833
652.25,0.02
652.3,0.020833
652.35,0.020417
652.4,0.020417
652.45,0.021667
652.5,0.02375
652.55,0.022083
652.6,0.024167
652.65,0.024167
652.7,0.021667
652.75,0.0225
652.8,0.022083
652.85,0.02375
652.9,0.025
652.95,0.0225
653,0.020833
653.05,0.023333
653.1,0.025417
653.15,0.019167
653.2,0.018333
653.25,0.020417
653.3,0.020833
653.35,0.020417
653.4,0.019583
653.45,0.021667
653.5,0.024167
653.55,0.0225
653.6,0.024167
653.65,0.025833
653.7,0.02625
653.75,0.027083
653.8,0.025
653.85,0.025
653.9,0.025833
653.95,0.02125
654,0.02125
654.05,0.020833
654.1,0.020417
654.15,0.019167
654.2,0.02
654.25,0.020833
654.3,0.021667
654.35,0.02
654.4,0.019167
654.45,0.0225
654.5,0.022917
654.55,0.02125
654.6,0.023333
654.65,0.022917
654.7,0.024583
654.75,0.02375
654.8,0.02375
654.85,0.02375
654.9,0.024167
654.95,0.021667
655,0.020833
655.05,0.02125
655.1,0.020833
655.15,0.02
655.2,0.019583
655.25,0.019167
655.3,0.020833
655.35,0.02
655.4,0.02
655.45,0.020833
655.5,0.021667
655.55,0.021667
655.6,0.02375
655.65,0.025
655.7,0.023333
655.75,0.02375
655.8,0.023333
655.85,0.022917
655.9,0.02375
655.95,0.02125
656,0.020417
656.05,0.02125
656.1,0.020417
656.15,0.017917
656.2,0.019167
656.25,0.017917
656.3,0.019167
656.35,0.017917
656.4,0.017917
656.45,0.02125
656.5,0.02375
656.55,0.020417
656.6,0.022083
656.65,0.024167
656.7,0.024583
656.75,0.024583
656.8,0.021667
656.85,0.022917
656.9,0.025
656.95,0.021667
657,0.019583
657.05,0.020833
657.1,0.021667
657.15,0.02
657.2,0.020833
657.25,0.021667
657.3,0.022917
657.35,0.020833
657.4,0.019167
657.45,0.021667
657.5,0.023333
657.55,0.020417
657.6,0.02375
657.65,0.025417
657.7,0.025833
657.75,0.025
657.8,0.024167
657.85,0.024583
657.9,0.024167
657.95,0.020833
658,0.02
658.05,0.020833
658.1,0.019583
658.15,0.015417
658.2,0.016667
658.25,0.019167
658.3,0.02
658.35,0.019583
658.4,0.018333
658.45,0.02125
658.5,0.0225
658.55,0.0225
658.6,0.022083
658.65,0.024167
658.7,0.022083
658.75,0.022917
658.8,0.0225
658.85,0.023333
658.9,0.023333
658.95,0.020417
659,0.020833
659.05,0.020833
659.1,0.020417
659.15,0.01875
659.2,0.019167
659.25,0.018333
659.3,0.019583
659.35,0.020417
659.4,0.02
659.45,0.021667
659.5,0.022083
659.55,0.02125
659.6,0.022917
659.65,0.025
659.7,0.024167
659.75,0.02375
659.8,0.022917
659.85,0.02375
659.9,0.024583
659.95,0.021667
660,0.020833
660.05,0.020833
660.1,0.020417
660.15,0.018333
660.2,0.017917
660.25,0.018333
660.3,0.01875
660.35,0.017917
660.4,0.01875
660.45,0.02125
660.5,0.022917
660.55,0.020417
660.6,0.021667
660.65,0.023333
660.7,0.02375
660.75,0.023333
660.8,0.022083
660.85,0.022917
660.9,0.022917
660.95,0.019583
661,0.019167
661.05,0.020833
661.1,0.019583
661.15,0.017917
661.2,0.018333
661.25,0.019167
661.3,0.019167
661.35,0.01875
661.4,0.018333
661.45,0.020833
661.5,0.0225
661.55,0.020833
661.6,0.023333
661.65,0.022083
661.7,0.021667
661.75,0.02125
661.8,0.020833
661.85,0.02125
661.9,0.0225
661.95,0.020833
662,0.020833
662.05,0.021667
662.1,0.017917
662.15,0.017917
662.2,0.018333
662.25,0.0175
662.3,0.019583
662.35,0.017917
662.4,0.017083
662.45,0.02125
662.5,0.02125
662.55,0.020417
662.6,0.02375
662.65,0.023333
662.7,0.023333
662.75,0.023333
662.8,0.023333
662.85,0.02375
662.9,0.022917
662.95,0.020833
663,0.019167
663.05,0.021667
663.1,0.02
663.15,0.017083
663.2,0.018333
663.25,0.01875
663.3,0.017917
663.35,0.020417
663.4,0.01875
663.45,0.02125
663.5,0.0225
663.55,0.020833
663.6,0.02125
663.65,0.02375
663.7,0.02375
663.75,0.02125
663.8,0.0225
663.85,0.022917
663.9,0.02375
663.95,0.02125
664,0.019583
664.05,0.022083
664.1,0.019583
664.15,0.017917
664.2,0.01875
664.25,0.017917
664.3,0.01875
664.35,0.019583
664.4,0.018333
664.45,0.02125
664.5,0.02125
664.55,0.020417
664.6,0.023333
664.65,0.024167
664.7,0.02375
664.75,0.02375
664.8,0.0225
664.85,0.022083
664.9,0.023333
664.95,0.020833
665,0.02
665.05,0.020833
665.1,0.019167
665.15,0.017917
665.2,0.0175
665.25,0.017917
665.3,0.019167
665.35,0.019583
665.4,0.017917
665.45,0.019167
665.5,0.022083
665.55,0.020833
665.6,0.022083
665.65,0.023333
665.7,0.02375
665.75,0.024167
665.8,0.0225
665.85,0.022917
665.9,0.023333
665.95,0.020833
666,0.01875
666.05,0.02125
666.1,0.01875
666.15,0.0175
666.2,0.02
666.25,0.018333
666.3,0.019167
666.35,0.019583
666.4,0.018333
666.45,0.020833
666.5,0.020833
666.55,0.020833
666.6,0.0225
666.65,0.022917
666.7,0.023333
666.75,0.022083
666.8,0.020833
666.85,0.0225
666.9,0.02375
666.95,0.020833
667,0.020417
667.05,0.021667
667.1,0.019583
667.15,0.017917
667.2,0.017917
667.25,0.019167
667.3,0.02
667.35,0.018333
667.4,0.017917
667.45,0.020833
667.5,0.022083
667.55,0.02125
667.6,0.0225
667.65,0.02375
667.7,0.0225
667.75,0.022917
667.8,0.023333
667.85,0.02625
667.9,0.02375
667.95,0.02
668,0.02
668.05,0.022083
668.1,0.019167
668.15,0.018333
668.2,0.01875
668.25,0.017917
668.3,0.01875
668.35,0.01875
668.4,0.017917
668.45,0.020833
668.5,0.02125
668.55,0.020417
668.6,0.0225
668.65,0.023333
668.7,0.022917
668.75,0.021667
668.8,0.02125
668.85,0.022083
668.9,0.021667
668.95,0.020833
669,0.019167
669.05,0.020417
669.1,0.017917
669.15,0.016667
669.2,0.017917
669.25,0.017917
669.3,0.017917
669.35,0.01875
669.4,0.0175
669.45,0.020417
669.5,0.02
669.55,0.019167
669.6,0.022083
669.65,0.0225
669.7,0.0225
669.75,0.023333
669.8,0.020833
669.85,0.022083
669.9,0.022917
669.95,0.019167
670,0.01875
670.05,0.020833
670.1,0.01875
670.15,0.015833
670.2,0.0175
670.25,0.0175
670.3,0.01875
670.35,0.0175
670.4,0.016667
670.45,0.01875
670.5,0.02125
670.55,0.019167
670.6,0.02125
670.65,0.02125
670.7,0.022083
670.75,0.022083
670.8,0.020417
670.85,0.02125
670.9,0.02375
670.95,0.02125
671,0.019583
671.05,0.020417
671.1,0.017917
671.15,0.017917
671.2,0.01875
671.25,0.017917
671.3,0.019167
671.35,0.019167
671.4,0.019167
671.45,0.019583
671.5,0.020833
671.55,0.019167
671.6,0.020833
671.65,0.021667
671.7,0.021667
671.75,0.022917
671.8,0.02125
671.85,0.022083
671.9,0.021667
671.95,0.01875
672,0.019167
672.05,0.020833
672.1,0.0175
672.15,0.017083
672.2,0.017917
672.25,0.016667
672.3,0.018333
672.35,0.01625
672.4,0.017083
672.45,0.01875
672.5,0.020833
672.55,0.019583
672.6,0.022083
672.65,0.022083
672.7,0.021667
672.75,0.022083
672.8,0.021667
672.85,0.021667
672.9,0.0225
672.95,0.02
673,0.01875
673.05,0.020417
673.1,0.018333
673.15,0.016667
673.2,0.01625
673.25,0.0175
673.3,0.017083
673.35,0.018333
673.4,0.0175
673.45,0.020417
673.5,0.020833
673.55,0.019167
673.6,0.02125
673.65,0.02375
673.7,0.022083
673.75,0.021667
673.8,0.021667
673.85,0.02125
673.9,0.022083
673.95,0.02
674,0.018333
674.05,0.020417
674.1,0.017917
674.15,0.016667
674.2,0.017917
674.25,0.018333
674.3,0.019583
674.35,0.0175
674.4,0.016667
674.45,0.02
674.5,0.020417
674.55,0.020417
674.6,0.022083
674.65,0.023333
674.7,0.0225
674.75,0.0225
674.8,0.021667
674.85,0.020833
674.9,0.020833
674.95,0.019583
675,0.018333
675.05,0.019167
675.1,0.017083
675.15,0.015833
675.2,0.017083
675.25,0.01625
675.3,0.01625
675.35,0.017083
675.4,0.01625
675.45,0.020417
675.5,0.020417
675.55,0.01875
675.6,0.020833
675.65,0.021667
675.7,0.020833
675.75,0.021667
675.8,0.02125
675.85,0.021667
675.9,0.022083
675.95,0.02
676,0.017917
676.05,0.02
676.1,0.0175
676.15,0.016667
676.2,0.015833
676.25,0.017917
676.3,0.022083
676.35,0.015833
676.4,0.016667
676.45,0.019583
676.5,0.020833
676.55,0.019167
676.6,0.020833
676.65,0.021667
676.7,0.02125
676.75,0.020833
676.8,0.02
676.85,0.02125
676.9,0.020833
676.95,0.019583
677,0.017917
677.05,0.019167
677.1,0.0175
677.15,0.015417
677.2,0.017917
677.25,0.0175
677.3,0.017917
677.35,0.017917
677.4,0.016667
677.45,0.01875
677.5,0.019583
677.55,0.019583
677.6,0.021667
677.65,0.022083
677.7,0.021667
677.75,0.0225
677.8,0.02125
677.85,0.020417
677.9,0.02125
677.95,0.020417
678,0.01875
678.05,0.01875
678.1,0.017917
678.15,0.015417
678.2,0.0175
678.25,0.017083
678.3,0.0175
678.35,0.016667
678.4,0.01625
678.45,0.01875
678.5,0.020833
678.55,0.019167
678.6,0.02
678.65,0.021667
678.7,0.022083
678.75,0.021667
678.8,0.020833
678.85,0.02125
678.9,0.021667
678.95,0.01875
679,0.019167
679.05,0.019583
679.1,0.017917
679.15,0.017083
679.2,0.0175
679.25,0.017917
679.3,0.017917
679.35,0.0175
679.4,0.015833
679.45,0.019583
679.5,0.019583
679.55,0.0175
679.6,0.020417
679.65,0.021667
679.7,0.020833
679.75,0.020833
679.8,0.020833
679.85,0.02125
679.9,0.023333
679.95,0.019167
680,0.017917
680.05,0.02
680.1,0.0175
680.15,0.017083
680.2,0.015417
680.25,0.01625
680.3,0.01625
680.35,0.01625
680.4,0.01625
680.45,0.017917
680.5,0.018333
680.55,0.018333
680.6,0.019583
680.65,0.022083
680.7,0.02125
680.75,0.020833
680.8,0.020417
680.85,0.02
680.9,0.020833
680.95,0.018333
681,0.018333
681.05,0.01875
681.1,0.017083
681.15,0.015833
681.2,0.016667
681.25,0.0175
681.3,0.017917
681.35,0.01625
681.4,0.015
681.45,0.017917
681.5,0.020417
681.55,0.0175
681.6,0.02
681.65,0.02125
681.7,0.020833
681.75,0.020417
681.8,0.019167
681.85,0.020833
681.9,0.021667
681.95,0.017917
682,0.017083
682.05,0.017917
682.1,0.01875
682.15,0.015833
682.2,0.016667
682.25,0.0175
682.3,0.017917
682.35,0.016667
682.4,0.01625
682.45,0.01875
682.5,0.019583
682.55,0.018333
682.6,0.019167
682.65,0.020833
682.7,0.02125
682.75,0.02
682.8,0.019583
682.85,0.02
682.9,0.020833
682.95,0.01875
683,0.017083
683.05,0.019167
683.1,0.017083
683.15,0.016667
683.2,0.016667
683.25,0.015417
683.3,0.01625
683.35,0.01625
683.4,0.015833
683.45,0.017083
683.5,0.019583
683.55,0.017917
683.6,0.02
683.65,0.022083
683.7,0.020833
683.75,0.02125
683.8,0.020833
683.85,0.020417
683.9,0.020833
683.95,0.018333
684,0.017917
684.05,0.01875
684.1,0.0175
684.15,0.015
684.2,0.01625
684.25,0.016667
684.3,0.017083
684.35,0.016667
684.4,0.015833
684.45,0.019583
684.5,0.019167
684.55,0.017917
684.6,0.019583
684.65,0.021667
684.7,0.020833
684.75,0.02
684.8,0.019167
684.85,0.020833
684.9,0.019167
684.95,0.019167
685,0.017083
685.05,0.01875
685.1,0.0175
685.15,0.015
685.2,0.01625
685.25,0.01625
685.3,0.01625
685.35,0.015833
685.4,0.015
685.45,0.01875
685.5,0.020417
685.55,0.018333
685.6,0.020833
685.65,0.021667
685.7,0.020833
685.75,0.02125
685.8,0.02
685.85,0.02125
685.9,0.020417
685.95,0.01875
686,0.019583
686.05,0.018333
686.1,0.01625
686.15,0.015417
686.2,0.01625
686.25,0.016667
686.3,0.016667
686.35,0.0175
686.4,0.01625
686.45,0.018333
686.5,0.01875
686.55,0.017917
686.6,0.019583
686.65,0.020417
686.7,0.020417
686.75,0.020417
686.8,0.020833
686.85,0.02
686.9,0.019167
686.95,0.017917
687,0.017917
687.05,0.020417
687.1,0.0175
687.15,0.01625
687.2,0.01625
687.25,0.0175
687.3,0.017083
687.35,0.01625
687.4,0.01625
687.45,0.018333
687.5,0.01875
687.55,0.017083
687.6,0.01875
687.65,0.02125
687.7,0.020833
687.75,0.020417
687.8,0.02
687.85,0.02
687.9,0.021667
687.95,0.01875
688,0.0175
688.05,0.02
688.1,0.01625
688.15,0.01625
688.2,0.01625
688.25,0.017917
688.3,0.016667
688.35,0.015833
688.4,0.01625
688.45,0.017917
688.5,0.01875
688.55,0.0175
688.6,0.020833
688.65,0.020833
688.7,0.020833
688.75,0.020833
688.8,0.020417
688.85,0.021667
688.9,0.02125
688.95,0.01875
689,0.017917
689.05,0.01875
689.1,0.014583
689.15,0.015
689.2,0.015833
689.25,0.014583
689.3,0.015833
689.35,0.016667
689.4,0.015
689.45,0.0175
689.5,0.019167
689.55,0.017917
689.6,0.017917
689.65,0.020833
689.7,0.02
689.75,0.020833
689.8,0.019167
689.85,0.02
689.9,0.02
689.95,0.017083
690,0.017917
690.05,0.018333
690.1,0.016667
690.15,0.015417
690.2,0.015833
690.25,0.0175
690.3,0.017083
690.35,0.016667
690.4,0.015
690.45,0.017917
690.5,0.01875
690.55,0.017917
690.6,0.019583
690.65,0.022917
690.7,0.020417
690.75,0.020833
690.8,0.020833
690.85,0.02125
690.9,0.021667
690.95,0.018333
691,0.0175
691.05,0.017917
691.1,0.015
691.15,0.015
691.2,0.014583
691.25,0.015
691.3,0.015417
691.35,0.015
691.4,0.015417
691.45,0.017917
691.5,0.019583
691.55,0.016667
691.6,0.01875
691.65,0.0225
691.7,0.02
691.75,0.02
691.8,0.01875
691.85,0.01875
691.9,0.019583
691.95,0.017083
692,0.017917
692.05,0.01875
692.1,0.01625
692.15,0.015417
692.2,0.015417
692.25,0.01625
692.3,0.016667
692.35,0.01625
692.4,0.01625
692.45,0.01625
692.5,0.0175
692.55,0.016667
692.6,0.01875
692.65,0.019167
692.7,0.019583
692.75,0.020833
692.8,0.017917
692.85,0.019167
692.9,0.019583
692.95,0.01875
693,0.0175
693.05,0.01875
693.1,0.0175
693.15,0.014167
693.2,0.01625
693.25,0.0175
693.3,0.016667
693.35,0.01625
693.4,0.014583
693.45,0.017083
693.5,0.019583
693.55,0.016667
693.6,0.016667
693.65,0.020833
693.7,0.019583
693.75,0.02
693.8,0.019583
693.85,0.016667
693.9,0.019583
693.95,0.018333
694,0.016667
694.05,0.01875
694.1,0.016667
694.15,0.014583
694.2,0.015
694.25,0.015
694.3,0.015
694.35,0.015417
694.4,0.014583
694.45,0.017083
694.5,0.018333
694.55,0.0175
694.6,0.018333
694.65,0.020417
694.7,0.020417
694.75,0.020417
694.8,0.02
694.85,0.02
694.9,0.02
694.95,0.018333
695,0.016667
695.05,0.018333
695.1,0.015417
695.15,0.014167
695.2,0.016667
695.25,0.015833
695.3,0.015833
695.35,0.01625
695.4,0.015833
695.45,0.017917
695.5,0.018333
695.55,0.017917
695.6,0.018333
695.65,0.020833
695.7,0.02
695.75,0.01875
695.8,0.017917
695.85,0.018333
695.9,0.02
695.95,0.017917
696,0.016667
696.05,0.018333
696.1,0.015
696.15,0.01375
696.2,0.014583
696.25,0.014583
696.3,0.015
696.35,0.01375
696.4,0.01375
696.45,0.017083
696.5,0.017917
696.55,0.015417
696.6,0.019583
696.65,0.019583
696.7,0.02
696.75,0.019167
696.8,0.019167
696.85,0.020833
696.9,0.020833
696.95,0.0175
697,0.01625
697.05,0.0175
697.1,0.015833
697.15,0.014167
697.2,0.014167
697.25,0.015
697.3,0.015
697.35,0.015417
697.4,0.014583
697.45,0.017083
697.5,0.016667
697.55,0.015417
697.6,0.016667
697.65,0.01875
697.7,0.01875
697.75,0.018333
697.8,0.02125
697.85,0.0175
697.9,0.018333
697.95,0.016667
698,0.015
698.05,0.015417
698.1,0.015417
698.15,0.014167
698.2,0.015
698.25,0.014583
698.3,0.015
698.35,0.014167
698.4,0.014583
698.45,0.01625
698.5,0.0175
698.55,0.015417
698.6,0.0175
698.65,0.019167
698.7,0.01875
698.75,0.018333
698.8,0.0175
698.85,0.019167
698.9,0.017917
698.95,0.017083
699,0.01625
699.05,0.017917
699.1,0.015
699.15,0.012917
699.2,0.01375
699.25,0.014583
699.3,0.01375
699.35,0.015
699.4,0.013333
699.45,0.01625
699.5,0.01625
699.55,0.01625
699.6,0.0175
699.65,0.020417
699.7,0.017917
699.75,0.018333
699.8,0.01875
699.85,0.019167
699.9,0.017917
699.95,0.017083
700,0.015833
700.05,0.0175
700.1,0.015833
700.15,0.013333
700.2,0.014583
700.25,0.015
700.3,0.015
700.35,0.014167
700.4,0.01375
700.45,0.017083
700.5,0.017917
700.55,0.01625
700.6,0.01875
700.65,0.019167
700.7,0.0175
700.75,0.02
700.8,0.017917
700.85,0.02
700.9,0.019167
700.95,0.017917
701,0.016667
701.05,0.0175
701.1,0.015417
701.15,0.014167
701.2,0.01625
701.25,0.015833
701.3,0.015417
701.35,0.015
701.4,0.01625
701.45,0.01625
701.5,0.017917
701.55,0.015417
701.6,0.018333
701.65,0.019167
701.7,0.01875
701.75,0.01875
701.8,0.019167
701.85,0.01875
701.9,0.01875
701.95,0.016667
702,0.01375
702.05,0.017917
702.1,0.01625
702.15,0.01375
702.2,0.015
702.25,0.014583
702.3,0.015
702.35,0.012917
702.4,0.014167
702.45,0.016667
702.5,0.017083
702.55,0.015
702.6,0.017917
702.65,0.019583
702.7,0.02
702.75,0.02
702.8,0.019167
702.85,0.019583
702.9,0.02
702.95,0.017083
703,0.01625
703.05,0.0175
703.1,0.016667
703.15,0.014583
703.2,0.015417
703.25,0.015833
703.3,0.015417
703.35,0.015417
703.4,0.015
703.45,0.015833
703.5,0.01625
703.55,0.015833
703.6,0.017917
703.65,0.019583
703.7,0.017917
703.75,0.019167
703.8,0.017917
703.85,0.018333
703.9,0.019583
703.95,0.0175
704,0.016667
704.05,0.017917
704.1,0.015833
704.15,0.015
704.2,0.015
704.25,0.014167
704.3,0.014583
704.35,0.015417
704.4,0.014583
704.45,0.01625
704.5,0.0175
704.55,0.015833
704.6,0.017917
704.65,0.019583
704.7,0.019583
704.75,0.01875
704.8,0.019167
704.85,0.019583
704.9,0.019167
704.95,0.017083
705,0.01625
705.05,0.0175
705.1,0.015417
705.15,0.013333
705.2,0.013333
705.25,0.015
705.3,0.014583
705.35,0.01375
705.4,0.014167
705.45,0.01625
705.5,0.017083
705.55,0.015833
705.6,0.0175
705.65,0.01875
705.7,0.017917
705.75,0.017917
705.8,0.017917
705.85,0.018333
705.9,0.018333
705.95,0.016667
706,0.015417
706.05,0.017083
706.1,0.015
706.15,0.012083
706.2,0.013333
706.25,0.01375
706.3,0.012083
706.35,0.01375
706.4,0.01375
706.45,0.017083
706.5,0.017083
706.55,0.015
706.6,0.015
706.65,0.01875
706.7,0.017917
706.75,0.017917
706.8,0.017917
706.85,0.017083
706.9,0.017083
706.95,0.016667
707,0.015417
707.05,0.015833
707.1,0.015417
707.15,0.014583
707.2,0.015
707.25,0.014167
707.3,0.014583
707.35,0.014583
707.4,0.013333
707.45,0.016667
707.5,0.01625
707.55,0.01625
707.6,0.016667
707.65,0.02
707.7,0.019167
707.75,0.017917
707.8,0.018333
707.85,0.019167
707.9,0.018333
707.95,0.01625
708,0.015833
708.05,0.016667
708.1,0.015
708.15,0.012917
708.2,0.01375
708.25,0.01375
708.3,0.013333
708.35,0.01375
708.4,0.0125
708.45,0.01625
708.5,0.015833
708.55,0.015
708.6,0.017083
708.65,0.019167
708.7,0.01875
708.75,0.01875
708.8,0.018333
708.85,0.02
708.9,0.017917
708.95,0.016667
709,0.01625
709.05,0.017917
709.1,0.015
709.15,0.014167
709.2,0.015
709.25,0.01375
709.3,0.014167
709.35,0.015417
709.4,0.012917
709.45,0.015417
709.5,0.016667
709.55,0.015833
709.6,0.016667
709.65,0.019583
709.7,0.0175
709.75,0.019583
709.8,0.017917
709.85,0.0175
709.9,0.017917
709.95,0.016667
710,0.015833
710.05,0.017083
710.1,0.015
710.15,0.01375
710.2,0.01375
710.25,0.01375
710.3,0.014167
710.35,0.015
710.4,0.014167
710.45,0.015
710.5,0.015833
710.55,0.015833
710.6,0.017917
710.65,0.019167
710.7,0.017917
710.75,0.0175
710.8,0.01875
710.85,0.017917
710.9,0.017917
710.95,0.017083
711,0.015
711.05,0.017083
711.1,0.013333
711.15,0.011667
711.2,0.0125
711.25,0.012917
711.3,0.0125
711.35,0.0125
711.4,0.0125
711.45,0.015417
711.5,0.0175
711.55,0.014167
711.6,0.01625
711.65,0.016667
711.7,0.015833
711.75,0.017917
711.8,0.016667
711.85,0.017917
711.9,0.01875
711.95,0.015
712,0.015417
712.05,0.015833
712.1,0.013333
712.15,0.011667
712.2,0.012917
712.25,0.012917
712.3,0.013333
712.35,0.014167
712.4,0.011667
712.45,0.015
712.5,0.01625
712.55,0.015
712.6,0.0175
712.65,0.018333
712.7,0.015417
712.75,0.017083
712.8,0.015417
712.85,0.015833
712.9,0.017917
712.95,0.01625
713,0.015833
713.05,0.0175
713.1,0.015417
713.15,0.014167
713.2,0.014583
713.25,0.015
713.3,0.014583
713.35,0.01375
713.4,0.013333
713.45,0.015417
713.5,0.015417
713.55,0.014167
713.6,0.015
713.65,0.017917
713.7,0.016667
713.75,0.01625
713.8,0.017083
713.85,0.0175
713.9,0.017917
713.95,0.016667
714,0.01375
714.05,0.016667
714.1,0.01375
714.15,0.011667
714.2,0.012083
714.25,0.012083
714.3,0.013333
714.35,0.011667
714.4,0.011667
714.45,0.014167
714.5,0.015
714.55,0.014167
714.6,0.016667
714.65,0.018333
714.7,0.0175
714.75,0.016667
714.8,0.01625
714.85,0.017917
714.9,0.017917
714.95,0.015
715,0.014583
715.05,0.016667
715.1,0.012917
715.15,0.012917
715.2,0.01375
715.25,0.01375
715.3,0.0125
715.35,0.014583
715.4,0.012917
715.45,0.015417
715.5,0.015833
715.55,0.015417
715.6,0.01625
715.65,0.017917
715.7,0.016667
715.75,0.0175
715.8,0.017917
715.85,0.016667
715.9,0.017917
715.95,0.015833
716,0.016667
716.05,0.01625
716.1,0.015
716.15,0.011667
716.2,0.013333
716.25,0.012917
716.3,0.012083
716.35,0.013333
716.4,0.0125
716.45,0.015
716.5,0.015833
716.55,0.014167
716.6,0.0175
716.65,0.017917
716.7,0.016667
716.75,0.016667
716.8,0.016667
716.85,0.017083
716.9,0.0175
716.95,0.015833
717,0.015833
717.05,0.016667
717.1,0.015
717.15,0.012083
717.2,0.0125
717.25,0.012917
717.3,0.01375
717.35,0.012917
717.4,0.0125
717.45,0.015
717.5,0.015833
717.55,0.013333
717.6,0.017083
717.65,0.018333
717.7,0.017083
717.75,0.017083
717.8,0.016667
717.85,0.018333
717.9,0.017083
717.95,0.015417
718,0.015
718.05,0.01625
718.1,0.014167
718.15,0.0125
718.2,0.013333
718.25,0.011667
718.3,0.01375
718.35,0.01375
718.4,0.013333
718.45,0.014583
718.5,0.015
718.55,0.015
718.6,0.01625
718.65,0.019583
718.7,0.015833
718.75,0.016667
718.8,0.033333
718.85,0.01625
718.9,0.016667
718.95,0.015
719,0.015833
719.05,0.015833
719.1,0.015
719.15,0.012917
719.2,0.014167
719.25,0.014583
719.3,0.01375
719.35,0.013333
719.4,0.012917
719.45,0.015
719.5,0.015417
719.55,0.014167
719.6,0.015417
719.65,0.017917
719.7,0.0175
719.75,0.016667
719.8,0.017083
719.85,0.017917
719.9,0.01875
719.95,0.015833
720,0.014167
720.05,0.015833
720.1,0.014583
720.15,0.01125
720.2,0.0125
720.25,0.012917
720.3,0.0125
720.35,0.012917
720.4,0.011667
720.45,0.014583
720.5,0.015417
720.55,0.01375
720.6,0.016667
720.65,0.017917
720.7,0.0175
720.75,0.017917
720.8,0.0175
720.85,0.018333
720.9,0.017917
720.95,0.015417
721,0.015
721.05,0.0175
721.1,0.015
721.15,0.0125
721.2,0.01375
721.25,0.014167
721.3,0.014167
721.35,0.014583
721.4,0.01375
721.45,0.015
721.5,0.015
721.55,0.014583
721.6,0.01625
721.65,0.018333
721.7,0.017917
721.75,0.017083
721.8,0.0175
721.85,0.01625
721.9,0.0175
721.95,0.01625
722,0.014583
722.05,0.01625
722.1,0.014167
722.15,0.012083
722.2,0.013333
722.25,0.014583
722.3,0.011667
722.35,0.012917
722.4,0.012917
722.45,0.015417
722.5,0.015
722.55,0.013333
722.6,0.015
722.65,0.017917
722.7,0.017083
722.75,0.016667
722.8,0.017917
722.85,0.017917
722.9,0.0175
722.95,0.015417
723,0.015
723.05,0.01625
723.1,0.015
723.15,0.012083
723.2,0.01375
723.25,0.0125
723.3,0.012083
723.35,0.011667
723.4,0.01125
723.45,0.014167
723.5,0.015
723.55,0.0125
723.6,0.015
723.65,0.01875
723.7,0.016667
723.75,0.017083
723.8,0.016667
723.85,0.017083
723.9,0.016667
723.95,0.014167
724,0.01375
724.05,0.015417
724.1,0.014167
724.15,0.011667
724.2,0.0125
724.25,0.012917
724.3,0.0125
724.35,0.012083
724.4,0.011667
724.45,0.015
724.5,0.01375
724.55,0.01375
724.6,0.01625
724.65,0.017083
724.7,0.015833
724.75,0.016667
724.8,0.0175
724.85,0.01625
724.9,0.01625
724.95,0.015417
725,0.014167
725.05,0.015
725.1,0.012917
725.15,0.012083
725.2,0.012083
725.25,0.01375
725.3,0.012917
725.35,0.012917
725.4,0.012083
725.45,0.015
725.5,0.01375
725.55,0.014583
725.6,0.015
725.65,0.0175
725.7,0.015833
725.75,0.015833
725.8,0.015417
725.85,0.016667
725.9,0.0175
725.95,0.015
726,0.015
726.05,0.015
726.1,0.014167
726.15,0.012083
726.2,0.0125
726.25,0.01125
726.3,0.011667
726.35,0.01125
726.4,0.011667
726.45,0.01375
726.5,0.015
726.55,0.0125
726.6,0.015
726.65,0.017917
726.7,0.0175
726.75,0.01625
726.8,0.0175
726.85,0.016667
726.9,0.018333
726.95,0.015
727,0.013333
727.05,0.015
727.1,0.013333
727.15,0.011667
727.2,0.012917
727.25,0.012083
727.3,0.011667
727.35,0.012917
727.4,0.01125
727.45,0.01375
727.5,0.015833
727.55,0.0125
727.6,0.015833
727.65,0.016667
727.7,0.015833
727.75,0.017083
727.8,0.01625
727.85,0.015833
727.9,0.015
727.95,0.015
728,0.013333
728.05,0.015417
728.1,0.014167
728.15,0.0125
728.2,0.0125
728.25,0.012917
728.3,0.0125
728.35,0.011667
728.4,0.011667
728.45,0.014167
728.5,0.014167
728.55,0.012917
728.6,0.01625
728.65,0.017083
728.7,0.015
728.75,0.015417
728.8,0.017917
728.85,0.0175
728.9,0.0175
728.95,0.014583
729,0.013333
729.05,0.015
729.1,0.012917
729.15,0.010417
729.2,0.011667
729.25,0.011667
729.3,0.011667
729.35,0.01125
729.4,0.011667
729.45,0.012917
729.5,0.0125
729.55,0.014583
729.6,0.013333
729.65,0.016667
729.7,0.015417
729.75,0.015417
729.8,0.015833
729.85,0.016667
729.9,0.0175
729.95,0.015833
730,0.015
730.05,0.015833
730.1,0.013333
730.15,0.010833
730.2,0.01125
730.25,0.010417
730.3,0.015833
730.35,0.010833
730.4,0.01
730.45,0.013333
730.5,0.012917
730.55,0.0125
730.6,0.015
730.65,0.017917
730.7,0.016667
730.75,0.015417
730.8,0.01625
730.85,0.017083
730.9,0.01625
730.95,0.015
731,0.015
731.05,0.015417
731.1,0.014167
731.15,0.0125
731.2,0.0125
731.25,0.01375
731.3,0.012083
731.35,0.011667
731.4,0.012083
731.45,0.014167
731.5,0.01375
731.55,0.0125
731.6,0.014167
731.65,0.015833
731.7,0.01625
731.75,0.01375
731.8,0.015
731.85,0.015833
731.9,0.014583
731.95,0.013333
732,0.0125
732.05,0.015
732.1,0.013333
732.15,0.010417
732.2,0.0125
732.25,0.01375
732.3,0.0125
732.35,0.01125
732.4,0.012083
732.45,0.01375
732.5,0.013333
732.55,0.0125
732.6,0.014583
732.65,0.017083
732.7,0.014167
732.75,0.015833
732.8,0.017083
732.85,0.015833
732.9,0.016667
732.95,0.014583
733,0.012917
733.05,0.015
733.1,0.0125
733.15,0.01
733.2,0.01125
733.25,0.011667
733.3,0.01
733.35,0.010833
733.4,0.01125
733.45,0.013333
733.5,0.014167
733.55,0.01375
733.6,0.01375
733.65,0.017083
733.7,0.015417
733.75,0.015417
733.8,0.015
733.85,0.015833
733.9,0.01625
733.95,0.014167
734,0.013333
734.05,0.014583
734.1,0.0125
734.15,0.011667
734.2,0.012917
734.25,0.0125
734.3,0.011667
734.35,0.011667
734.4,0.01125
734.45,0.012917
734.5,0.013333
734.55,0.012917
734.6,0.01375
734.65,0.01625
734.7,0.014583
734.75,0.015
734.8,0.015417
734.85,0.015833
734.9,0.015417
734.95,0.014583
735,0.014167
735.05,0.015
735.1,0.012083
735.15,0.010833
735.2,0.01125
735.25,0.01125
735.3,0.010833
735.35,0.010833
735.4,0.01125
735.45,0.013333
735.5,0.01375
735.55,0.013333
735.6,0.014167
735.65,0.016667
735.7,0.014167
735.75,0.01625
735.8,0.015
735.85,0.015833
735.9,0.015417
735.95,0.014167
736,0.012917
736.05,0.015833
736.1,0.0125
736.15,0.01
736.2,0.012083
736.25,0.011667
736.3,0.01125
736.35,0.012083
736.4,0.010833
736.45,0.0125
736.5,0.014583
736.55,0.013333
736.6,0.0125
736.65,0.020417
736.7,0.015
736.75,0.015417
736.8,0.016667
736.85,0.015
736.9,0.017083
736.95,0.014583
737,0.012917
737.05,0.015417
737.1,0.012083
737.15,0.010833
737.2,0.011667
737.25,0.011667
737.3,0.011667
737.35,0.011667
737.4,0.01125
737.45,0.012917
737.5,0.01375
737.55,0.0125
737.6,0.014583
737.65,0.015
737.7,0.015417
737.75,0.01625
737.8,0.017083
737.85,0.015417
737.9,0.016667
737.95,0.015417
738,0.013333
738.05,0.015
738.1,0.01375
738.15,0.010833
738.2,0.012083
738.25,0.01125
738.3,0.01125
738.35,0.011667
738.4,0.013333
738.45,0.013333
738.5,0.01375
738.55,0.01125
738.6,0.01375
738.65,0.015
738.7,0.015
738.75,0.015
738.8,0.015
738.85,0.015
738.9,0.015
738.95,0.014583
739,0.01375
739.05,0.015417
739.1,0.012917
739.15,0.01125
739.2,0.011667
739.25,0.011667
739.3,0.011667
739.35,0.01125
739.4,0.01125
739.45,0.012083
739.5,0.013333
739.55,0.01125
739.6,0.015
739.65,0.016667
739.7,0.01625
739.75,0.015
739.8,0.01625
739.85,0.01625
739.9,0.016667
739.95,0.014167
740,0.013333
740.05,0.015417
740.1,0.0125
740.15,0.01125
740.2,0.011667
740.25,0.011667
740.3,0.011667
740.35,0.011667
740.4,0.011667
740.45,0.01375
740.5,0.013333
740.55,0.01375
740.6,0.01375
740.65,0.01625
740.7,0.015417
740.75,0.015833
740.8,0.01625
740.85,0.015833
740.9,0.015833
740.95,0.014583
741,0.014167
741.05,0.014583
741.1,0.012917
741.15,0.01125
741.2,0.011667
741.25,0.012083
741.3,0.012083
741.35,0.011667
741.4,0.011667
741.45,0.011667
741.5,0.0125
741.55,0.011667
741.6,0.013333
741.65,0.01625
741.7,0.014583
741.75,0.015
741.8,0.015833
741.85,0.015833
741.9,0.015
741.95,0.014167
742,0.01375
742.05,0.015
742.1,0.012083
742.15,0.01
742.2,0.010417
742.25,0.011667
742.3,0.0091667
742.35,0.010417
742.4,0.011667
742.45,0.012083
742.5,0.012917
742.55,0.011667
742.6,0.013333
742.65,0.015833
742.7,0.015
742.75,0.014167
742.8,0.015417
742.85,0.015417
742.9,0.015
742.95,0.014167
743,0.012917
743.05,0.014167
743.1,0.0125
743.15,0.010417
743.2,0.01
743.25,0.010833
743.3,0.0095833
743.35,0.010833
743.4,0.010417
743.45,0.01125
743.5,0.0125
743.55,0.012083
743.6,0.01375
743.65,0.015
743.7,0.015
743.75,0.014167
743.8,0.014583
743.85,0.015
743.9,0.015
743.95,0.01375
744,0.013333
744.05,0.01375
744.1,0.011667
744.15,0.010833
744.2,0.01125
744.25,0.011667
744.3,0.0095833
744.35,0.011667
744.4,0.010833
744.45,0.011667
744.5,0.01375
744.55,0.011667
744.6,0.013333
744.65,0.016667
744.7,0.013333
744.75,0.014583
744.8,0.014583
744.85,0.014583
744.9,0.015
744.95,0.012917
745,0.0125
745.05,0.015
745.1,0.012083
745.15,0.00875
745.2,0.0125
745.25,0.012083
745.3,0.011667
745.35,0.010833
745.4,0.011667
745.45,0.01125
745.5,0.01375
745.55,0.010833
745.6,0.013333
745.65,0.014167
745.7,0.014167
745.75,0.014167
745.8,0.014167
745.85,0.015417
745.9,0.015
745.95,0.012917
746,0.012917
746.05,0.015
746.1,0.011667
746.15,0.01125
746.2,0.01
746.25,0.010833
746.3,0.010833
746.35,0.0091667
746.4,0.01
746.45,0.0125
746.5,0.013333
746.55,0.010833
746.6,0.012917
746.65,0.014583
746.7,0.013333
746.75,0.014167
746.8,0.014583
746.85,0.014583
746.9,0.013333
746.95,0.01375
747,0.013333
747.05,0.0125
747.1,0.010833
747.15,0.00875
747.2,0.0091667
747.25,0.01125
747.3,0.00875
747.35,0.0095833
747.4,0.010833
747.45,0.01125
747.5,0.01125
747.55,0.01125
747.6,0.012083
747.65,0.01375
747.7,0.012917
747.75,0.01375
747.8,0.014583
747.85,0.012917
747.9,0.01375
747.95,0.012083
748,0.011667
748.05,0.014167
748.1,0.011667
748.15,0.01
748.2,0.011667
748.25,0.011667
748.3,0.010833
748.35,0.01125
748.4,0.010417
748.45,0.012083
748.5,0.013333
748.55,0.010417
748.6,0.012083
748.65,0.015417
748.7,0.015
748.75,0.01375
748.8,0.015
748.85,0.015833
748.9,0.015
748.95,0.01375
749,0.012917
749.05,0.01375
749.1,0.012083
749.15,0.01
749.2,0.011667
749.25,0.010833
749.3,0.01125
749.35,0.0095833
749.4,0.00875
749.45,0.0125
749.5,0.012083
749.55,0.010417
749.6,0.012917
749.65,0.015417
749.7,0.01375
749.75,0.014167
749.8,0.014583
749.85,0.014583
749.9,0.015
749.95,0.01375
750,0.012083
750.05,0.012917
750.1,0.01125
750.15,0.0091667
750.2,0.01
750.25,0.010833
750.3,0.00875
750.35,0.0091667
750.4,0.00875
750.45,0.010833
750.5,0.012083
750.55,0.011667
750.6,0.012917
750.65,0.015
750.7,0.013333
750.75,0.014167
750.8,0.015
750.85,0.012917
750.9,0.014583
750.95,0.012917
751,0.0125
751.05,0.012917
751.1,0.012917
751.15,0.010833
751.2,0.010833
751.25,0.010833
751.3,0.010417
751.35,0.01125
751.4,0.01
751.45,0.010833
751.5,0.011667
751.55,0.01
751.6,0.0125
751.65,0.014583
751.7,0.014167
751.75,0.015417
751.8,0.01625
751.85,0.014583
751.9,0.015417
751.95,0.012917
752,0.012917
752.05,0.014167
752.1,0.012917
752.15,0.010417
752.2,0.010833
752.25,0.010417
752.3,0.01
752.35,0.010417
752.4,0.010833
752.45,0.012083
752.5,0.012083
752.55,0.01
752.6,0.012083
752.65,0.014167
752.7,0.0125
752.75,0.01375
752.8,0.013333
752.85,0.01375
752.9,0.013333
752.95,0.012917
753,0.012083
753.05,0.01375
753.1,0.012083
753.15,0.0091667
753.2,0.01
753.25,0.010833
753.3,0.0091667
753.35,0.01125
753.4,0.01
753.45,0.010833
753.5,0.012083
753.55,0.010833
753.6,0.012083
753.65,0.015
753.7,0.012917
753.75,0.014167
753.8,0.014583
753.85,0.012917
753.9,0.014583
753.95,0.012917
754,0.011667
754.05,0.013333
754.1,0.010833
754.15,0.0091667
754.2,0.0095833
754.25,0.0095833
754.3,0.0095833
754.35,0.0095833
754.4,0.00875
754.45,0.010417
754.5,0.011667
754.55,0.0095833
754.6,0.012083
754.65,0.014583
754.7,0.012917
754.75,0.012917
754.8,0.014167
754.85,0.014167
754.9,0.015
754.95,0.011667
755,0.011667
755.05,0.013333
755.1,0.011667
755.15,0.00875
755.2,0.011667
755.25,0.01
755.3,0.0095833
755.35,0.010417
755.4,0.01125
755.45,0.011667
755.5,0.012083
755.55,0.0095833
755.6,0.012083
755.65,0.015833
755.7,0.01375
755.75,0.013333
755.8,0.015
755.85,0.015
755.9,0.014167
755.95,0.012917
756,0.0125
756.05,0.013333
756.1,0.011667
756.15,0.0091667
756.2,0.0095833
756.25,0.010833
756.3,0.01
756.35,0.00875
756.4,0.01
756.45,0.011667
756.5,0.011667
756.55,0.010417
756.6,0.0125
756.65,0.014167
756.7,0.012917
756.75,0.015
756.8,0.01375
756.85,0.015
756.9,0.014583
756.95,0.0125
757,0.011667
757.05,0.012917
757.1,0.012083
757.15,0.010417
757.2,0.010417
757.25,0.0095833
757.3,0.0091667
757.35,0.01
757.4,0.0091667
757.45,0.010417
757.5,0.010833
757.55,0.01125
757.6,0.012083
757.65,0.0125
757.7,0.01375
757.75,0.014167
757.8,0.014167
757.85,0.015
757.9,0.01375
757.95,0.012083
758,0.011667
758.05,0.014167
758.1,0.012083
758.15,0.00875
758.2,0.01
758.25,0.010833
758.3,0.0095833
758.35,0.0095833
758.4,0.010833
758.45,0.011667
758.5,0.012917
758.55,0.010833
758.6,0.0125
758.65,0.015
758.7,0.01375
758.75,0.0125
758.8,0.012917
758.85,0.015
758.9,0.015
758.95,0.012083
759,0.0125
759.05,0.01375
759.1,0.0125
759.15,0.0091667
759.2,0.0095833
759.25,0.01
759.3,0.0095833
759.35,0.010417
759.4,0.010417
759.45,0.0125
759.5,0.0125
759.55,0.010833
759.6,0.0125
759.65,0.015
759.7,0.01375
759.75,0.012917
759.8,0.014583
759.85,0.015
759.9,0.014167
759.95,0.011667
760,0.012083
760.05,0.01375
760.1,0.0125
760.15,0.023333
760.2,0.011667
760.25,0.010833
760.3,0.0095833
760.35,0.010417
760.4,0.01
760.45,0.011667
760.5,0.01125
760.55,0.010833
760.6,0.012083
760.65,0.014583
760.7,0.012917
760.75,0.013333
760.8,0.014583
760.85,0.015
760.9,0.01375
760.95,0.012917
761,0.012917
761.05,0.012917
761.1,0.011667
761.15,0.0091667
761.2,0.011667
761.25,0.00875
761.3,0.00875
761.35,0.00875
761.4,0.00875
761.45,0.010417
761.5,0.01125
761.55,0.00875
761.6,0.01125
761.65,0.015
761.7,0.011667
761.75,0.0125
761.8,0.013333
761.85,0.013333
761.9,0.014583
761.95,0.012083
762,0.011667
762.05,0.013333
762.1,0.011667
762.15,0.00875
762.2,0.01
762.25,0.01125
762.3,0.0083333
762.35,0.0095833
762.4,0.00875
762.45,0.010417
762.5,0.011667
762.55,0.0083333
762.6,0.010417
762.65,0.014583
762.7,0.011667
762.75,0.011667
762.8,0.013333
762.85,0.012917
762.9,0.0125
762.95,0.011667
763,0.010417
763.05,0.013333
763.1,0.010417
763.15,0.0091667
763.2,0.010833
763.25,0.010417
763.3,0.0095833
763.35,0.00875
763.4,0.0091667
763.45,0.010417
763.5,0.01125
763.55,0.01
763.6,0.011667
763.65,0.014167
763.7,0.012917
763.75,0.01375
763.8,0.013333
763.85,0.012917
763.9,0.013333
763.95,0.0125
764,0.011667
764.05,0.012917
764.1,0.011667
764.15,0.0091667
764.2,0.01
764.25,0.01
764.3,0.0083333
764.35,0.0095833
764.4,0.01
764.45,0.00875
764.5,0.010833
764.55,0.0091667
764.6,0.010417
764.65,0.0125
764.7,0.011667
764.75,0.012917
764.8,0.013333
764.85,0.012917
764.9,0.012083
764.95,0.013333
765,0.01125
765.05,0.012917
765.1,0.01125
765.15,0.0095833
765.2,0.012083
765.25,0.0083333
765.3,0.00875
765.35,0.0095833
765.4,0.0091667
765.45,0.010833
765.5,0.010417
765.55,0.0091667
765.6,0.01125
765.65,0.015
765.7,0.01375
765.75,0.013333
765.8,0.013333
765.85,0.014167
765.9,0.014583
765.95,0.01375
766,0.011667
766.05,0.0125
766.1,0.010833
766.15,0.00875
766.2,0.01125
766.25,0.00875
766.3,0.00875
766.35,0.0095833
766.4,0.00875
766.45,0.011667
766.5,0.01125
766.55,0.01
766.6,0.012083
766.65,0.01375
766.7,0.01375
766.75,0.011667
766.8,0.013333
766.85,0.014167
766.9,0.012917
766.95,0.011667
767,0.011667
767.05,0.014167
767.1,0.010417
767.15,0.00875
767.2,0.01
767.25,0.010833
767.3,0.00875
767.35,0.00875
767.4,0.00875
767.45,0.0095833
767.5,0.010417
767.55,0.0095833
767.6,0.011667
767.65,0.012917
767.7,0.012083
767.75,0.011667
767.8,0.011667
767.85,0.0125
767.9,0.012083
767.95,0.012083
768,0.010833
768.05,0.011667
768.1,0.0095833
768.15,0.00875
768.2,0.0095833
768.25,0.00875
768.3,0.0083333
768.35,0.0083333
768.4,0.0079167
768.45,0.0083333
768.5,0.01
768.55,0.00875
768.6,0.010417
768.65,0.0125
768.7,0.011667
768.75,0.011667
768.8,0.013333
768.85,0.0125
768.9,0.01375
768.95,0.01125
769,0.011667
769.05,0.013333
769.1,0.010833
769.15,0.0083333
769.2,0.00875
769.25,0.0083333
769.3,0.0075
769.35,0.00875
769.4,0.00875
769.45,0.010417
769.5,0.010833
769.55,0.00875
769.6,0.01125
769.65,0.013333
769.7,0.0125
769.75,0.012083
769.8,0.013333
769.85,0.014167
769.9,0.012083
769.95,0.011667
770,0.010833
770.05,0.012917
770.1,0.010417
770.15,0.00875
770.2,0.01
770.25,0.0091667
770.3,0.00875
770.35,0.0079167
770.4,0.0083333
770.45,0.010417
770.5,0.010833
770.55,0.00875
770.6,0.010417
770.65,0.01375
770.7,0.012083
770.75,0.012083
770.8,0.012917
770.85,0.012083
770.9,0.012083
770.95,0.011667
771,0.01
771.05,0.0125
771.1,0.010417
771.15,0.0083333
771.2,0.010833
771.25,0.0091667
771.3,0.0083333
771.35,0.00875
771.4,0.0095833
771.45,0.00875
771.5,0.010417
771.55,0.00875
771.6,0.010417
771.65,0.012917
771.7,0.011667
771.75,0.0125
771.8,0.014167
771.85,0.012917
771.9,0.012083
771.95,0.011667
772,0.010833
772.05,0.0125
772.1,0.011667
772.15,0.00875
772.2,-0.0033333
772.25,0.00875
772.3,0.0079167
772.35,0.00875
772.4,0.0083333
772.45,0.0095833
772.5,0.0095833
772.55,0.0083333
772.6,0.01125
772.65,0.012083
772.7,0.012083
772.75,0.01125
772.8,0.012917
772.85,0.013333
772.9,0.0125
772.95,0.012083
773,0.01
773.05,0.011667
773.1,0.01
773.15,0.0083333
773.2,0.00875
773.25,0.00875
773.3,0.0083333
773.35,0.0079167
773.4,0.0083333
773.45,0.01
773.5,0.0095833
773.55,0.0091667
773.6,0.010833
773.65,0.013333
773.7,0.011667
773.75,0.011667
773.8,0.012917
773.85,0.013333
773.9,0.0125
773.95,0.01125
774,0.012083
774.05,0.0125
774.1,0.01
774.15,0.0079167
774.2,0.00875
774.25,0.01
774.3,0.0095833
774.35,0.0079167
774.4,0.00875
774.45,0.01
774.5,0.0095833
774.55,0.0091667
774.6,0.010417
774.65,0.0125
774.7,0.011667
774.75,0.0125
774.8,0.013333
774.85,0.012917
774.9,0.012083
774.95,0.011667
775,0.011667
775.05,0.0125
775.1,0.01125
775.15,0.00875
775.2,0.00875
775.25,0.0091667
775.3,0.0083333
775.35,0.0091667
775.4,0.010417
775.45,0.0091667
775.5,0.0095833
775.55,0.010417
775.6,0.010833
775.65,0.011667
775.7,0.011667
775.75,0.011667
775.8,0.01375
775.85,0.01375
775.9,0.012917
775.95,0.01125
776,0.011667
776.05,0.0125
776.1,0.011667
776.15,0.00875
776.2,0.0091667
776.25,0.00875
776.3,0.0083333
776.35,0.00875
776.4,0.0083333
776.45,0.0095833
776.5,0.01
776.55,0.00875
776.6,0.010833
776.65,0.014167
776.7,0.01125
776.75,0.011667
776.8,0.012917
776.85,0.0125
776.9,0.0125
776.95,0.01125
777,0.01125
777.05,0.012917
777.1,0.010833
777.15,0.0075
777.2,0.0091667
777.25,0.00875
777.3,0.0075
777.35,0.00875
777.4,0.0075
777.45,0.0091667
777.5,0.010833
777.55,0.0091667
777.6,0.010833
777.65,0.014167
777.7,0.01125
777.75,0.0125
777.8,0.013333
777.85,0.012917
777.9,0.012917
777.95,0.010833
778,0.0095833
778.05,0.012083
778.1,0.01125
778.15,0.0083333
778.2,0.0091667
778.25,0.00875
778.3,0.0066667
778.35,0.0083333
778.4,0.0083333
778.45,0.010417
778.5,0.01
778.55,0.0091667
778.6,0.010417
778.65,0.0125
778.7,0.012083
778.75,0.012083
778.8,0.0125
778.85,0.011667
778.9,0.012917
778.95,0.011667
779,0.01125
779.05,0.011667
779.1,0.0095833
779.15,0.00875
779.2,0.01
779.25,0.00875
779.3,0.0066667
779.35,0.01
779.4,0.00875
779.45,0.0095833
779.5,0.010833
779.55,0.00875
779.6,0.01125
779.65,0.013333
779.7,0.01125
779.75,0.011667
779.8,0.01375
779.85,0.012917
779.9,0.01375
779.95,0.012083
780,0.01
780.05,0.0125
780.1,0.01
780.15,0.0079167
780.2,0.00875
780.25,0.0091667
780.3,0.00875
780.35,0.00875
780.4,0.0083333
780.45,0.0095833
780.5,0.010417
780.55,0.0091667
780.6,0.01125
780.65,0.013333
780.7,0.011667
780.75,0.0125
780.8,0.01375
780.85,0.011667
780.9,0.0125
780.95,0.010833
781,0.011667
781.05,0.012917
781.1,0.010833
781.15,0.0083333
781.2,0.00875
781.25,0.0095833
781.3,0.0079167
781.35,0.0070833
781.4,0.0091667
781.45,0.0095833
781.5,0.00875
781.55,0.0079167
781.6,0.01
781.65,0.011667
781.7,0.010833
781.75,0.01125
781.8,0.012083
781.85,0.0125
781.9,0.01125
781.95,0.011667
782,0.0095833
782.05,0.011667
782.1,0.01
782.15,0.0070833
782.2,0.00875
782.25,0.0079167
782.3,0.0075
782.35,0.0079167
782.4,0.0079167
782.45,0.0083333
782.5,0.00875
782.55,0.0083333
782.6,0.0095833
782.65,0.011667
782.7,0.010833
782.75,0.010833
782.8,0.011667
782.85,0.0125
782.9,0.012083
782.95,0.010417
783,0.011667
783.05,0.010417
783.1,0.0095833
783.15,0.0070833
783.2,0.0079167
783.25,0.00875
783.3,0.0079167
783.35,0.0083333
783.4,0.0079167
783.45,0.00875
783.5,0.00875
783.55,0.0083333
783.6,0.010417
783.65,0.011667
783.7,0.010833
783.75,0.01125
783.8,0.011667
783.85,0.012917
783.9,0.011667
783.95,0.010833
784,0.010833
784.05,0.012083
784.1,0.01
784.15,0.0083333
784.2,0.00875
784.25,0.0091667
784.3,0.0075
784.35,0.0070833
784.4,0.0079167
784.45,0.0083333
784.5,0.00875
784.55,0.0083333
784.6,0.0095833
784.65,0.012083
784.7,0.010417
784.75,0.011667
784.8,0.0125
784.85,0.0125
784.9,0.011667
784.95,0.010833
785,0.010833
785.05,0.011667
785.1,0.0091667
785.15,0.0075
785.2,0.00875
785.25,0.0083333
785.3,0.0079167
785.35,0.0058333
785.4,0.0079167
785.45,0.0083333
785.5,0.00875
785.55,0.0083333
785.6,0.010833
785.65,0.011667
785.7,0.01125
785.75,0.010417
785.8,0.0125
785.85,0.011667
785.9,0.0125
785.95,0.01125
786,0.010417
786.05,0.011667
786.1,0.0095833
786.15,0.0075
786.2,0.00875
786.25,0.0079167
786.3,0.0066667
786.35,0.0083333
786.4,0.0079167
786.45,0.00875
786.5,0.01
786.55,0.0083333
786.6,0.01
786.65,0.011667
786.7,0.011667
786.75,0.011667
786.8,0.013333
786.85,0.012083
786.9,0.011667
786.95,0.010833
787,0.01
787.05,0.01125
787.1,0.0091667
787.15,0.0066667
787.2,0.0091667
787.25,0.00875
787.3,0.0070833
787.35,0.0066667
787.4,0.0075
787.45,0.01
787.5,0.01
787.55,0.0083333
787.6,0.01
787.65,0.012917
787.7,0.011667
787.75,0.010833
787.8,0.0125
787.85,0.011667
787.9,0.0125
787.95,0.010417
788,0.01
788.05,0.011667
788.1,0.01125
788.15,0.0070833
788.2,0.0095833
788.25,0.00875
788.3,0.0075
788.35,0.0075
788.4,0.0083333
788.45,0.00875
788.5,0.01
788.55,0.0075
788.6,0.0095833
788.65,0.0125
788.7,0.010833
788.75,0.010833
788.8,0.012083
788.85,0.011667
788.9,0.0125
788.95,0.011667
789,0.010833
789.05,0.012083
789.1,0.01125
789.15,0.0083333
789.2,0.0095833
789.25,0.0083333
789.3,0.0075
789.35,0.0066667
789.4,0.00625
789.45,0.0079167
789.5,0.0091667
789.55,0.0075
789.6,0.0083333
789.65,0.010833
789.7,0.010833
789.75,0.011667
789.8,0.012083
789.85,0.011667
789.9,0.0125
789.95,0.011667
790,0.010417
790.05,0.011667
790.1,0.01
790.15,0.0075
790.2,0.0095833
790.25,0.0091667
790.3,0.0066667
790.35,0.0083333
790.4,0.0083333
790.45,0.0079167
790.5,0.00875
790.55,0.0079167
790.6,0.00875
790.65,0.012083
790.7,0.010833
790.75,0.011667
790.8,0.012083
790.85,0.011667
790.9,0.010417
790.95,0.01
791,0.010833
791.05,0.012083
791.1,0.01
791.15,0.0083333
791.2,0.00875
791.25,0.0091667
791.3,0.0075
791.35,0.0058333
791.4,0.00875
791.45,0.00875
791.5,0.0095833
791.55,0.0083333
791.6,0.0095833
791.65,0.011667
791.7,0.01125
791.75,0.010417
791.8,0.012083
791.85,0.011667
791.9,0.012917
791.95,0.0091667
792,0.01125
792.05,0.011667
792.1,0.01125
792.15,0.01
792.2,0.0095833
792.25,0.00875
792.3,0.0079167
792.35,0.0075
792.4,0.0070833
792.45,0.00875
792.5,0.0095833
792.55,0.00875
792.6,0.0095833
792.65,0.010833
792.7,0.011667
792.75,0.010417
792.8,0.011667
792.85,0.011667
792.9,0.0125
792.95,0.010417
793,0.010417
793.05,0.011667
793.1,0.0095833
793.15,0.0079167
793.2,0.00875
793.25,0.0079167
793.3,0.0070833
793.35,0.0079167
793.4,0.0083333
793.45,0.00875
793.5,0.0079167
793.55,0.0079167
793.6,0.00875
793.65,0.01125
793.7,0.0091667
793.75,0.01125
793.8,0.012083
793.85,0.011667
793.9,0.010833
793.95,0.0091667
794,0.01
794.05,0.010833
794.1,0.00875
794.15,0.00625
794.2,0.0079167
794.25,0.0070833
794.3,0.0058333
794.35,0.00625
794.4,0.0066667
794.45,0.0083333
794.5,0.00875
794.55,0.0066667
794.6,0.00875
794.65,0.011667
794.7,0.010833
794.75,0.0095833
794.8,0.012083
794.85,0.011667
794.9,0.011667
794.95,0.01
795,0.01
795.05,0.0091667
795.1,0.0095833
795.15,0.0079167
795.2,0.00875
795.25,0.00875
795.3,0.00625
795.35,0.0058333
795.4,0.0070833
795.45,0.00875
795.5,0.00875
795.55,0.0075
795.6,0.00875
795.65,0.01125
795.7,0.01
795.75,0.01
795.8,0.00875
795.85,0.011667
795.9,0.011667
795.95,0.010833
796,0.01
796.05,0.010417
796.1,0.0095833
796.15,0.0079167
796.2,0.00875
796.25,0.0083333
796.3,0.0054167
796.35,0.0075
796.4,0.0066667
796.45,0.0079167
796.5,0.0083333
796.55,0.0070833
796.6,0.0083333
796.65,0.011667
796.7,0.010833
796.75,0.010833
796.8,0.012917
796.85,0.01
796.9,0.01125
796.95,0.010833
797,0.010833
797.05,0.010417
797.1,0.0091667
797.15,0.0058333
797.2,0.00875
797.25,0.0079167
797.3,0.00625
797.35,0.0070833
797.4,0.0070833
797.45,0.0079167
797.5,0.00875
797.55,0.0066667
797.6,0.00875
797.65,0.01125
797.7,0.010833
797.75,0.0095833
797.8,0.011667
797.85,0.010833
797.9,0.010833
797.95,0.0091667
798,0.00875
798.05,0.010833
798.1,0.0091667
798.15,0.00625
798.2,0.0066667
798.25,0.0083333
798.3,0.00625
798.35,0.00625
798.4,0.0066667
798.45,0.0083333
798.5,0.00875
798.55,0.0066667
798.6,0.00875
798.65,0.01125
798.7,0.00875
798.75,0.01
798.8,0.011667
798.85,0.011667
798.9,0.010417
798.95,0.0091667
799,0.0095833
799.05,0.011667
799.1,0.01
799.15,0.0070833
799.2,0.0083333
799.25,0.0083333
799.3,0.00625
799.35,0.0070833
799.4,0.0070833
799.45,0.0083333
799.5,0.0075
799.55,0.0075
799.6,0.00875
799.65,0.01125
799.7,0.010833
799.75,0.010417
799.8,0.012083
799.85,0.011667
799.9,0.01125
799.95,0.0091667
800,0.0091667
800.05,0.011667
800.1,0.0091667
800.15,0.0066667
800.2,0.00875
800.25,0.0075
800.3,0.0058333
800.35,0.0066667
800.4,0.0075
800.45,0.0075
800.5,0.0079167
800.55,0.0070833
800.6,0.0095833
800.65,0.010417
800.7,0.010417
800.75,0.01125
800.8,0.012083
800.85,0.0091667
800.9,0.011667
800.95,0.010833
801,0.0091667
801.05,0.010833
801.1,0.0095833
801.15,0.0079167
801.2,0.0083333
801.25,0.0070833
801.3,0.0066667
801.35,0.0070833
801.4,0.0070833
801.45,0.00875
801.5,0.0091667
801.55,0.0070833
801.6,0.00875
801.65,0.010833
801.7,0.010833
801.75,0.0091667
801.8,0.011667
801.85,0.010833
801.9,0.01
801.95,0.010833
802,0.00875
802.05,0.011667
802.1,0.00875
802.15,0.0066667
802.2,0.00875
802.25,0.0079167
802.3,0.00625
802.35,0.0070833
802.4,0.00625
802.45,0.0083333
802.5,0.00875
802.55,0.0058333
802.6,0.0083333
802.65,0.011667
802.7,0.00875
802.75,0.010833
802.8,0.0125
802.85,0.010833
802.9,0.010417
802.95,0.0091667
803,0.0091667
803.05,0.0095833
803.1,0.0079167
803.15,0.0058333
803.2,0.0066667
803.25,0.0075
803.3,0.0041667
803.35,0.00625
803.4,0.0075
803.45,0.00875
803.5,0.0095833
803.55,0.0075
803.6,0.0095833
803.65,0.01125
803.7,0.01
803.75,0.010833
803.8,0.011667
803.85,0.010417
803.9,0.01
803.95,0.00875
804,0.0083333
804.05,0.0095833
804.1,0.00875
804.15,0.0066667
804.2,0.0079167
804.25,0.0075
804.3,0.0058333
804.35,0.0075
804.4,0.00625
804.45,0.0070833
804.5,0.0075
804.55,0.00625
804.6,0.0075
804.65,0.0095833
804.7,0.00875
804.75,0.00875
804.8,0.0095833
804.85,0.010833
804.9,0.01
804.95,0.0091667
805,0.00875
805.05,0.010833
805.1,0.00875
805.15,0.0058333
805.2,0.00875
805.25,0.0079167
805.3,0.0066667
805.35,0.0058333
805.4,0.00625
805.45,0.0066667
805.5,0.0070833
805.55,0.0058333
805.6,0.00875
805.65,0.011667
805.7,0.00875
805.75,0.0083333
805.8,0.011667
805.85,0.010833
805.9,0.01125
805.95,0.0091667
806,0.00875
806.05,0.01
806.1,0.00875
806.15,0.0058333
806.2,0.00625
806.25,0.0083333
806.3,0.0054167
806.35,0.0058333
806.4,0.00625
806.45,0.0079167
806.5,0.0083333
806.55,0.0058333
806.6,0.0079167
806.65,0.01
806.7,0.0091667
806.75,0.0091667
806.8,0.01125
806.85,0.01125
806.9,0.01
806.95,0.0095833
807,0.00875
807.05,0.0095833
807.1,0.00875
807.15,0.0075
807.2,0.00875
807.25,0.0066667
807.3,0.0058333
807.35,0.0058333
807.4,0.0058333
807.45,0.0070833
807.5,0.0079167
807.55,0.0079167
807.6,0.0070833
807.65,0.0091667
807.7,0.0095833
807.75,0.01
807.8,0.01
807.85,0.011667
807.9,0.010833
807.95,0.010833
808,0.0095833
808.05,0.0091667
808.1,0.00875
808.15,0.0075
808.2,0.0070833
808.25,0.0075
808.3,0.0058333
808.35,0.0058333
808.4,0.0058333
808.45,0.0075
808.5,0.0079167
808.55,0.0075
808.6,0.00875
808.65,0.0095833
808.7,0.00875
808.75,0.0091667
808.8,0.012083
808.85,0.010833
808.9,0.010417
808.95,0.0091667
809,0.0095833
809.05,0.010833
809.1,0.00875
809.15,0.00625
809.2,0.0091667
809.25,0.00875
809.3,0.00625
809.35,0.0058333
809.4,0.0075
809.45,0.0075
809.5,0.0079167
809.55,0.0079167
809.6,0.00875
809.65,0.01
809.7,0.0095833
809.75,0.00875
809.8,0.01
809.85,0.010417
809.9,0.010417
809.95,0.0091667
810,0.0095833
810.05,0.01125
810.1,0.0091667
810.15,0.0075
810.2,0.0083333
810.25,0.00875
810.3,0.0079167
810.35,0.0083333
810.4,0.0066667
810.45,0.0070833
810.5,0.0079167
810.55,0.00625
810.6,0.0091667
810.65,0.0095833
810.7,0.0095833
810.75,0.0091667
810.8,0.0091667
810.85,0.010417
810.9,0.010833
810.95,0.010417
811,0.00875
811.05,0.01
811.1,0.0091667
811.15,0.00625
811.2,0.0075
811.25,0.0075
811.3,0.0054167
811.35,0.0058333
811.4,0.00625
811.45,0.0066667
811.5,0.0075
811.55,0.0066667
811.6,0.0083333
811.65,0.01
811.7,0.0095833
811.75,0.0095833
811.8,0.011667
811.85,0.011667
811.9,0.01
811.95,0.01
812,0.0083333
812.05,0.01
812.1,0.0079167
812.15,0.00625
812.2,0.0079167
812.25,0.0066667
812.3,0.0054167
812.35,0.0058333
812.4,0.0070833
812.45,0.0070833
812.5,0.0083333
812.55,0.0058333
812.6,0.00875
812.65,0.01
812.7,0.0083333
812.75,0.00875
812.8,0.0058333
812.85,0.010417
812.9,0.0095833
812.95,0.0095833
813,0.00875
813.05,0.010417
813.1,0.00875
813.15,0.0058333
813.2,0.0075
813.25,0.0066667
813.3,0.0058333
813.35,0.0058333
813.4,0.0066667
813.45,0.0066667
813.5,0.00875
813.55,0.00625
813.6,0.0075
813.65,0.0095833
813.7,0.010417
813.75,0.00875
813.8,0.011667
813.85,0.010417
813.9,0.010833
813.95,0.0091667
814,0.0091667
814.05,0.01125
814.1,0.0083333
814.15,0.0058333
814.2,0.0079167
814.25,0.0079167
814.3,0.005
814.35,0.00625
814.4,0.00625
814.45,0.0075
814.5,0.0079167
814.55,0.0058333
814.6,0.0083333
814.65,0.0095833
814.7,0.0083333
814.75,0.0095833
814.8,0.01125
814.85,0.01125
814.9,0.010417
814.95,0.0095833
815,0.00875
815.05,0.0095833
815.1,0.0079167
815.15,0.0058333
815.2,0.0079167
815.25,0.0070833
815.3,0.0054167
815.35,0.0058333
815.4,0.0066667
815.45,0.0075
815.5,0.0083333
815.55,0.0066667
815.6,0.0079167
815.65,0.01
815.7,0.00875
815.75,0.0091667
815.8,0.01125
815.85,0.010833
815.9,0.010417
815.95,0.0095833
816,0.01
816.05,0.0095833
816.1,0.00875
816.15,0.0075
816.2,0.0075
816.25,0.0066667
816.3,0.0058333
816.35,0.0058333
816.4,0.0066667
816.45,0.00625
816.5,0.00625
816.55,0.00625
816.6,0.0083333
816.65,0.01
816.7,0.01
816.75,0.0095833
816.8,0.011667
816.85,0.01125
816.9,0.010833
816.95,0.010417
817,0.00875
817.05,0.01
817.1,0.0091667
817.15,0.0066667
817.2,0.0083333
817.25,0.0075
817.3,0.0058333
817.35,0.0058333
817.4,0.0070833
817.45,0.0070833
817.5,0.0079167
817.55,0.00625
817.6,0.0083333
817.65,0.0095833
817.7,0.0079167
817.75,0.00875
817.8,0.011667
817.85,0.010833
817.9,0.0091667
817.95,0.00875
818,0.0083333
818.05,0.0095833
818.1,0.0075
818.15,0.0058333
818.2,0.0075
818.25,0.00625
818.3,0.0041667
818.35,0.0045833
818.4,0.00625
818.45,0.0066667
818.5,0.0066667
818.55,0.0054167
818.6,0.0083333
818.65,0.0075
818.7,0.0079167
818.75,0.0079167
818.8,0.01
818.85,0.0091667
818.9,0.01
818.95,0.00875
819,0.0083333
819.05,0.00875
819.1,0.0079167
819.15,0.00625
819.2,0.00625
819.25,0.0075
819.3,0.0058333
819.35,0.0054167
819.4,0.0045833
819.45,0.0066667
819.5,0.00625
819.55,0.005
819.6,0.0070833
819.65,0.00875
819.7,0.00875
819.75,0.0091667
819.8,0.010417
819.85,0.010417
819.9,0.010417
819.95,0.010417
820,0.00875
820.05,0.0095833
820.1,0.00875
820.15,0.0066667
820.2,0.0075
820.25,0.0075
820.3,0.0054167
820.35,0.0058333
820.4,0.0066667
820.45,0.0070833
820.5,0.0066667
820.55,0.0070833
820.6,0.0079167
820.65,0.01
820.7,0.00875
820.75,0.01
820.8,0.01
820.85,0.010417
820.9,0.0095833
820.95,0.0095833
821,0.00875
821.05,0.0091667
821.1,0.0079167
821.15,0.0058333
821.2,0.0070833
821.25,0.0079167
821.3,0.005
821.35,0.0054167
821.4,0.0054167
821.45,0.00625
821.5,0.0066667
821.55,0.0058333
821.6,0.0079167
821.65,0.01
821.7,0.0083333
821.75,0.0083333
821.8,0.010833
821.85,0.00875
821.9,0.0095833
821.95,0.00875
822,0.00875
822.05,0.0095833
822.1,0.0079167
822.15,0.0054167
822.2,0.0070833
822.25,0.0079167
822.3,0.0045833
822.35,0.0054167
822.4,0.0058333
822.45,0.0066667
822.5,0.0070833
822.55,0.0058333
822.6,0.0075
822.65,0.01
822.7,0.0083333
822.75,0.00875
822.8,0.010417
822.85,0.010417
822.9,0.0095833
822.95,0.00875
823,0.0075
823.05,0.00875
823.1,0.0079167
823.15,0.005
823.2,0.0066667
823.25,0.00625
823.3,0.0041667
823.35,0.0045833
823.4,0.0058333
823.45,0.0066667
823.5,0.0066667
823.55,0.0058333
823.6,0.0075
823.65,0.0091667
823.7,0.0075
823.75,0.00875
823.8,0.01
823.85,0.01
823.9,0.0091667
823.95,0.00875
824,0.00875
824.05,0.0095833
824.1,0.0083333
824.15,0.00625
824.2,0.0079167
824.25,0.0070833
824.3,0.0058333
824.35,0.0058333
824.4,0.0058333
824.45,0.00625
824.5,0.00625
824.55,0.0066667
824.6,0.0070833
824.65,0.0091667
824.7,0.0079167
824.75,0.00875
824.8,0.01125
824.85,0.010417
824.9,0.0095833
824.95,0.00875
825,0.00875
825.05,0.0095833
825.1,0.0075
825.15,0.00625
825.2,0.0066667
825.25,0.0070833
825.3,0.005
825.35,0.0054167
825.4,0.005
825.45,0.0058333
825.5,0.00625
825.55,0.0058333
825.6,0.0075
825.65,0.0095833
825.7,0.00875
825.75,0.00875
825.8,0.0091667
825.85,0.01
825.9,0.0095833
825.95,0.00875
826,0.00875
826.05,0.00875
826.1,0.00875
826.15,0.0058333
826.2,0.0079167
826.25,0.00625
826.3,0.00375
826.35,0.0041667
826.4,0.0058333
826.45,0.00625
826.5,0.00625
826.55,0.00625
826.6,0.0075
826.65,0.0095833
826.7,0.00875
826.75,0.0083333
826.8,0.0095833
826.85,0.010833
826.9,0.010417
826.95,0.01
827,0.0095833
827.05,0.010417
827.1,0.00875
827.15,0.0070833
827.2,0.0079167
827.25,0.00875
827.3,0.005
827.35,0.0054167
827.4,0.0058333
827.45,0.0058333
827.5,0.0058333
827.55,0.0045833
827.6,0.0075
827.65,0.00875
827.7,0.0079167
827.75,0.0083333
827.8,0.0095833
827.85,0.0095833
827.9,0.00875
827.95,0.01
828,0.00875
828.05,0.00875
828.1,0.0075
828.15,0.00625
828.2,0.0070833
828.25,0.0058333
828.3,0.0054167
828.35,0.0054167
828.4,0.0045833
828.45,0.00625
828.5,0.00625
828.55,0.0058333
828.6,0.0079167
828.65,0.00875
828.7,0.0083333
828.75,0.00875
828.8,0.011667
828.85,0.0091667
828.9,0.0095833
828.95,0.00875
829,0.0070833
829.05,0.0091667
829.1,0.00875
829.15,0.0058333
829.2,0.0079167
829.25,0.00625
829.3,0.0054167
829.35,0.0058333
829.4,0.0054167
829.45,0.0058333
829.5,0.0075
829.55,0.00625
829.6,0.0075
829.65,0.01
829.7,0.0070833
829.75,0.0083333
829.8,0.010417
829.85,0.010417
829.9,0.0091667
829.95,0.0095833
830,0.00875
830.05,0.00875
830.1,0.0079167
830.15,0.00625
830.2,0.0070833
830.25,0.0066667
830.3,0.005
830.35,0.0058333
830.4,0.0054167
830.45,0.0066667
830.5,0.0058333
830.55,0.0058333
830.6,0.0075
830.65,0.01
830.7,0.0079167
830.75,0.0066667
830.8,0.0095833
830.85,0.0095833
830.9,0.01
830.95,0.0091667
831,0.00875
831.05,0.01
831.1,0.00875
831.15,0.0070833
831.2,0.0079167
831.25,0.00875
831.3,0.0058333
831.35,0.005
831.4,0.0058333
831.45,0.0058333
831.5,0.00625
831.55,0.00625
831.6,0.0079167
831.65,0.01
831.7,0.00875
831.75,0.0083333
831.8,0.01
831.85,0.010833
831.9,0.0095833
831.95,0.00875
832,0.0091667
832.05,0.0095833
832.1,0.0083333
832.15,0.00625
832.2,0.0079167
832.25,0.0079167
832.3,0.0054167
832.35,0.0041667
832.4,0.0058333
832.45,0.0058333
832.5,0.0058333
832.55,0.0058333
832.6,0.0083333
832.65,0.00875
832.7,0.00875
832.75,0.0075
832.8,0.010417
832.85,0.0095833
832.9,0.00875
832.95,0.0091667
833,0.00875
833.05,0.0095833
833.1,0.0079167
833.15,0.0058333
833.2,0.0075
833.25,0.0066667
833.3,0.0041667
833.35,0.0054167
833.4,0.00625
833.45,0.0070833
833.5,0.0066667
833.55,0.0058333
833.6,0.0070833
833.65,0.00875
833.7,0.0079167
833.75,0.0091667
833.8,0.010417
833.85,0.01
833.9,0.00875
833.95,0.00875
834,0.00875
834.05,0.00875
834.1,0.0075
834.15,0.0054167
834.2,0.0066667
834.25,0.00625
834.3,0.0054167
834.35,0.0054167
834.4,0.0058333
834.45,0.00625
834.5,0.0066667
834.55,0.0058333
834.6,0.0075
834.65,0.0091667
834.7,0.0079167
834.75,0.00875
834.8,0.010417
834.85,0.01
834.9,0.00875
834.95,0.0083333
835,0.00875
835.05,0.0095833
835.1,0.0083333
835.15,0.0066667
835.2,0.0075
835.25,0.0070833
835.3,0.0054167
835.35,0.0054167
835.4,0.00625
835.45,0.0066667
835.5,0.00625
835.55,0.0058333
835.6,0.0079167
835.65,0.0095833
835.7,0.0083333
835.75,0.0083333
835.8,0.01125
835.85,0.01
835.9,0.01
835.95,0.0091667
836,0.00875
836.05,0.00875
836.1,0.00875
836.15,0.0058333
836.2,0.0066667
836.25,0.0066667
836.3,0.0045833
836.35,0.005
836.4,0.0054167
836.45,0.0075
836.5,0.0058333
836.55,0.00625
836.6,0.0070833
836.65,0.01
836.7,0.00875
836.75,0.0095833
836.8,0.010417
836.85,0.0095833
836.9,0.00875
836.95,0.00875
837,0.00875
837.05,0.01
837.1,0.0075
837.15,0.0066667
837.2,0.0075
837.25,0.0066667
837.3,0.0045833
837.35,0.005
837.4,0.0058333
837.45,0.00625
837.5,0.0066667
837.55,0.0058333
837.6,0.0075
837.65,0.00875
837.7,0.0075
837.75,0.0075
837.8,0.01
837.85,0.01
837.9,0.00875
837.95,0.0091667
838,0.0083333
838.05,0.00875
838.1,0.0083333
838.15,0.0058333
838.2,0.0075
838.25,0.0075
838.3,0.005
838.35,0.0058333
838.4,0.00625
838.45,0.0054167
838.5,0.0070833
838.55,0.00625
838.6,0.0058333
838.65,0.00875
838.7,0.0070833
838.75,0.0079167
838.8,0.0095833
838.85,0.01
838.9,0.0095833
838.95,0.010833
839,0.0079167
839.05,0.01
839.1,0.00875
839.15,0.0058333
839.2,0.0075
839.25,0.0083333
839.3,0.005
839.35,0.00625
839.4,0.0070833
839.45,0.00625
839.5,0.0083333
839.55,0.0058333
839.6,0.0075
839.65,0.0091667
839.7,0.0054167
839.75,0.0083333
839.8,0.010417
839.85,0.01
839.9,0.0079167
839.95,0.0079167
840,0.0079167
840.05,0.00875
840.1,0.0075
840.15,0.0054167
840.2,0.0066667
840.25,0.0058333
840.3,0.00375
840.35,0.005
840.4,0.005
840.45,0.0054167
840.5,0.0058333
840.55,0.0058333
840.6,0.00625
840.65,0.0079167
840.7,0.0070833
840.75,0.0070833
840.8,0.01
840.85,0.01
840.9,0.0075
840.95,0.0083333
841,0.0075
841.05,0.0091667
841.1,0.00625
841.15,0.0070833
841.2,0.0066667
841.25,0.0058333
841.3,0.0045833
841.35,0.005
841.4,0.005
841.45,0.005
841.5,0.0058333
841.55,0.0058333
841.6,0.00625
841.65,0.00875
841.7,0.0066667
841.75,0.0075
841.8,0.0091667
841.85,0.01
841.9,0.0079167
841.95,0.00875
842,0.00875
842.05,0.00875
842.1,0.0075
842.15,0.0058333
842.2,0.0066667
842.25,0.0066667
842.3,0.0029167
842.35,0.005
842.4,0.0054167
842.45,0.0058333
842.5,0.0058333
842.55,0.0045833
842.6,0.0058333
842.65,0.0091667
842.7,0.0075
842.75,0.0079167
842.8,0.010833
842.85,0.0095833
842.9,0.0083333
842.95,0.00875
843,0.0079167
843.05,0.0079167
843.1,0.0066667
843.15,0.0058333
843.2,0.0066667
843.25,0.0058333
843.3,0.00375
843.35,0.0058333
843.4,0.0045833
843.45,0.0054167
843.5,0.0058333
843.55,0.0041667
843.6,0.0058333
843.65,0.0083333
843.7,0.0075
843.75,0.0079167
843.8,0.00875
843.85,0.0095833
843.9,0.0091667
843.95,0.00875
844,0.00875
844.05,0.00875
844.1,0.0070833
844.15,0.0058333
844.2,0.00625
844.25,0.0070833
844.3,0.005
844.35,0.0033333
844.4,0.0054167
844.45,0.0041667
844.5,0.0058333
844.55,0.00375
844.6,0.0054167
844.65,0.00875
844.7,0.0079167
844.75,0.0066667
844.8,0.00875
844.85,0.0095833
844.9,0.00875
844.95,0.0083333
845,0.0079167
845.05,0.00875
845.1,0.0083333
845.15,0.0058333
845.2,0.0066667
845.25,0.0066667
845.3,0.0041667
845.35,0.0045833
845.4,0.0054167
845.45,0.005
845.5,0.0058333
845.55,0.005
845.6,0.0066667
845.65,0.00875
845.7,0.0075
845.75,0.0075
845.8,0.010833
845.85,0.010417
845.9,0.0091667
845.95,0.00875
846,0.0075
846.05,0.00875
846.1,0.0075
846.15,0.00625
846.2,0.00625
846.25,0.005
846.3,0.00375
846.35,0.0033333
846.4,0.005
846.45,0.005
846.5,0.005
846.55,0.005
846.6,0.0070833
846.65,0.0083333
846.7,0.0066667
846.75,0.0066667
846.8,0.01
846.85,0.00875
846.9,0.00875
846.95,0.0079167
847,0.0079167
847.05,0.00875
847.1,0.0079167
847.15,0.0058333
847.2,0.00625
847.25,0.00625
847.3,0.0045833
847.35,0.0041667
847.4,0.0058333
847.45,0.0058333
847.5,0.0058333
847.55,0.0058333
847.6,0.00625
847.65,0.0079167
847.7,0.0075
847.75,0.0075
847.8,0.0091667
847.85,0.00875
847.9,0.00875
847.95,0.00875
848,0.0083333
848.05,0.0083333
848.1,0.0075
848.15,0.0054167
848.2,0.0066667
848.25,0.0070833
848.3,0.0033333
848.35,0.00375
848.4,0.0070833
848.45,0.0041667
848.5,0.0058333
848.55,0.005
848.6,0.0066667
848.65,0.0083333
848.7,0.0066667
848.75,0.0075
848.8,0.0095833
848.85,0.010417
848.9,0.0095833
848.95,0.0091667
849,0.00875
849.05,0.00875
849.1,0.0066667
849.15,0.0054167
849.2,0.0075
849.25,0.0066667
849.3,0.0041667
849.35,0.0045833
849.4,0.0045833
849.45,0.0058333
849.5,0.00625
849.55,0.0058333
849.6,0.0070833
849.65,0.0083333
849.7,0.0075
849.75,0.0075
849.8,0.0091667
849.85,0.01
849.9,0.00875
849.95,0.0075
850,0.0079167
850.05,0.0091667
850.1,0.0070833
850.15,0.0058333
850.2,0.0058333
850.25,0.0058333
850.3,0.0041667
850.35,0.0041667
850.4,0.0058333
850.45,0.0054167
850.5,0.0058333
850.55,0.00375
850.6,0.0066667
850.65,0.0079167
850.7,0.0070833
850.75,0.0079167
850.8,0.00875
850.85,0.01
850.9,0.0083333
850.95,0.0083333
851,0.0083333
851.05,0.0083333
851.1,0.0075
851.15,0.0058333
851.2,0.0070833
851.25,0.0075
851.3,0.0041667
851.35,0.0058333
851.4,0.0054167
851.45,0.0066667
851.5,0.00625
851.55,0.0054167
851.6,0.0066667
851.65,0.0091667
851.7,0.0066667
851.75,0.0075
851.8,0.0091667
851.85,0.0095833
851.9,0.01
851.95,0.00875
852,0.00875
852.05,0.0079167
852.1,0.0070833
852.15,0.0054167
852.2,0.0070833
852.25,0.0070833
852.3,0.0045833
852.35,0.0058333
852.4,0.0054167
852.45,0.0058333
852.5,0.0058333
852.55,0.0058333
852.6,0.0079167
852.65,0.0075
852.7,0.0075
852.75,0.0075
852.8,0.01
852.85,0.0095833
852.9,0.0083333
852.95,0.0075
853,0.0079167
853.05,0.00875
853.1,0.0066667
853.15,0.0058333
853.2,0.0066667
853.25,0.0066667
853.3,0.0041667
853.35,0.0054167
853.4,0.00625
853.45,0.005
853.5,0.0058333
853.55,0.0058333
853.6,0.0058333
853.65,0.0079167
853.7,0.0079167
853.75,0.0066667
853.8,0.0091667
853.85,0.010417
853.9,0.00875
853.95,0.00875
854,0.00875
854.05,0.0083333
854.1,0.0070833
854.15,0.005
854.2,0.0058333
854.25,0.0029167
854.3,0.0058333
854.35,0.005
854.4,0.0058333
854.45,0.0045833
854.5,0.0054167
854.55,0.0054167
854.6,0.0079167
854.65,0.0083333
854.7,0.0058333
854.75,0.0058333
854.8,0.00875
854.85,0.00875
854.9,0.0070833
854.95,0.0079167
855,0.0075
855.05,0.0079167
855.1,0.0070833
855.15,0.0058333
855.2,0.00625
855.25,0.0066667
855.3,0.0045833
855.35,0.0054167
855.4,0.0058333
855.45,0.0054167
855.5,0.0058333
855.55,0.0054167
855.6,0.0058333
855.65,0.0079167
855.7,0.0066667
855.75,0.0070833
855.8,0.01125
855.85,0.00875
855.9,0.0095833
855.95,0.00875
856,0.0070833
856.05,0.0083333
856.1,0.0075
856.15,0.0045833
856.2,0.00625
856.25,0.00625
856.3,0.0033333
856.35,0.0041667
856.4,0.0054167
856.45,0.0045833
856.5,0.0054167
856.55,0.0045833
856.6,0.0058333
856.65,0.0070833
856.7,0.0058333
856.75,0.0058333
856.8,0.00875
856.85,0.0083333
856.9,0.0075
856.95,0.0079167
857,0.0079167
857.05,0.0075
857.1,0.0066667
857.15,0.0045833
857.2,0.00625
857.25,0.0041667
857.3,0.0033333
857.35,0.0041667
857.4,0.0045833
857.45,0.005
857.5,0.0058333
857.55,0.00375
857.6,0.0058333
857.65,0.0075
857.7,0.0058333
857.75,0.00625
857.8,0.0091667
857.85,0.0083333
857.9,0.0079167
857.95,0.0075
858,0.0075
858.05,0.0075
858.1,0.0066667
858.15,0.0058333
858.2,0.00375
858.25,0.00625
858.3,0.0029167
858.35,0.0029167
858.4,0.0041667
858.45,0.00375
858.5,0.00375
858.55,0.0045833
858.6,0.005
858.65,0.0070833
858.7,0.00625
858.75,0.0066667
858.8,0.00875
858.85,0.0083333
858.9,0.0070833
858.95,0.0075
859,0.0083333
859.05,0.0083333
859.1,0.00625
859.15,0.0058333
859.2,0.0083333
859.25,0.0066667
859.3,0.00375
859.35,0.0045833
859.4,0.0041667
859.45,0.0045833
859.5,0.0054167
859.55,0.0054167
859.6,0.0058333
859.65,0.0079167
859.7,0.00625
859.75,0.0066667
859.8,0.0091667
859.85,0.00875
859.9,0.0070833
859.95,0.0079167
860,0.0075
860.05,0.0083333
860.1,0.0070833
860.15,0.005
860.2,0.0070833
860.25,0.0058333
860.3,0.0029167
860.35,0.0029167
860.4,0.0041667
860.45,0.0041667
860.5,0.0041667
860.55,0.0045833
860.6,0.0058333
860.65,0.0070833
860.7,0.0066667
860.75,0.0066667
860.8,0.00875
860.85,0.00875
860.9,0.0075
860.95,0.0070833
861,0.0070833
861.05,0.0075
861.1,0.0075
861.15,0.00375
861.2,0.0070833
861.25,0.0070833
861.3,0.0054167
861.35,0.0041667
861.4,0.0058333
861.45,0.0058333
861.5,0.005
861.55,0.005
861.6,0.0058333
861.65,0.0083333
861.7,0.00625
861.75,0.0070833
861.8,0.00875
861.85,0.00875
861.9,0.0079167
861.95,0.00875
862,0.0075
862.05,0.0070833
862.1,0.0058333
862.15,0.0058333
862.2,0.0075
862.25,0.00625
862.3,0.0033333
862.35,0.0033333
862.4,0.0041667
862.45,0.0041667
862.5,0.0041667
862.55,0.0045833
862.6,0.0058333
862.65,0.0075
862.7,0.0058333
862.75,0.0058333
862.8,0.0091667
862.85,0.0083333
862.9,0.00875
862.95,0.0075
863,0.0066667
863.05,0.0075
863.1,0.0075
863.15,0.0058333
863.2,0.00625
863.25,0.0058333
863.3,0.0025
863.35,0.0045833
863.4,0.0041667
863.45,0.0045833
863.5,0.005
863.55,0.0045833
863.6,0.0054167
863.65,0.0079167
863.7,0.00625
863.75,0.00625
863.8,0.0091667
863.85,0.00875
863.9,0.0083333
863.95,0.0083333
864,0.0079167
864.05,0.0083333
864.1,0.00625
864.15,0.0054167
864.2,0.0058333
864.25,0.00625
864.3,0.0029167
864.35,0.0033333
864.4,0.0045833
864.45,0.005
864.5,0.0058333
864.55,0.0045833
864.6,0.0058333
864.65,0.0079167
864.7,0.00625
864.75,0.00625
864.8,0.00875
864.85,0.00875
864.9,0.0079167
864.95,0.0075
865,0.0079167
865.05,0.0075
865.1,0.0041667
865.15,0.005
865.2,0.00625
865.25,0.0070833
865.3,0.00375
865.35,0.0041667
865.4,0.005
865.45,0.00375
865.5,0.005
865.55,0.0045833
865.6,0.0058333
865.65,0.0079167
865.7,0.00625
865.75,0.0066667
865.8,0.0091667
865.85,0.00875
865.9,0.0079167
865.95,0.0083333
866,0.0083333
866.05,0.0083333
866.1,0.0083333
866.15,0.0054167
866.2,0.0058333
866.25,0.0058333
866.3,0.0045833
866.35,0.0045833
866.4,0.0033333
866.45,0.005
866.5,0.0041667
866.55,0.005
866.6,0.0054167
866.65,0.00625
866.7,0.0066667
866.75,0.0070833
866.8,0.00875
866.85,0.0091667
866.9,0.0075
866.95,0.00625
867,0.0070833
867.05,0.0079167
867.1,0.0066667
867.15,0.0041667
867.2,0.005
867.25,0.0054167
867.3,0.0029167
867.35,0.0033333
867.4,0.0041667
867.45,0.00375
867.5,0.0033333
867.55,0.0033333
867.6,0.0058333
867.65,0.0079167
867.7,0.0058333
867.75,0.0058333
867.8,0.00875
867.85,0.0075
867.9,0.00625
867.95,0.0070833
868,0.0083333
868.05,0.0058333
868.1,0.0070833
868.15,0.0058333
868.2,0.0058333
868.25,0.0058333
868.3,0.0029167
868.35,0.0029167
868.4,0.0058333
868.45,0.005
868.5,0.0041667
868.55,0.0045833
868.6,0.0058333
868.65,0.0066667
868.7,0.0058333
868.75,0.0066667
868.8,0.0079167
868.85,0.0091667
868.9,0.0091667
868.95,0.0079167
869,0.0083333
869.05,0.0070833
869.1,0.00625
869.15,0.0054167
869.2,0.005
869.25,0.00625
869.3,0.0029167
869.35,0.00375
869.4,0.0045833
869.45,0.0054167
869.5,0.0058333
869.55,0.0045833
869.6,0.0054167
869.65,0.0075
869.7,0.00625
869.75,0.0070833
869.8,0.01
869.85,0.0095833
869.9,0.0083333
869.95,0.00875
870,0.00875
870.05,0.00875
870.1,0.0066667
870.15,0.0045833
870.2,0.00625
870.25,0.0054167
870.3,0.00375
870.35,0.00375
870.4,0.00375
870.45,0.0041667
870.5,0.0045833
870.55,0.00375
870.6,0.0054167
870.65,0.0079167
870.7,0.0058333
870.75,0.00625
870.8,0.0070833
870.85,0.0083333
870.9,0.0066667
870.95,0.0066667
871,0.0079167
871.05,0.0079167
871.1,0.0058333
871.15,0.005
871.2,0.0058333
871.25,0.00625
871.3,0.0029167
871.35,0.0058333
871.4,0.005
871.45,0.0041667
871.5,0.0045833
871.55,0.00375
871.6,0.0054167
871.65,0.0070833
871.7,0.0058333
871.75,0.00625
871.8,0.0083333
871.85,0.0079167
871.9,0.0079167
871.95,0.0075
872,0.0075
872.05,0.0083333
872.1,0
872.15,0.0041667
872.2,0.0058333
872.25,0.0054167
872.3,0.0016667
872.35,0.0025
872.4,0.0025
872.45,0.0025
872.5,0.0033333
872.55,0.0045833
872.6,0.0045833
872.65,0.0066667
872.7,0.0058333
872.75,0.005
872.8,0.0066667
872.85,0.0066667
872.9,0.00625
872.95,0.0083333
873,0.0075
873.05,0.0079167
873.1,0.00625
873.15,0.0054167
873.2,0.0058333
873.25,0.0058333
873.3,0.0029167
873.35,0.0033333
873.4,0.0041667
873.45,0.0033333
873.5,0.0045833
873.55,0.00375
873.6,0.005
873.65,0.0066667
873.7,0.0054167
873.75,0.0058333
873.8,0.00875
873.85,0.0079167
873.9,0.0083333
873.95,0.0066667
874,0.0075
874.05,0.0070833
874.1,0.0058333
874.15,0.005
874.2,0.0058333
874.25,0.0058333
874.3,0.0029167
874.35,0.0045833
874.4,0.0033333
874.45,0.00375
874.5,0.0045833
874.55,0.005
874.6,0.005
874.65,0.0070833
874.7,0.0058333
874.75,0.0054167
874.8,0.0075
874.85,0.0075
874.9,0.0070833
874.95,0.00625
875,0.0075
875.05,0.0070833
875.1,0.0058333
875.15,0.005
875.2,0.0058333
875.25,0.0058333
875.3,0.0033333
875.35,0.00375
875.4,0.0041667
875.45,0.00375
875.5,0.0041667
875.55,0.00375
875.6,0.0058333
875.65,0.0070833
875.7,0.0045833
875.75,0.0058333
875.8,0.0083333
875.85,0.00875
875.9,0.0083333
875.95,0.0075
876,0.0070833
876.05,0.0079167
876.1,0.0066667
876.15,0.0045833
876.2,0.0054167
876.25,0.0058333
876.3,0.0025
876.35,0.0025
876.4,0.00375
876.45,0.0045833
876.5,0.0041667
876.55,0.0054167
876.6,0.0054167
876.65,0.00625
876.7,0.0058333
876.75,0.0054167
876.8,0.0079167
876.85,0.0075
876.9,0.0079167
876.95,0.0075
877,0.0066667
877.05,0.0070833
877.1,0.0058333
877.15,0.005
877.2,0.0054167
877.25,0.005
877.3,0.0029167
877.35,0.0029167
877.4,0.0029167
877.45,0.0029167
877.5,0.00375
877.55,0.0045833
877.6,0.005
877.65,0.00625
877.7,0.005
877.75,0.0058333
877.8,0.0070833
877.85,0.0079167
877.9,0.0070833
877.95,0.00875
878,0.0075
878.05,0.0075
878.1,0.00625
878.15,0.0033333
878.2,0.0058333
878.25,0.0041667
878.3,0.0033333
878.35,0.0029167
878.4,0.005
878.45,0.005
878.5,0.0041667
878.55,0.00375
878.6,0.005
878.65,0.0070833
878.7,0.0058333
878.75,0.0058333
878.8,0.0075
878.85,0.00875
878.9,0.0066667
878.95,0.00625
879,0.0066667
879.05,0.0079167
879.1,0.0054167
879.15,0.0033333
879.2,0.00625
879.25,0.0058333
879.3,0.0033333
879.35,0.0029167
879.4,0.005
879.45,0.0029167
879.5,0.0033333
879.55,0.00375
879.6,0.0054167
879.65,0.0079167
879.7,0.0058333
879.75,0.0058333
879.8,0.0083333
879.85,0.0079167
879.9,0.0075
879.95,0.00875
880,0.0070833
880.05,0.0075
880.1,0.0070833
880.15,0.0041667
880.2,0.0054167
880.25,0.0045833
880.3,0.0029167
880.35,0.0029167
880.4,0.0041667
880.45,0.0029167
880.5,0.00375
880.55,0.0041667
880.6,0.0054167
880.65,0.00625
880.7,0.0058333
880.75,0.0058333
880.8,0.0075
880.85,0.0075
880.9,0.0075
880.95,0.0070833
881,0.0058333
881.05,0.0070833
881.1,0.0058333
881.15,0.005
881.2,0.00625
881.25,0.0058333
881.3,0.0029167
881.35,0.0041667
881.4,0.0054167
881.45,0.0041667
881.5,0.0041667
881.55,0.00375
881.6,0.0054167
881.65,0.0066667
881.7,0.0058333
881.75,0.0066667
881.8,0.00875
881.85,0.00875
881.9,0.0070833
881.95,0.0079167
882,0.0066667
882.05,0.0070833
882.1,0.0054167
882.15,0.0041667
882.2,0.0054167
882.25,0.0045833
882.3,0.0020833
882.35,0.0020833
882.4,0.0029167
882.45,0.0020833
882.5,0.0041667
882.55,0.00375
882.6,0.0045833
882.65,0.0070833
882.7,0.0054167
882.75,0.0045833
882.8,0.0075
882.85,0.0070833
882.9,0.00625
882.95,0.00625
883,0.0066667
883.05,0.0066667
883.1,0.0058333
883.15,0.0041667
883.2,0.0058333
883.25,0.0058333
883.3,0.0029167
883.35,0.0033333
883.4,0.00375
883.45,0.0029167
883.5,0.0033333
883.55,0.00375
883.6,0.0054167
883.65,0.0070833
883.7,0.0054167
883.75,0.0058333
883.8,0.00875
883.85,0.00875
883.9,0.0083333
883.95,0.0083333
884,0.0083333
884.05,0.0079167
884.1,0.0075
884.15,0.005
884.2,0.0054167
884.25,0.0054167
884.3,0.0033333
884.35,0.0029167
884.4,0.0045833
884.45,0.00375
884.5,0.0045833
884.55,0.0041667
884.6,0.0058333
884.65,0.00625
884.7,0.0058333
884.75,0.0058333
884.8,0.0079167
884.85,0.00875
884.9,0.0070833
884.95,0.0075
885,0.0066667
885.05,0.0066667
885.1,0.0058333
885.15,0.0041667
885.2,0.00625
885.25,0.0054167
885.3,0.0025
885.35,0.0029167
885.4,0.0033333
885.45,0.0029167
885.5,0.0029167
885.55,0.0045833
885.6,0.0041667
885.65,0.0066667
885.7,0.0066667
885.75,0.00625
885.8,0.0083333
885.85,0.0079167
885.9,0.0070833
885.95,0.0079167
886,0.0070833
886.05,0.00625
886.1,0.0066667
886.15,0.0054167
886.2,0.0054167
886.25,0.0054167
886.3,0.0025
886.35,0.0020833
886.4,0.00375
886.45,0.0054167
886.5,0.0041667
886.55,0.0041667
886.6,0.0054167
886.65,0.0058333
886.7,0.005
886.75,0.0054167
886.8,0.0083333
886.85,0.0070833
886.9,0.0070833
886.95,0.00625
887,0.0058333
887.05,0.0083333
887.1,0.0058333
887.15,0.0045833
887.2,0.0054167
887.25,0.0058333
887.3,0.0029167
887.35,0.0029167
887.4,0.00375
887.45,0.0041667
887.5,0.0045833
887.55,0.0045833
887.6,0.0054167
887.65,0.00625
887.7,0.0054167
887.75,0.0058333
887.8,0.00875
887.85,0.0079167
887.9,0.0079167
887.95,0.0095833
888,0.00875
888.05,0.0079167
888.1,0.00625
888.15,0.005
888.2,0.0058333
888.25,0.0054167
888.3,0.0033333
888.35,0.0029167
888.4,0.005
888.45,0.0041667
888.5,0.0045833
888.55,0.00375
888.6,0.0045833
888.65,0.0075
888.7,0.0045833
888.75,0.00625
888.8,0.0079167
888.85,0.0075
888.9,0.00625
888.95,0.0066667
889,0.00625
889.05,0.0070833
889.1,0.0066667
889.15,0.00375
889.2,0.0058333
889.25,0.00625
889.3,0.0029167
889.35,0.0033333
889.4,0.00375
889.45,0.0029167
889.5,0.0033333
889.55,0.0029167
889.6,0.0045833
889.65,0.0058333
889.7,0.0058333
889.75,0.00625
889.8,0.0079167
889.85,0.0079167
889.9,0.0079167
889.95,0.0075
890,0.0079167
890.05,0.0079167
890.1,0.0070833
890.15,0.0045833
890.2,0.0058333
890.25,0.0058333
890.3,0.0029167
890.35,0.00375
890.4,0.0033333
890.45,0.0029167
890.5,0.00375
890.55,0.0054167
890.6,0.0058333
890.65,0.0066667
890.7,0.00625
890.75,0.0054167
890.8,0.0075
890.85,0.0083333
890.9,0.00625
890.95,0.0070833
891,0.0066667
891.05,0.0066667
891.1,0.0075
891.15,0.0054167
891.2,0.00625
891.25,0.00625
891.3,0.0025
891.35,0.00375
891.4,0.0045833
891.45,0.0041667
891.5,0.0033333
891.55,0.00375
891.6,0.005
891.65,0.00625
891.7,0.005
891.75,0.005
891.8,0.0079167
891.85,0.0079167
891.9,0.0066667
891.95,0.0075
892,0.0066667
892.05,0.0075
892.1,0.00625
892.15,0.0054167
892.2,0.0058333
892.25,0.005
892.3,0.0025
892.35,0.0016667
892.4,0.0025
892.45,0.0041667
892.5,0.0033333
892.55,0.00375
892.6,0.0058333
892.65,0.0070833
892.7,0.005
892.75,0.0058333
892.8,0.0070833
892.85,0.0070833
892.9,0.0058333
892.95,0.00625
893,0.00625
893.05,0.0075
893.1,0.0058333
893.15,0.005
893.2,0.0054167
893.25,0.0058333
893.3,0.0029167
893.35,0.00375
893.4,0.0041667
893.45,0.0029167
893.5,0.00375
893.55,0.0041667
893.6,0.005
893.65,0.0070833
893.7,0.0054167
893.75,0.0058333
893.8,0.00875
893.85,0.0083333
893.9,0.00875
893.95,0.00875
894,0.00875
894.05,0.0083333
894.1,0.0066667
894.15,0.0041667
894.2,0.0054167
894.25,0.0054167
894.3,0.0029167
894.35,0.00375
894.4,0.0058333
894.45,0.005
894.5,0.0045833
894.55,0.00375
894.6,0.0054167
894.65,0.0066667
894.7,0.0045833
894.75,0.0054167
894.8,0.0075
894.85,0.0075
894.9,0.0066667
894.95,0.0083333
895,0.00625
895.05,0.0079167
895.1,0.00625
895.15,0.005
895.2,0.0058333
895.25,0.00625
895.3,0.0025
895.35,0.0029167
895.4,0.0041667
895.45,0.0029167
895.5,0.0041667
895.55,0.00375
895.6,0.005
895.65,0.0058333
895.7,0.0058333
895.75,0.0054167
895.8,0.0083333
895.85,0.0070833
895.9,0.0075
895.95,0.0070833
896,0.0083333
896.05,0.0083333
896.1,0.0075
896.15,0.005
896.2,0.0058333
896.25,0.0058333
896.3,0.0041667
896.35,0.0029167
896.4,0.005
896.45,0.0041667
896.5,0.0045833
896.55,0.005
896.6,0.0045833
896.65,0.00625
896.7,0.0058333
896.75,0.005
896.8,0.00875
896.85,0.00625
896.9,0.0066667
896.95,0.0079167
897,0.0070833
897.05,0.0070833
897.1,0.00625
897.15,0.005
897.2,0.00375
897.25,0.0058333
897.3,0.0029167
897.35,0.0033333
897.4,0.0041667
897.45,0.0033333
897.5,0.0041667
897.55,0.0033333
897.6,0.0041667
897.65,0.00625
897.7,0.0058333
897.75,0.0058333
897.8,0.0091667
897.85,0.00875
897.9,0.0075
897.95,0.0075
898,0.0079167
898.05,0.00625
898.1,0.0058333
898.15,0.005
898.2,0.0058333
898.25,0.005
898.3,0.0033333
898.35,0.0041667
898.4,0.00375
898.45,0.0045833
898.5,0.00375
898.55,0.0045833
898.6,0.00375
898.65,0.0066667
898.7,0.0054167
898.75,0.0045833
898.8,0.0075
898.85,0.0070833
898.9,0.0058333
898.95,0.0058333
899,0.00625
899.05,0.0070833
899.1,0.0058333
899.15,0.0041667
899.2,0.005
899.25,0.0054167
899.3,0.0029167
899.35,0.0020833
899.4,0.00375
899.45,0.00125
899.5,0.0025
899.55,0.0029167
899.6,0.0041667
899.65,0.0066667
899.7,0.005
899.75,0.00625
899.8,0.00875
899.85,0.0079167
899.9,0.0075
899.95,0.0079167
900,0.0066667
900.05,0.0075
900.1,0.00625
900.15,0.0045833
900.2,0.0058333
900.25,0.0054167
900.3,0.0020833
900.35,0.00375
900.4,0.00375
900.45,0.0041667
900.5,0.0045833
900.55,0.00375
900.6,0.0058333
900.65,0.00625
900.7,0.0058333
900.75,0.005
900.8,0.0070833
900.85,0.0066667
900.9,0.00625
900.95,0.0070833
901,0.0079167
901.05,0.0070833
901.1,0.0058333
901.15,0.0041667
901.2,0.0054167
901.25,0.0058333
901.3,0.0033333
901.35,0.0029167
901.4,0.00375
901.45,0.00375
901.5,0.0029167
901.55,0.0029167
901.6,0.0045833
901.65,0.0066667
901.7,0.0054167
901.75,0.0058333
901.8,0.00875
901.85,0.00875
901.9,0.0066667
901.95,0.0075
902,0.0083333
902.05,0.0079167
902.1,0.0058333
902.15,0.0045833
902.2,0.0058333
902.25,0.0054167
902.3,0.0029167
902.35,0.0029167
902.4,0.0029167
902.45,0.0029167
902.5,0.0041667
902.55,0.005
902.6,0.0058333
902.65,0.00625
902.7,0.0045833
902.75,0.0054167
902.8,0.0091667
902.85,0.00625
902.9,0.0054167
902.95,0.0058333
903,0.00625
903.05,0.0070833
903.1,0.0058333
903.15,0.0045833
903.2,0.0058333
903.25,0.0045833
903.3,0.0016667
903.35,0.0029167
903.4,0.0029167
903.45,0.0041667
903.5,0.0029167
903.55,0.0041667
903.6,0.0041667
903.65,0.0058333
903.7,0.0058333
903.75,0.0045833
903.8,0.00875
903.85,0.00875
903.9,0.00875
903.95,0.0079167
904,0.0083333
904.05,0.0079167
904.1,0.0058333
904.15,0.00375
904.2,0.0058333
904.25,0.0066667
904.3,0.0029167
904.35,0.0025
904.4,0.0054167
904.45,0.00375
904.5,0.0041667
904.55,0.0041667
904.6,0.005
904.65,0.00625
904.7,0.005
904.75,0.0054167
904.8,0.0075
904.85,0.0075
904.9,0.0066667
904.95,0.0066667
905,0.0075
905.05,0.0066667
905.1,0.00625
905.15,0.0054167
905.2,0.0058333
905.25,0.0058333
905.3,0.0029167
905.35,0.0029167
905.4,0.0033333
905.45,0.0029167
905.5,0.0033333
905.55,0.00375
905.6,0.005
905.65,0.00625
905.7,0.0058333
905.75,0.0058333
905.8,0.0079167
905.85,0.0079167
905.9,0.0070833
905.95,0.0079167
906,0.0079167
906.05,0.0070833
906.1,0.0058333
906.15,0.005
906.2,0.0066667
906.25,0.0058333
906.3,0.0029167
906.35,0.0029167
906.4,0.0041667
906.45,0.0041667
906.5,0.0041667
906.55,0.0041667
906.6,0.0058333
906.65,0.00625
906.7,0.0054167
906.75,0.0054167
906.8,0.00875
906.85,0.0070833
906.9,0.0066667
906.95,0.0079167
907,0.0079167
907.05,0.0070833
907.1,0.0066667
907.15,0.005
907.2,0.0058333
907.25,0.0058333
907.3,0.00375
907.35,0.0029167
907.4,0.0054167
907.45,0.005
907.5,0.00375
907.55,0.0033333
907.6,0.0054167
907.65,0.00625
907.7,0.0054167
907.75,0.0045833
907.8,0.010417
907.85,0.0079167
907.9,0.0079167
907.95,0.0079167
908,0.0079167
908.05,0.0070833
908.1,0.00625
908.15,0.0054167
908.2,0.0058333
908.25,0.005
908.3,0.0029167
908.35,0.00375
908.4,0.0054167
908.45,0.0041667
908.5,0.0045833
908.55,0.0033333
908.6,0.0045833
908.65,0.0066667
908.7,0.0054167
908.75,0.0058333
908.8,0.0075
908.85,0.0079167
908.9,0.0070833
908.95,0.0066667
909,0.0083333
909.05,0.0079167
909.1,0.0058333
909.15,0.0041667
909.2,0.0058333
909.25,0.0058333
909.3,0.0033333
909.35,0.0029167
909.4,0.0041667
909.45,0.0029167
909.5,0.0029167
909.55,0.0029167
909.6,0.0045833
909.65,0.0054167
909.7,0.0041667
909.75,0.0054167
909.8,0.00875
909.85,0.0091667
909.9,0.0083333
909.95,0.0083333
910,0.00875
910.05,0.0075
910.1,0.0058333
910.15,0.005
910.2,0.0058333
910.25,0.0058333
910.3,0.0029167
910.35,0.0033333
910.4,0.0041667
910.45,0.0045833
910.5,0.0029167
910.55,0.0029167
910.6,0.0058333
910.65,0.0066667
910.7,0.0054167
910.75,0.005
910.8,0.0075
910.85,0.0083333
910.9,0.00625
910.95,0.0075
911,0.0066667
911.05,0.0066667
911.1,0.0058333
911.15,0.0045833
911.2,0.0058333
911.25,0.0058333
911.3,0.0029167
911.35,0.0041667
911.4,0.0054167
911.45,0.0020833
911.5,0.0029167
911.55,0.0033333
911.6,0.0041667
911.65,0.0066667
911.7,0.005
911.75,0.0058333
911.8,0.0075
911.85,0.0083333
911.9,0.00625
911.95,0.0083333
912,0.0079167
912.05,0.0075
912.1,0.00625
912.15,0.005
912.2,0.0054167
912.25,0.005
912.3,0.0025
912.35,0.0025
912.4,0.00375
912.45,0.0029167
912.5,0.0033333
912.55,0.00375
912.6,0.0045833
912.65,0.00625
912.7,0.0054167
912.75,0.005
912.8,0.0075
912.85,0.0066667
912.9,0.0058333
912.95,0.0058333
913,0.0070833
913.05,0.0066667
913.1,0.00625
913.15,0.0041667
913.2,0.0066667
913.25,0.00625
913.3,0.00375
913.35,0.0029167
913.4,0.0041667
913.45,0.0025
913.5,0.00375
913.55,0.0033333
913.6,0.0041667
913.65,0.0058333
913.7,0.0041667
913.75,0.005
913.8,0.00875
913.85,0.0083333
913.9,0.0058333
913.95,0.0075
914,0.0075
914.05,0.0079167
914.1,0.0066667
914.15,0.0041667
914.2,0.0058333
914.25,0.0058333
914.3,0.0029167
914.35,0.00375
914.4,0.0045833
914.45,0.0029167
914.5,0.0045833
914.55,0.00375
914.6,0.0041667
914.65,0.0066667
914.7,0.0045833
914.75,0.0033333
914.8,0.0075
914.85,0.0070833
914.9,0.0058333
914.95,0.0075
915,0.00625
915.05,0.00625
915.1,0.0058333
915.15,0.0045833
915.2,0.00625
915.25,0.0045833
915.3,0.0029167
915.35,0.0033333
915.4,0.0029167
915.45,0.0020833
915.5,0.0029167
915.55,0.0033333
915.6,0.0041667
915.65,0.0058333
915.7,0.005
915.75,0.0058333
915.8,0.0079167
915.85,0.0070833
915.9,0.0058333
915.95,0.0079167
916,0.0079167
916.05,0.0079167
916.1,0.0058333
916.15,0.005
916.2,0.00625
916.25,0.0054167
916.3,0.0029167
916.35,0.00375
916.4,0.005
916.45,0.0041667
916.5,0.00375
916.55,0.0041667
916.6,0.0058333
916.65,0.0058333
916.7,0.0054167
916.75,0.0041667
916.8,0.0079167
916.85,0.0066667
916.9,0.0066667
916.95,0.0066667
917,0.0066667
917.05,0.0079167
917.1,0.00625
917.15,0.0045833
917.2,0.0058333
917.25,0.0054167
917.3,0.0025
917.35,0.00375
917.4,0.0041667
917.45,0.0029167
917.5,0.0029167
917.55,0.0033333
917.6,0.0058333
917.65,0.00625
917.7,0.0045833
917.75,0.0054167
917.8,0.0079167
917.85,0.0075
917.9,0.0058333
917.95,0.0079167
918,0.0083333
918.05,0.00625
918.1,0.0058333
918.15,0.0058333
918.2,0.0058333
918.25,0.005
918.3,0.0033333
918.35,0.0033333
918.4,0.00375
918.45,0.0029167
918.5,0.0029167
918.55,0.00375
918.6,0.0045833
918.65,0.00625
918.7,0.0054167
918.75,0.005
918.8,0.0066667
918.85,0.0075
918.9,0.0066667
918.95,0.0070833
919,0.0066667
919.05,0.0066667
919.1,0.0066667
919.15,0.0058333
919.2,0.0058333
919.25,0.0054167
919.3,0.0029167
919.35,0.0029167
919.4,0.0041667
919.45,0.0033333
919.5,0.00375
919.55,0.00375
919.6,0.0045833
919.65,0.0066667
919.7,0.0054167
919.75,0.005
919.8,0.0079167
919.85,0.0075
919.9,0.0066667
919.95,0.0075
920,0.00875
920.05,0.0083333
920.1,0.0058333
920.15,0.0058333
920.2,0.0066667
920.25,0.0058333
920.3,0.0029167
920.35,0.0033333
920.4,0.005
920.45,0.00375
920.5,0.0041667
920.55,0.0041667
920.6,0.005
920.65,0.0058333
920.7,0.0041667
920.75,0.00375
920.8,0.0066667
920.85,0.0070833
920.9,0.00625
920.95,0.0066667
921,0.0066667
921.05,0.0079167
921.1,0.005
921.15,0.0054167
921.2,0.0058333
921.25,0.005
921.3,0.0029167
921.35,0.0025
921.4,0.005
921.45,0.00375
921.5,0.0033333
921.55,0.0033333
921.6,0.0045833
921.65,0.005
921.7,0.0045833
921.75,0.005
921.8,0.0075
921.85,0.0079167
921.9,0.00625
921.95,0.0075
922,0.0079167
922.05,0.0066667
922.1,0.0058333
922.15,0.0058333
922.2,0.0058333
922.25,0.0054167
922.3,0.0025
922.35,0.0033333
922.4,0.0041667
922.45,0.0029167
922.5,0.00375
922.55,0.00375
922.6,0.0041667
922.65,0.0058333
922.7,0.005
922.75,0.0058333
922.8,0.0070833
922.85,0.0075
922.9,0.0058333
922.95,0.0075
923,0.0070833
923.05,0.0070833
923.1,0.00625
923.15,0.0045833
923.2,0.0058333
923.25,0.0058333
923.3,0.0029167
923.35,0.0025
923.4,0.00375
923.45,0.0041667
923.5,0.0029167
923.55,0.0041667
923.6,0.0054167
923.65,0.0058333
923.7,0.005
923.75,0.005
923.8,0.0083333
923.85,0.00875
923.9,0.0070833
923.95,0.0079167
924,0.0070833
924.05,0.0070833
924.1,0.0058333
924.15,0.005
924.2,0.0066667
924.25,0.0058333
924.3,0.0029167
924.35,0.0025
924.4,0.0045833
924.45,0.0041667
924.5,0.00375
924.55,0.0029167
924.6,0.0045833
924.65,0.00625
924.7,0.0054167
924.75,0.0058333
924.8,0.0083333
924.85,0.0079167
924.9,0.0066667
924.95,0.0083333
925,0.0083333
925.05,0.0075
925.1,0.0066667
925.15,0.0041667
925.2,0.00625
925.25,0.0058333
925.3,0.0033333
925.35,0.0041667
925.4,0.0045833
925.45,0.0033333
925.5,0.0029167
925.55,0.0041667
925.6,0.005
925.65,0.0033333
925.7,0.0058333
925.75,0.0045833
925.8,0.0083333
925.85,0.0066667
925.9,0.0070833
925.95,0.00875
926,0.0079167
926.05,0.0070833
926.1,0.00625
926.15,0.0054167
926.2,0.0058333
926.25,0.005
926.3,0.0020833
926.35,0.0029167
926.4,0.00375
926.45,0.0029167
926.5,0.0029167
926.55,0.0033333
926.6,0.0041667
926.65,0.00625
926.7,0.0058333
926.75,0.0054167
926.8,0.0079167
926.85,0.00875
926.9,0.00625
926.95,0.0075
927,0.0079167
927.05,0.0070833
927.1,0.0058333
927.15,0.0041667
927.2,0.0058333
927.25,0.005
927.3,0.0029167
927.35,0.0033333
927.4,0.005
927.45,0.0029167
927.5,0.0033333
927.55,0.0033333
927.6,0.005
927.65,0.0054167
927.7,0.005
927.75,0.0054167
927.8,0.0075
927.85,0.0070833
927.9,0.0070833
927.95,0.0079167
928,0.0079167
928.05,0.0070833
928.1,0.0058333
928.15,0.0054167
928.2,0.00625
928.25,0.0058333
928.3,0.0016667
928.35,0.0029167
928.4,0.0054167
928.45,0.0029167
928.5,0.0029167
928.55,0.0041667
928.6,0.0054167
928.65,0.0058333
928.7,0.0058333
928.75,0.0054167
928.8,0.0083333
928.85,0.0079167
928.9,0.00625
928.95,0.00875
929,0.0075
929.05,0.0070833
929.1,0.00625
929.15,0.0054167
929.2,0.0058333
929.25,0.0054167
929.3,0.0033333
929.35,0.0041667
929.4,0.0041667
929.45,0.0029167
929.5,0.00375
929.55,0.0041667
929.6,0.0058333
929.65,0.00625
929.7,0.0058333
929.75,0.0058333
929.8,0.0083333
929.85,0.0070833
929.9,0.00625
929.95,0.00875
930,0.0083333
930.05,0.0075
930.1,0.0066667
930.15,0.005
930.2,0.0058333
930.25,0.0058333
930.3,0.0029167
930.35,0.0033333
930.4,0.005
930.45,0.0041667
930.5,0.0033333
930.55,0.0033333
930.6,0.005
930.65,0.0058333
930.7,0.0045833
930.75,0.005
930.8,0.0075
930.85,0.0075
930.9,0.0058333
930.95,0.0083333
931,0.0075
931.05,0.0058333
931.1,0.00625
931.15,0.0041667
931.2,0.0058333
931.25,0.0058333
931.3,0.00375
931.35,0.00375
931.4,0.0045833
931.45,0.00375
931.5,0.0025
931.55,0.005
931.6,0.0045833
931.65,0.0058333
931.7,0.0029167
931.75,0.0054167
931.8,0.0070833
931.85,0.0066667
931.9,0.00625
931.95,0.0070833
932,0.0079167
932.05,0.0070833
932.1,0.0058333
932.15,0.0058333
932.2,0.00625
932.25,0.0058333
932.3,0.0033333
932.35,0.0029167
932.4,0.00375
932.45,0.0033333
932.5,0.0029167
932.55,0.0025
932.6,0.00375
932.65,0.0054167
932.7,0.0054167
932.75,0.005
932.8,0.0066667
932.85,0.0070833
932.9,0.0058333
932.95,0.0075
933,0.0075
933.05,0.0066667
933.1,0.0066667
933.15,0.005
933.2,0.0058333
933.25,0.005
933.3,0.0029167
933.35,0.0029167
933.4,0.0029167
933.45,0.0029167
933.5,0.0029167
933.55,0.0041667
933.6,0.0045833
933.65,0.0058333
933.7,0.00375
933.75,0.0041667
933.8,0.0079167
933.85,0.0079167
933.9,0.00625
933.95,0.0075
934,0.0070833
934.05,0.0075
934.1,0.0058333
934.15,0.005
934.2,0.0058333
934.25,0.00625
934.3,0.0020833
934.35,0.0033333
934.4,0.005
934.45,0.0029167
934.5,0.0029167
934.55,0.0029167
934.6,0.005
934.65,0.0058333
934.7,0.0058333
934.75,0.005
934.8,0.0075
934.85,0.0083333
934.9,0.0058333
934.95,0.0070833
935,0.00875
935.05,0.0066667
935.1,0.0058333
935.15,0.0045833
935.2,0.0058333
935.25,0.0045833
935.3,0.00375
935.35,0.0033333
935.4,0.0041667
935.45,0.0041667
935.5,0.0033333
935.55,0.00375
935.6,0.0054167
935.65,0.0058333
935.7,0.0045833
935.75,0.0054167
935.8,0.0070833
935.85,0.0079167
935.9,0.0058333
935.95,0.0083333
936,0.0079167
936.05,0.0066667
936.1,0.0070833
936.15,0.0045833
936.2,0.0058333
936.25,0.0054167
936.3,0.00375
936.35,0.0033333
936.4,0.005
936.45,0.00375
936.5,0.00375
936.55,0.0033333
936.6,0.005
936.65,0.0058333
936.7,0.0054167
936.75,0.0054167
936.8,0.0070833
936.85,0.00625
936.9,0.0066667
936.95,0.0075
937,0.0075
937.05,0.0066667
937.1,0.0058333
937.15,0.005
937.2,0.0058333
937.25,0.0058333
937.3,0.0025
937.35,0.0029167
937.4,0.0045833
937.45,0.0029167
937.5,0.0025
937.55,0.0033333
937.6,0.0041667
937.65,0.0054167
937.7,0.00375
937.75,0.0054167
937.8,0.0070833
937.85,0.0075
937.9,0.0066667
937.95,0.00875
938,0.0083333
938.05,0.0058333
938.1,0.0058333
938.15,0.0054167
938.2,0.0058333
938.25,0.0058333
938.3,0.0025
938.35,0.0029167
938.4,0.005
938.45,0.0029167
938.5,0.0041667
938.55,0.0033333
938.6,0.005
938.65,0.0058333
938.7,0.0045833
938.75,0.0054167
938.8,0.0070833
938.85,0.00625
938.9,0.0058333
938.95,0.0083333
939,0.0075
939.05,0.00625
939.1,0.0066667
939.15,0.005
939.2,0.0066667
939.25,0.0066667
939.3,0.0033333
939.35,0.0041667
939.4,0.005
939.45,0.0029167
939.5,0.0025
939.55,0.0029167
939.6,0.00375
939.65,0.0054167
939.7,0.0054167
939.75,0.0054167
939.8,0.0083333
939.85,0.0075
939.9,0.00625
939.95,0.0070833
940,0.0083333
940.05,0.0070833
940.1,0.0066667
940.15,0.0054167
940.2,0.00625
940.25,0.0058333
940.3,0.0029167
940.35,0.00375
940.4,0.0033333
940.45,0.0029167
940.5,0.0029167
940.55,0.00375
940.6,0.0041667
940.65,0.0058333
940.7,0.005
940.75,0.005
940.8,0.0066667
940.85,0.0083333
940.9,0.0075
940.95,0.00875
941,0.0079167
941.05,0.0066667
941.1,0.0058333
941.15,0.005
941.2,0.0066667
941.25,0.00625
941.3,0.0029167
941.35,0.0029167
941.4,0.0058333
941.45,0.0033333
941.5,0.0029167
941.55,0.0029167
941.6,0.00375
941.65,0.0058333
941.7,0.0058333
941.75,0.005
941.8,0.0083333
941.85,0.0070833
941.9,0.0066667
941.95,0.00875
942,0.0075
942.05,0.0075
942.1,0.00625
942.15,0.0045833
942.2,0.0054167
942.25,0.0070833
942.3,0.0033333
942.35,0.0033333
942.4,0.005
942.45,0.0029167
942.5,0.0033333
942.55,0.005
942.6,0.0045833
942.65,0.0058333
942.7,0.0054167
942.75,0.0054167
942.8,0.0070833
942.85,0.0079167
942.9,0.0058333
942.95,0.0079167
943,0.00875
943.05,0.0083333
943.1,0.0058333
943.15,0.0041667
943.2,0.0058333
943.25,0.0058333
943.3,0.0029167
943.35,0.0033333
943.4,0.0033333
943.45,0.0033333
943.5,0.00875
943.55,0.0033333
943.6,0.0054167
943.65,0.0058333
943.7,0.0058333
943.75,0.0045833
943.8,0.0066667
943.85,0.0079167
943.9,0.0070833
943.95,0.0075
944,0.0079167
944.05,0.0075
944.1,0.0058333
944.15,0.0058333
944.2,0.0058333
944.25,0.00625
944.3,0.022917
944.35,0.0041667
944.4,0.0045833
944.45,0.0029167
944.5,0.00375
944.55,0.0045833
944.6,0.0045833
944.65,0.00625
944.7,0.005
944.75,0.0058333
944.8,0.0075
944.85,0.0075
944.9,0.0066667
944.95,0.0075
945,0.0079167
945.05,0.0079167
945.1,0.00625
945.15,0.0054167
945.2,0.0058333
945.25,0.00625
945.3,0.0033333
945.35,0.0033333
945.4,0.0045833
945.45,0.0029167
945.5,0.0029167
945.55,0.0033333
945.6,0.005
945.65,0.005
945.7,0.0054167
945.75,0.0054167
945.8,0.0083333
945.85,0.0066667
945.9,0.00625
945.95,0.0075
946,0.00875
946.05,0.0075
946.1,0.00625
946.15,0.00375
946.2,0.0058333
946.25,0.005
946.3,0.0033333
946.35,0.00375
946.4,0.0045833
946.45,0.0029167
946.5,0.0029167
946.55,0.0041667
946.6,0.00375
946.65,0.0058333
946.7,0.0054167
946.75,0.005
946.8,0.0083333
946.85,0.0079167
946.9,0.00625
946.95,0.00875
947,0.0083333
947.05,0.0079167
947.1,0.00625
947.15,0.0045833
947.2,0.00625
947.25,0.0054167
947.3,0.0029167
947.35,0.0033333
947.4,0.005
947.45,0.0033333
947.5,0.00375
947.55,0.0029167
947.6,0.005
947.65,0.005
947.7,0.0054167
947.75,0.005
947.8,0.0083333
947.85,0.0066667
947.9,0.0058333
947.95,0.0083333
948,0.0075
948.05,0.0066667
948.1,0.0066667
948.15,0.005
948.2,0.0058333
948.25,0.0058333
948.3,0.0033333
948.35,0.0041667
948.4,0.005
948.45,0.0025
948.5,0.00375
948.55,0.0045833
948.6,0.00375
948.65,0.0058333
948.7,0.0058333
948.75,0.0058333
948.8,0.0075
948.85,0.0079167
948.9,0.0058333
948.95,0.0075
949,0.0083333
949.05,0.0075
949.1,0.0066667
949.15,0.0058333
949.2,0.00625
949.25,0.00625
949.3,0.00375
949.35,0.0029167
949.4,0.0045833
949.45,0.0029167
949.5,0.0033333
949.55,0.00375
949.6,0.005
949.65,0.0058333
949.7,0.005
949.75,0.0054167
949.8,0.0083333
949.85,0.0075
949.9,0.0058333
949.95,0.0070833
950,0.0070833
950.05,0.0070833
950.1,0.00625
950.15,0.0045833
950.2,0.0058333
950.25,0.0058333
950.3,0.0029167
950.35,0.0033333
950.4,0.0033333
950.45,0.0029167
950.5,0.0020833
950.55,0.00375
950.6,0.0045833
950.65,0.0058333
950.7,0.0041667
950.75,0.005
950.8,0.0079167
950.85,0.0075
950.9,0.0058333
950.95,0.0079167
951,0.00875
951.05,0.0075
951.1,0.0054167
951.15,0.0041667
951.2,0.0058333
951.25,0.0058333
951.3,0.0029167
951.35,0.0029167
951.4,0.0041667
951.45,0.0033333
951.5,0.0020833
951.55,0.0033333
951.6,0.0041667
951.65,0.005
951.7,0.0045833
951.75,0.005
951.8,0.0075
951.85,0.0070833
951.9,0.0054167
951.95,0.0083333
952,0.0075
952.05,0.0066667
952.1,0.0066667
952.15,0.005
952.2,0.0066667
952.25,0.0054167
952.3,0.0029167
952.35,0.0025
952.4,0.005
952.45,0.0029167
952.5,0.0029167
952.55,0.00375
952.6,0.0033333
952.65,0.0054167
952.7,0.0041667
952.75,0.0058333
952.8,0.0066667
952.85,0.0083333
952.9,0.00625
952.95,0.0075
953,0.0075
953.05,0.0070833
953.1,0.0058333
953.15,0.0054167
953.2,0.00625
953.25,0.0058333
953.3,0.0020833
953.35,0.0029167
953.4,0.0054167
953.45,0.0029167
953.5,0.0029167
953.55,0.0045833
953.6,0.0041667
953.65,0.0054167
953.7,0.005
953.75,0.005
953.8,0.0070833
953.85,0.0070833
953.9,0.0058333
953.95,0.0079167
954,0.0079167
954.05,0.0070833
954.1,0.0066667
954.15,0.005
954.2,0.00625
954.25,0.0058333
954.3,0.0025
954.35,0.0033333
954.4,0.0058333
954.45,0.0029167
954.5,0.0033333
954.55,0.00375
954.6,0.00375
954.65,0.0066667
954.7,0.005
954.75,0.0045833
954.8,0.0083333
954.85,0.00625
954.9,0.00625
954.95,0.0079167
955,0.00875
955.05,0.00875
955.1,0.0070833
955.15,0.0058333
955.2,0.0058333
955.25,0.0058333
955.3,0.0033333
955.35,0.00375
955.4,0.005
955.45,0.0029167
955.5,0.0025
955.55,0.0041667
955.6,0.0041667
955.65,0.0058333
955.7,0.005
955.75,0.005
955.8,0.0075
955.85,0.0058333
955.9,0.0054167
955.95,0.0079167
956,0.0079167
956.05,0.0058333
956.1,0.0058333
956.15,0.0058333
956.2,0.0058333
956.25,0.0058333
956.3,0.0054167
956.35,0.0029167
956.4,0.0041667
956.45,0.0025
956.5,0.0020833
956.55,0.0033333
956.6,0.0045833
956.65,0.0058333
956.7,0.0045833
956.75,0.0054167
956.8,0.0079167
956.85,0.0075
956.9,0.0058333
956.95,0.0075
957,0.0091667
957.05,0.0070833
957.1,0.0058333
957.15,0.005
957.2,0.0054167
957.25,0.0058333
957.3,0.0029167
957.35,0.0033333
957.4,0.0041667
957.45,0.0025
957.5,0.0025
957.55,0.0033333
957.6,0.0029167
957.65,0.0054167
957.7,0.0045833
957.75,0.0045833
957.8,0.0070833
957.85,0.0075
957.9,0.00625
957.95,0.0070833
958,0.00875
958.05,0.0070833
958.1,0.00625
958.15,0.0054167
958.2,0.0054167
958.25,0.0058333
958.3,0.0033333
958.35,0.0029167
958.4,0.0045833
958.45,0.0029167
958.5,0.0029167
958.55,0.0041667
958.6,0.0041667
958.65,0.00625
958.7,0.0041667
958.75,0.0058333
958.8,0.0075
958.85,0.0070833
958.9,0.0070833
958.95,0.0070833
959,0.0075
959.05,0.0075
959.1,0.0066667
959.15,0.0058333
959.2,0.0058333
959.25,0.0058333
959.3,0.0033333
959.35,0.0041667
959.4,0.0045833
959.45,0.00375
959.5,0.00375
959.55,0.0033333
959.6,0.00375
959.65,0.0058333
959.7,0.005
959.75,0.0054167
959.8,0.0079167
959.85,0.0066667
959.9,0.0058333
959.95,0.0083333
960,0.00875
960.05,0.0083333
960.1,0.0066667
960.15,0.0058333
960.2,0.0066667
960.25,0.0058333
960.3,0.00375
960.35,0.00375
960.4,0.0058333
960.45,0.0029167
960.5,0.0029167
960.55,0.0029167
960.6,0.005
960.65,0.0054167
960.7,0.0054167
960.75,0.0054167
960.8,0.0079167
960.85,0.0083333
960.9,0.0058333
960.95,0.0079167
961,0.0083333
961.05,0.0075
961.1,0.0066667
961.15,0.0058333
961.2,0.0058333
961.25,0.0054167
961.3,0.0029167
961.35,0.005
961.4,0.0041667
961.45,0.0033333
961.5,0.0029167
961.55,0.0029167
961.6,0.00375
961.65,0.0058333
961.7,0.0045833
961.75,0.0054167
961.8,0.0070833
961.85,0.0066667
961.9,0.0058333
961.95,0.0066667
962,0.00875
962.05,0.0070833
962.1,0.0058333
962.15,0.0058333
962.2,0.0058333
962.25,0.00625
962.3,0.0045833
962.35,0.0033333
962.4,0.0054167
962.45,0.0029167
962.5,0.0029167
962.55,0.00375
962.6,0.0045833
962.65,0.0058333
962.7,0.005
962.75,0.0058333
962.8,0.0079167
962.85,0.0079167
962.9,0.0058333
962.95,0.0079167
963,0.00875
963.05,0.00625
963.1,0.0066667
963.15,0.0058333
963.2,0.0058333
963.25,0.0058333
963.3,0.0033333
963.35,0.0045833
963.4,0.005
963.45,0.0033333
963.5,0.0029167
963.55,0.00375
963.6,0.0041667
963.65,0.0054167
963.7,0.00375
963.75,0.0054167
963.8,0.0075
963.85,0.0070833
963.9,0.00625
963.95,0.0083333
964,0.0075
964.05,0.0075
964.1,0.00625
964.15,0.0058333
964.2,0.00625
964.25,0.0054167
964.3,0.0033333
964.35,0.00375
964.4,0.0058333
964.45,0.0029167
964.5,0.0029167
964.55,0.00375
964.6,0.0045833
964.65,0.0058333
964.7,0.005
964.75,0.0058333
964.8,0.0070833
964.85,0.0075
964.9,0.00625
964.95,0.00875
965,0.0075
965.05,0.0079167
965.1,0.0066667
965.15,0.0054167
965.2,0.00625
965.25,0.0058333
965.3,0.00375
965.35,0.00375
965.4,0.0054167
965.45,0.00375
965.5,0.0029167
965.55,0.0033333
965.6,0.0054167
965.65,0.0058333
965.7,0.0054167
965.75,0.0045833
965.8,0.0079167
965.85,0.0070833
965.9,0.0066667
965.95,0.0070833
966,0.00875
966.05,0.0066667
966.1,0.0066667
966.15,0.0054167
966.2,0.0058333
966.25,0.0058333
966.3,0.00375
966.35,0.005
966.4,0.0045833
966.45,0.0033333
966.5,0.0020833
966.55,0.0041667
966.6,0.00375
966.65,0.0033333
966.7,0.0058333
966.75,0.0054167
966.8,0.0070833
966.85,0.0075
966.9,0.0058333
966.95,0.0083333
967,0.00875
967.05,0.0070833
967.1,0.00625
967.15,0.0058333
967.2,0.0066667
967.25,0.0058333
967.3,0.0033333
967.35,0.0041667
967.4,0.0041667
967.45,0.00375
967.5,0.0025
967.55,0.0029167
967.6,0.0054167
967.65,0.0045833
967.7,0.0041667
967.75,0.005
967.8,0.0079167
967.85,0.0075
967.9,0.0054167
967.95,0.0079167
968,0.00875
968.05,0.00875
968.1,0.0070833
968.15,0.0054167
968.2,0.0070833
968.25,0.0058333
968.3,0.0029167
968.35,0.0029167
968.4,0.005
968.45,0.0029167
968.5,-0.005
968.55,
